unix_s,power.draw,power.limit,enforced.power.limit,clocks.sm,clocks.max.sm,clocks.mem,temperature.gpu,utilization.gpu,memory.used,clocks_event_reasons.active
1791328171,12.99, 600.00, 600.00, 172, 3090, 405, 30, 0, 1, 0x0000000000000000
1791328172,13.01, 600.00, 600.00, 180, 3090, 405, 30, 0, 1, 0x0000000000000000
1791328173,13.17, 600.00, 600.00, 180, 3090, 405, 30, 0, 1, 0x0000000000000000
1791328174,13.12, 600.00, 600.00, 180, 3090, 405, 30, 0, 1, 0x0000000000000000
1791328175,12.77, 600.00, 600.00, 180, 3090, 405, 30, 0, 1, 0x0000000000000000
1791328176,12.77, 600.00, 600.00, 180, 3090, 405, 30, 0, 1, 0x0000000000000000
1791328177,13.35, 600.00, 600.00, 180, 3090, 405, 30, 0, 1, 0x0000000000000000
1791328178,13.16, 600.00, 600.00, 180, 3090, 405, 30, 0, 1, 0x0000000000000000
1791328180,13.00, 600.00, 600.00, 180, 3090, 405, 30, 0, 1, 0x0000000000000000
1791328181,13.11, 600.00, 600.00, 180, 3090, 405, 30, 0, 1, 0x0000000000000000
1791328182,12.76, 600.00, 600.00, 180, 3090, 405, 30, 0, 1, 0x0000000000000000
1791328183,12.87, 600.00, 600.00, 180, 3090, 405, 30, 0, 4, 0x0000000000000000
1791328184,14.39, 600.00, 600.00, 180, 3090, 405, 30, 0, 4, 0x0000000000000000
1791328185,14.69, 600.00, 600.00, 180, 3090, 405, 30, 0, 1, 0x0000000000000000
1791328186,15.37, 600.00, 600.00, 180, 3090, 405, 30, 0, 1, 0x0000000000000000
1791328187,14.03, 600.00, 600.00, 180, 3090, 405, 30, 0, 4, 0x0000000000000000
1791328188,29.35, 600.00, 600.00, 2610, 3090, 13365, 31, 0, 1738, 0x0000000000000000
1791328189,78.92, 600.00, 600.00, 2610, 3090, 13365, 32, 0, 1738, 0x0000000000000000
1791328190,84.36, 600.00, 600.00, 2775, 3090, 13365, 32, 1, 34890, 0x0000000000000000
1791328191,97.86, 600.00, 600.00, 2850, 3090, 13365, 33, 9, 34890, 0x0000000000000000
1791328192,97.85, 600.00, 600.00, 2842, 3090, 13365, 33, 8, 34890, 0x0000000000000000
1791328193,98.53, 600.00, 600.00, 2850, 3090, 13365, 33, 8, 34890, 0x0000000000000000
1791328194,98.24, 600.00, 600.00, 2850, 3090, 13365, 33, 8, 34890, 0x0000000000000000
1791328195,98.04, 600.00, 600.00, 2850, 3090, 13365, 34, 9, 34890, 0x0000000000000000
1791328197,98.15, 600.00, 600.00, 2835, 3090, 13365, 34, 8, 34890, 0x0000000000000000
1791328198,97.92, 600.00, 600.00, 2850, 3090, 13365, 34, 8, 34890, 0x0000000000000000
1791328199,86.22, 600.00, 600.00, 2610, 3090, 13365, 33, 0, 35096, 0x0000000000000000
1791328200,78.94, 600.00, 600.00, 2610, 3090, 13365, 33, 0, 35096, 0x0000000000000000
1791328201,78.80, 600.00, 600.00, 2610, 3090, 13365, 33, 0, 35096, 0x0000000000000000
1791328202,78.14, 600.00, 600.00, 2610, 3090, 13365, 33, 0, 35096, 0x0000000000000000
1791328203,78.65, 600.00, 600.00, 2610, 3090, 13365, 33, 0, 35096, 0x0000000000000000
1791328204,78.00, 600.00, 600.00, 2610, 3090, 13365, 33, 0, 35096, 0x0000000000000000
1791328205,78.10, 600.00, 600.00, 2610, 3090, 13365, 33, 0, 35096, 0x0000000000000000
1791328206,92.24, 600.00, 600.00, 2632, 3090, 13365, 34, 1, 36322, 0x0000000000000000
1791328207,114.38, 600.00, 600.00, 2677, 3090, 13365, 38, 0, 36322, 0x0000000000000000
1791328208,136.10, 600.00, 600.00, 2850, 3090, 13365, 35, 0, 36322, 0x0000000000000000
1791328209,153.40, 600.00, 600.00, 2857, 3090, 13365, 37, 15, 36322, 0x0000000000000000
1791328210,74.81, 585.00, 585.00, 2812, 3435, 13365, 34, 0, 36322, 0x0000000000000000
1791328211,113.05, 585.00, 585.00, 2812, 3435, 13365, 35, 0, 36322, 0x0000000000000000
1791328212,117.08, 585.00, 585.00, 2812, 3435, 13365, 35, 0, 36322, 0x0000000000000000
1791328213,113.64, 585.00, 585.00, 2812, 3435, 13365, 35, 0, 36322, 0x0000000000000000
1791328215,113.50, 585.00, 585.00, 2812, 3435, 13365, 35, 0, 36322, 0x0000000000000000
1791328216,93.76, 585.00, 585.00, 2812, 3435, 13365, 35, 0, 36322, 0x0000000000000000
1791328217,93.61, 585.00, 585.00, 2812, 3435, 13365, 35, 0, 36322, 0x0000000000000000
1791328218,69.25, 585.00, 585.00, 2617, 3435, 13365, 34, 0, 36334, 0x0000000000000000
1791328219,67.84, 585.00, 585.00, 2610, 3435, 13365, 34, 0, 36334, 0x0000000000000000
1791328220,67.16, 585.00, 585.00, 2610, 3435, 13365, 34, 0, 36336, 0x0000000000000000
1791328221,67.03, 585.00, 585.00, 2610, 3435, 13365, 34, 0, 36336, 0x0000000000000000
1791328222,67.06, 585.00, 585.00, 2610, 3435, 13365, 34, 0, 36336, 0x0000000000000000
1791328223,66.86, 585.00, 585.00, 2610, 3435, 13365, 34, 0, 36336, 0x0000000000000000
1791328224,72.55, 585.00, 585.00, 2647, 3435, 13365, 35, 0, 37360, 0x0000000000000000
1791328225,206.79, 585.00, 585.00, 2745, 3435, 13365, 38, 0, 37296, 0x0000000000000000
1791328226,93.88, 585.00, 585.00, 2812, 3435, 13365, 35, 0, 36326, 0x0000000000000000
1791328227,72.59, 585.00, 585.00, 2617, 3435, 13365, 35, 0, 41884, 0x0000000000000000
1791328228,67.38, 585.00, 585.00, 2610, 3435, 13365, 35, 1, 42974, 0x0000000000000000
1791328229,67.30, 585.00, 585.00, 2610, 3435, 13365, 35, 0, 42974, 0x0000000000000000
1791328230,67.03, 585.00, 585.00, 2610, 3435, 13365, 35, 0, 42974, 0x0000000000000000
1791328231,69.86, 585.00, 585.00, 2610, 3435, 13365, 35, 0, 42974, 0x0000000000000000
1791328232,66.19, 585.00, 585.00, 2610, 3435, 13365, 35, 0, 42974, 0x0000000000000000
1791328233,65.99, 585.00, 585.00, 2610, 3435, 13365, 35, 0, 42974, 0x0000000000000000
1791328234,65.98, 585.00, 585.00, 2610, 3435, 13365, 35, 0, 42974, 0x0000000000000000
1791328236,65.98, 585.00, 585.00, 2610, 3435, 13365, 35, 0, 42974, 0x0000000000000000
1791328237,66.45, 585.00, 585.00, 2610, 3435, 13365, 35, 0, 42974, 0x0000000000000000
1791328238,66.46, 585.00, 585.00, 2610, 3435, 13365, 35, 0, 42974, 0x0000000000000000
1791328239,66.45, 585.00, 585.00, 2610, 3435, 13365, 35, 0, 42974, 0x0000000000000000
1791328240,66.31, 585.00, 585.00, 2610, 3435, 13365, 35, 0, 42974, 0x0000000000000000
1791328241,66.10, 585.00, 585.00, 2610, 3435, 13365, 35, 0, 42974, 0x0000000000000000
1791328242,65.84, 585.00, 585.00, 2610, 3435, 13365, 35, 0, 42974, 0x0000000000000000
1791328243,66.36, 585.00, 585.00, 2610, 3435, 13365, 35, 0, 42974, 0x0000000000000000
1791328244,66.18, 585.00, 585.00, 2610, 3435, 13365, 35, 0, 42974, 0x0000000000000000
1791328245,66.20, 585.00, 585.00, 2610, 3435, 13365, 35, 0, 42974, 0x0000000000000000
1791328246,66.42, 585.00, 585.00, 2610, 3435, 13365, 35, 0, 42974, 0x0000000000000000
1791328247,66.17, 585.00, 585.00, 2610, 3435, 13365, 35, 0, 42974, 0x0000000000000000
1791328248,79.31, 585.00, 585.00, 2767, 3435, 13365, 38, 0, 42076, 0x0000000000000000
1791328249,262.65, 585.00, 585.00, 2790, 3435, 13365, 40, 70, 42102, 0x0000000000000000
1791328250,261.73, 585.00, 585.00, 2790, 3435, 13365, 40, 70, 43818, 0x0000000000000000
1791328251,254.83, 585.00, 585.00, 2790, 3435, 13365, 40, 67, 43078, 0x0000000000000000
1791328252,259.52, 585.00, 585.00, 2805, 3435, 13365, 44, 75, 43168, 0x0000000000000000
1791328253,272.62, 585.00, 585.00, 2797, 3435, 13365, 44, 91, 43188, 0x0000000000000000
1791328255,263.02, 585.00, 585.00, 2790, 3435, 13365, 42, 91, 42186, 0x0000000000000000
1791328256,267.46, 585.00, 585.00, 2790, 3435, 13365, 42, 73, 43980, 0x0000000000000000
1791328257,260.26, 585.00, 585.00, 2790, 3435, 13365, 42, 78, 43346, 0x0000000000000000
1791328258,278.17, 585.00, 585.00, 2797, 3435, 13365, 45, 96, 43372, 0x0000000000000000
1791328259,273.22, 585.00, 585.00, 2790, 3435, 13365, 44, 80, 44130, 0x0000000000000000
1791328260,277.99, 585.00, 585.00, 2797, 3435, 13365, 43, 88, 42458, 0x0000000000000000
1791328261,286.77, 585.00, 585.00, 2790, 3435, 13365, 44, 78, 43396, 0x0000000000000000
1791328262,276.22, 585.00, 585.00, 2797, 3435, 13365, 44, 87, 43542, 0x0000000000000000
1791328263,268.78, 585.00, 585.00, 2797, 3435, 13365, 47, 39, 43448, 0x0000000000000000
1791328264,272.22, 585.00, 585.00, 2790, 3435, 13365, 44, 73, 42518, 0x0000000000000000
1791328265,277.40, 585.00, 585.00, 2790, 3435, 13365, 44, 77, 44266, 0x0000000000000000
1791328266,285.29, 585.00, 585.00, 2790, 3435, 13365, 45, 92, 44294, 0x0000000000000000
1791328267,274.23, 585.00, 585.00, 2797, 3435, 13365, 47, 78, 43666, 0x0000000000000000
1791328268,257.90, 585.00, 585.00, 2797, 3435, 13365, 48, 87, 42610, 0x0000000000000000
1791328270,275.88, 585.00, 585.00, 2797, 3435, 13365, 45, 77, 44362, 0x0000000000000000
1791328271,283.67, 585.00, 585.00, 2797, 3435, 13365, 46, 92, 44386, 0x0000000000000000
1791328272,270.77, 585.00, 585.00, 2797, 3435, 13365, 48, 81, 42736, 0x0000000000000000
1791328273,273.57, 585.00, 585.00, 2797, 3435, 13365, 46, 76, 42764, 0x0000000000000000
1791328274,273.91, 585.00, 585.00, 2797, 3435, 13365, 49, 96, 42790, 0x0000000000000000
1791328275,263.34, 585.00, 585.00, 2797, 3435, 13365, 46, 55, 43848, 0x0000000000000000
1791328276,276.68, 585.00, 585.00, 2805, 3435, 13365, 50, 94, 43824, 0x0000000000000000
1791328277,271.49, 585.00, 585.00, 2797, 3435, 13365, 47, 84, 44012, 0x0000000000000000
1791328278,280.12, 585.00, 585.00, 2797, 3435, 13365, 47, 78, 44036, 0x0000000000000000
1791328279,279.71, 585.00, 585.00, 2797, 3435, 13365, 46, 82, 44062, 0x0000000000000000
1791328280,269.33, 585.00, 585.00, 2805, 3435, 13365, 46, 94, 43384, 0x0000000000000000
1791328281,270.29, 585.00, 585.00, 2797, 3435, 13365, 47, 78, 43490, 0x0000000000000000
1791328282,274.39, 585.00, 585.00, 2805, 3435, 13365, 49, 95, 43446, 0x0000000000000000
1791328283,266.82, 585.00, 585.00, 2805, 3435, 13365, 51, 87, 44022, 0x0000000000000000
1791328284,268.73, 585.00, 585.00, 2805, 3435, 13365, 49, 87, 43582, 0x0000000000000000
1791328285,266.42, 585.00, 585.00, 2805, 3435, 13365, 49, 96, 44044, 0x0000000000000000
1791328287,264.52, 585.00, 585.00, 2805, 3435, 13365, 50, 87, 43050, 0x0000000000000000
1791328288,264.21, 585.00, 585.00, 2805, 3435, 13365, 47, 78, 44266, 0x0000000000000000
1791328289,267.94, 585.00, 585.00, 2805, 3435, 13365, 49, 86, 44284, 0x0000000000000000
1791328290,272.77, 585.00, 585.00, 2805, 3435, 13365, 50, 94, 44314, 0x0000000000000000
1791328291,262.24, 585.00, 585.00, 2805, 3435, 13365, 48, 77, 44838, 0x0000000000000000
1791328292,263.67, 585.00, 585.00, 2805, 3435, 13365, 49, 78, 44294, 0x0000000000000000
1791328293,267.13, 585.00, 585.00, 2805, 3435, 13365, 49, 82, 43250, 0x0000000000000000
1791328294,266.32, 585.00, 585.00, 2805, 3435, 13365, 50, 89, 43254, 0x0000000000000000
1791328295,267.39, 585.00, 585.00, 2805, 3435, 13365, 50, 93, 43800, 0x0000000000000000
1791328296,265.09, 585.00, 585.00, 2805, 3435, 13365, 48, 77, 44970, 0x0000000000000000
1791328297,261.20, 585.00, 585.00, 2805, 3435, 13365, 49, 77, 43856, 0x0000000000000000
1791328298,263.39, 585.00, 585.00, 2805, 3435, 13365, 49, 80, 43374, 0x0000000000000000
1791328299,263.73, 585.00, 585.00, 2805, 3435, 13365, 50, 81, 43408, 0x0000000000000000
1791328300,266.94, 585.00, 585.00, 2805, 3435, 13365, 50, 81, 43988, 0x0000000000000000
1791328301,264.12, 585.00, 585.00, 2805, 3435, 13365, 50, 56, 43484, 0x0000000000000000
1791328302,276.51, 585.00, 585.00, 2805, 3435, 13365, 51, 93, 45116, 0x0000000000000000
1791328303,270.73, 585.00, 585.00, 2805, 3435, 13365, 51, 93, 44076, 0x0000000000000000
1791328304,267.05, 585.00, 585.00, 2805, 3435, 13365, 51, 94, 44620, 0x0000000000000000
1791328306,265.59, 585.00, 585.00, 2805, 3435, 13365, 51, 92, 44688, 0x0000000000000000
1791328307,268.09, 585.00, 585.00, 2805, 3435, 13365, 51, 85, 44140, 0x0000000000000000
1791328308,267.28, 585.00, 585.00, 2805, 3435, 13365, 51, 71, 44194, 0x0000000000000000
1791328309,261.40, 585.00, 585.00, 2812, 3435, 13365, 51, 77, 44246, 0x0000000000000000
1791328310,238.52, 585.00, 585.00, 2812, 3435, 13365, 51, 88, 44596, 0x0000000000000000
1791328311,243.79, 585.00, 585.00, 2805, 3435, 13365, 51, 76, 44044, 0x0000000000000000
1791328312,196.66, 585.00, 585.00, 2805, 3435, 13365, 49, 32, 43840, 0x0000000000000000
1791328313,196.66, 585.00, 585.00, 2805, 3435, 13365, 47, 32, 43882, 0x0000000000000000
1791328314,78.62, 585.00, 585.00, 2820, 3435, 13365, 47, 0, 43882, 0x0000000000000000
1791328315,71.70, 585.00, 585.00, 2610, 3435, 13365, 47, 0, 43882, 0x0000000000000000
1791328316,69.79, 585.00, 585.00, 2610, 3435, 13365, 47, 0, 43882, 0x0000000000000000
1791328317,69.88, 585.00, 585.00, 2610, 3435, 13365, 46, 0, 43882, 0x0000000000000000
1791328318,69.99, 585.00, 585.00, 2610, 3435, 13365, 46, 0, 43882, 0x0000000000000000
1791328319,69.62, 585.00, 585.00, 2610, 3435, 13365, 46, 0, 43882, 0x0000000000000000
1791328320,69.64, 585.00, 585.00, 2610, 3435, 13365, 46, 0, 43882, 0x0000000000000000
1791328321,69.53, 585.00, 585.00, 2610, 3435, 13365, 46, 0, 43882, 0x0000000000000000
1791328322,69.09, 585.00, 585.00, 2610, 3435, 13365, 46, 0, 43882, 0x0000000000000000
1791328324,69.09, 585.00, 585.00, 2610, 3435, 13365, 46, 0, 43882, 0x0000000000000000
1791328325,68.96, 585.00, 585.00, 2610, 3435, 13365, 45, 0, 43882, 0x0000000000000000
1791328326,69.04, 585.00, 585.00, 2610, 3435, 13365, 45, 0, 43882, 0x0000000000000000
1791328327,68.77, 585.00, 585.00, 2610, 3435, 13365, 45, 0, 43882, 0x0000000000000000
1791328328,68.88, 585.00, 585.00, 2610, 3435, 13365, 45, 0, 43882, 0x0000000000000000
1791328329,69.14, 585.00, 585.00, 2610, 3435, 13365, 45, 0, 43882, 0x0000000000000000
1791328330,46.38, 585.00, 585.00, 525, 3435, 810, 44, 0, 43882, 0x0000000000000000
1791328331,22.24, 585.00, 585.00, 525, 3435, 405, 44, 0, 43882, 0x0000000000000000
1791328332,13.55, 585.00, 585.00, 525, 3435, 405, 43, 0, 43882, 0x0000000000000000
1791328333,13.52, 585.00, 585.00, 525, 3435, 405, 43, 0, 43882, 0x0000000000000000
1791328335,14.28, 585.00, 585.00, 525, 3435, 405, 43, 0, 43882, 0x0000000000000000
1791328336,14.04, 585.00, 585.00, 525, 3435, 405, 42, 0, 43882, 0x0000000000000000
1791328337,13.80, 585.00, 585.00, 517, 3435, 405, 42, 0, 43882, 0x0000000000000000
1791328338,13.85, 585.00, 585.00, 525, 3435, 405, 42, 0, 43882, 0x0000000000000000
1791328339,13.73, 585.00, 585.00, 525, 3435, 405, 42, 0, 43882, 0x0000000000000000
1791328340,13.59, 585.00, 585.00, 525, 3435, 405, 42, 0, 43882, 0x0000000000000000
1791328341,13.78, 585.00, 585.00, 525, 3435, 405, 42, 0, 43882, 0x0000000000000000
1791328342,13.41, 585.00, 585.00, 525, 3435, 405, 42, 0, 43882, 0x0000000000000000
1791328343,24.19, 585.00, 585.00, 2385, 3435, 13365, 43, 8, 43946, 0x0000000000000000
1791328344,89.72, 585.00, 585.00, 2797, 3435, 13365, 44, 11, 44062, 0x0000000000000000
1791328345,90.58, 585.00, 585.00, 2797, 3435, 13365, 43, 7, 44160, 0x0000000000000000
1791328346,76.19, 585.00, 585.00, 2677, 3435, 13365, 43, 0, 44226, 0x0000000000000000
1791328347,72.05, 585.00, 585.00, 2610, 3435, 13365, 43, 0, 44260, 0x0000000000000000
1791328348,78.44, 585.00, 585.00, 2632, 3435, 13365, 43, 0, 44280, 0x0000000000000000
1791328349,71.81, 585.00, 585.00, 2610, 3435, 13365, 43, 0, 44280, 0x0000000000000000
1791328350,75.20, 585.00, 585.00, 2640, 3435, 13365, 43, 0, 87640, 0x0000000000000000
1791328352,129.27, 585.00, 585.00, 2820, 3435, 13365, 43, 0, 88664, 0x0000000000000000
1791328353,103.52, 585.00, 585.00, 2812, 3435, 13365, 43, 0, 88664, 0x0000000000000000
1791328354,77.16, 585.00, 585.00, 2812, 3435, 13365, 43, 0, 88664, 0x0000000000000000
1791328355,72.17, 585.00, 585.00, 2617, 3435, 13365, 43, 0, 88672, 0x0000000000000000
1791328356,78.57, 585.00, 585.00, 2610, 3435, 13365, 42, 0, 88672, 0x0000000000000000
1791328357,69.14, 585.00, 585.00, 2610, 3435, 13365, 42, 0, 88672, 0x0000000000000000
1791328358,70.19, 585.00, 585.00, 2610, 3435, 13365, 42, 0, 88672, 0x0000000000000000
1791328359,68.61, 585.00, 585.00, 2610, 3435, 13365, 42, 0, 88672, 0x0000000000000000
1791328360,172.92, 585.00, 585.00, 2790, 3435, 13365, 46, 0, 87488, 0x0000000000000000
1791328361,259.17, 585.00, 585.00, 2812, 3435, 13365, 46, 71, 87456, 0x0000000000000000
1791328362,250.41, 585.00, 585.00, 2805, 3435, 13365, 47, 64, 89202, 0x0000000000000000
1791328363,273.01, 585.00, 585.00, 2790, 3435, 13365, 47, 69, 87438, 0x0000000000000000
1791328364,282.79, 585.00, 585.00, 2790, 3435, 13365, 48, 77, 87874, 0x0000000000000000
1791328365,259.39, 585.00, 585.00, 2790, 3435, 13365, 47, 69, 89190, 0x0000000000000000
1791328366,278.38, 585.00, 585.00, 2797, 3435, 13365, 51, 84, 87452, 0x0000000000000000
1791328367,274.41, 585.00, 585.00, 2797, 3435, 13365, 50, 96, 89186, 0x0000000000000000
1791328368,287.35, 585.00, 585.00, 2790, 3435, 13365, 48, 78, 89270, 0x0000000000000000
1791328370,291.82, 585.00, 585.00, 2797, 3435, 13365, 50, 98, 88470, 0x0000000000000000
1791328371,282.47, 585.00, 585.00, 2790, 3435, 13365, 49, 78, 88098, 0x0000000000000000
1791328372,281.86, 585.00, 585.00, 2797, 3435, 13365, 51, 97, 89252, 0x0000000000000000
1791328373,278.44, 585.00, 585.00, 2790, 3435, 13365, 50, 79, 87514, 0x0000000000000000
1791328374,281.53, 585.00, 585.00, 2797, 3435, 13365, 50, 88, 87526, 0x0000000000000000
1791328375,284.14, 585.00, 585.00, 2790, 3435, 13365, 50, 79, 89240, 0x0000000000000000
1791328376,277.71, 585.00, 585.00, 2797, 3435, 13365, 51, 87, 89236, 0x0000000000000000
1791328377,288.51, 585.00, 585.00, 2790, 3435, 13365, 50, 77, 87550, 0x0000000000000000
1791328378,263.92, 585.00, 585.00, 2790, 3435, 13365, 50, 54, 89234, 0x0000000000000000
1791328379,263.94, 585.00, 585.00, 2797, 3435, 13365, 53, 95, 87562, 0x0000000000000000
1791328380,277.64, 585.00, 585.00, 2797, 3435, 13365, 51, 91, 88470, 0x0000000000000000
1791328381,272.84, 585.00, 585.00, 2797, 3435, 13365, 53, 77, 88470, 0x0000000000000000
1791328382,284.35, 585.00, 585.00, 2797, 3435, 13365, 51, 83, 87958, 0x0000000000000000
1791328383,277.62, 585.00, 585.00, 2797, 3435, 13365, 54, 89, 89158, 0x0000000000000000
1791328385,271.61, 585.00, 585.00, 2797, 3435, 13365, 51, 78, 89200, 0x0000000000000000
1791328386,283.45, 585.00, 585.00, 2797, 3435, 13365, 53, 95, 89200, 0x0000000000000000
1791328387,279.14, 585.00, 585.00, 2797, 3435, 13365, 54, 77, 88514, 0x0000000000000000
1791328388,283.44, 585.00, 585.00, 2797, 3435, 13365, 52, 78, 87528, 0x0000000000000000
1791328389,260.35, 585.00, 585.00, 2797, 3435, 13365, 53, 69, 88472, 0x0000000000000000
1791328390,280.48, 585.00, 585.00, 2797, 3435, 13365, 52, 78, 88668, 0x0000000000000000
1791328391,264.31, 585.00, 585.00, 2805, 3435, 13365, 55, 94, 88666, 0x0000000000000000
1791328392,273.33, 585.00, 585.00, 2797, 3435, 13365, 53, 80, 88658, 0x0000000000000000
1791328393,277.65, 585.00, 585.00, 2797, 3435, 13365, 52, 78, 88658, 0x0000000000000000
1791328394,271.12, 585.00, 585.00, 2797, 3435, 13365, 55, 75, 88472, 0x0000000000000000
1791328395,257.82, 585.00, 585.00, 2805, 3435, 13365, 52, 77, 87960, 0x0000000000000000
1791328396,273.26, 585.00, 585.00, 2797, 3435, 13365, 53, 74, 87962, 0x0000000000000000
1791328397,265.08, 585.00, 585.00, 2805, 3435, 13365, 55, 85, 87450, 0x0000000000000000
1791328398,268.12, 585.00, 585.00, 2805, 3435, 13365, 52, 77, 88044, 0x0000000000000000
1791328399,272.19, 585.00, 585.00, 2805, 3435, 13365, 53, 77, 87518, 0x0000000000000000
1791328400,263.52, 585.00, 585.00, 2805, 3435, 13365, 54, 93, 88040, 0x0000000000000000
1791328402,269.88, 585.00, 585.00, 2805, 3435, 13365, 55, 82, 88040, 0x0000000000000000
1791328403,266.01, 585.00, 585.00, 2805, 3435, 13365, 53, 77, 87964, 0x0000000000000000
1791328404,269.32, 585.00, 585.00, 2805, 3435, 13365, 54, 78, 88476, 0x0000000000000000
1791328405,264.49, 585.00, 585.00, 2805, 3435, 13365, 54, 83, 87508, 0x0000000000000000
1791328406,256.66, 585.00, 585.00, 2805, 3435, 13365, 55, 84, 88476, 0x0000000000000000
1791328407,262.51, 585.00, 585.00, 2805, 3435, 13365, 54, 77, 89108, 0x0000000000000000
1791328408,267.07, 585.00, 585.00, 2805, 3435, 13365, 55, 92, 89106, 0x0000000000000000
1791328409,270.75, 585.00, 585.00, 2805, 3435, 13365, 56, 93, 88014, 0x0000000000000000
1791328410,265.21, 585.00, 585.00, 2805, 3435, 13365, 56, 85, 87964, 0x0000000000000000
1791328411,255.98, 585.00, 585.00, 2805, 3435, 13365, 54, 77, 88002, 0x0000000000000000
1791328412,257.54, 585.00, 585.00, 2805, 3435, 13365, 55, 79, 87964, 0x0000000000000000
1791328413,275.33, 585.00, 585.00, 2805, 3435, 13365, 55, 84, 88022, 0x0000000000000000
1791328414,277.03, 585.00, 585.00, 2805, 3435, 13365, 55, 93, 87490, 0x0000000000000000
1791328415,270.72, 585.00, 585.00, 2805, 3435, 13365, 55, 91, 87454, 0x0000000000000000
1791328416,276.41, 585.00, 585.00, 2805, 3435, 13365, 54, 84, 88498, 0x0000000000000000
1791328417,254.89, 585.00, 585.00, 2805, 3435, 13365, 57, 83, 87966, 0x0000000000000000
1791328419,265.61, 585.00, 585.00, 2805, 3435, 13365, 57, 84, 87486, 0x0000000000000000
1791328420,269.57, 585.00, 585.00, 2805, 3435, 13365, 57, 85, 88518, 0x0000000000000000
1791328421,272.82, 585.00, 585.00, 2812, 3435, 13365, 57, 88, 87986, 0x0000000000000000
1791328422,247.56, 585.00, 585.00, 2812, 3435, 13365, 56, 71, 88412, 0x0000000000000000
1791328423,265.17, 585.00, 585.00, 2805, 3435, 13365, 55, 83, 88050, 0x0000000000000000
1791328424,203.63, 585.00, 585.00, 2805, 3435, 13365, 53, 51, 87584, 0x0000000000000000
1791328425,110.76, 585.00, 585.00, 2805, 3435, 13365, 51, 13, 87472, 0x0000000000000000
1791328426,92.91, 585.00, 585.00, 2790, 3435, 13365, 51, 12, 87464, 0x0000000000000000
1791328427,87.52, 585.00, 585.00, 2797, 3435, 13365, 51, 8, 87462, 0x0000000000000000
1791328428,86.80, 585.00, 585.00, 2782, 3435, 13365, 51, 9, 87558, 0x0000000000000000
1791328429,90.83, 585.00, 585.00, 2715, 3435, 13365, 50, 13, 87622, 0x0000000000000000
1791328430,79.70, 585.00, 585.00, 2610, 3435, 13365, 50, 7, 87636, 0x0000000000000000
1791328431,73.17, 585.00, 585.00, 2610, 3435, 13365, 50, 0, 87636, 0x0000000000000000
1791328432,80.32, 585.00, 585.00, 2625, 3435, 13365, 50, 0, 87648, 0x0000000000000000
1791328433,267.06, 585.00, 585.00, 2782, 3435, 13365, 53, 73, 87648, 0x0000000000000000
1791328434,292.25, 585.00, 585.00, 2760, 3435, 13365, 56, 82, 87648, 0x0000000000000000
1791328435,310.32, 585.00, 585.00, 2790, 3435, 13365, 54, 80, 87648, 0x0000000000000000
1791328437,282.65, 585.00, 585.00, 2782, 3435, 13365, 56, 78, 87648, 0x0000000000000000
1791328438,285.87, 585.00, 585.00, 2782, 3435, 13365, 53, 85, 87648, 0x0000000000000000
1791328439,283.64, 585.00, 585.00, 2767, 3435, 13365, 54, 65, 87648, 0x0000000000000000
1791328440,268.37, 585.00, 585.00, 2797, 3435, 13365, 57, 52, 87648, 0x0000000000000000
1791328441,203.46, 585.00, 585.00, 2797, 3435, 13365, 57, 43, 87648, 0x0000000000000000
1791328442,265.06, 585.00, 585.00, 2790, 3435, 13365, 54, 70, 87648, 0x0000000000000000
1791328443,203.72, 585.00, 585.00, 2775, 3435, 13365, 56, 70, 87648, 0x0000000000000004
1791328444,196.92, 585.00, 585.00, 2730, 3435, 13365, 58, 54, 87648, 0x0000000000000000
1791328445,196.93, 585.00, 585.00, 2625, 3435, 13365, 60, 45, 87648, 0x0000000000000000
1791328446,202.61, 585.00, 585.00, 2625, 3435, 13365, 59, 38, 87648, 0x0000000000000000
1791328447,197.27, 585.00, 585.00, 2625, 3435, 13365, 59, 30, 87648, 0x0000000000000000
1791328448,221.57, 585.00, 585.00, 2767, 3435, 13365, 54, 0, 87648, 0x0000000000000000
1791328449,175.24, 585.00, 585.00, 2767, 3435, 13365, 53, 0, 87648, 0x0000000000000000
1791328450,159.45, 585.00, 585.00, 2812, 3435, 13365, 57, 4, 87648, 0x0000000000000000
1791328451,228.20, 585.00, 585.00, 2775, 3435, 13365, 56, 60, 87648, 0x0000000000000004
1791328452,222.81, 585.00, 585.00, 2767, 3435, 13365, 55, 88, 87648, 0x0000000000000000
1791328453,191.64, 585.00, 585.00, 2797, 3435, 13365, 53, 62, 87648, 0x0000000000000000
1791328454,267.56, 585.00, 585.00, 2760, 3435, 13365, 58, 70, 87648, 0x0000000000000000
1791328456,328.96, 585.00, 585.00, 2775, 3435, 13365, 58, 51, 87648, 0x0000000000000000
1791328457,289.05, 585.00, 585.00, 2767, 3435, 13365, 54, 52, 87648, 0x0000000000000000
1791328458,225.66, 585.00, 585.00, 2797, 3435, 13365, 52, 0, 87648, 0x0000000000000000
1791328459,217.23, 585.00, 585.00, 2760, 3435, 13365, 54, 45, 87648, 0x0000000000000000
1791328460,190.68, 585.00, 585.00, 2790, 3435, 13365, 59, 62, 87648, 0x0000000000000000
1791328461,204.74, 585.00, 585.00, 2767, 3435, 13365, 53, 0, 87648, 0x0000000000000000
1791328462,217.45, 585.00, 585.00, 2767, 3435, 13365, 53, 15, 87648, 0x0000000000000000
1791328463,253.36, 585.00, 585.00, 2760, 3435, 13365, 60, 74, 87648, 0x0000000000000000
1791328464,365.43, 585.00, 585.00, 2767, 3435, 13365, 56, 81, 87648, 0x0000000000000000
1791328465,296.90, 585.00, 585.00, 2767, 3435, 13365, 56, 58, 87648, 0x0000000000000000
1791328466,249.28, 585.00, 585.00, 2767, 3435, 13365, 54, 36, 87648, 0x0000000000000000
1791328467,215.83, 585.00, 585.00, 2767, 3435, 13365, 55, 61, 87648, 0x0000000000000000
1791328468,203.11, 585.00, 585.00, 2632, 3435, 13365, 59, 55, 87648, 0x0000000000000000
1791328469,209.38, 585.00, 585.00, 2632, 3435, 13365, 60, 28, 87648, 0x0000000000000000
1791328470,199.28, 585.00, 585.00, 2625, 3435, 13365, 58, 3, 87648, 0x0000000000000000
1791328471,202.25, 585.00, 585.00, 2767, 3435, 13365, 53, 10, 87648, 0x0000000000000000
1791328472,213.48, 585.00, 585.00, 2767, 3435, 13365, 56, 76, 87648, 0x0000000000000004
1791328473,204.19, 585.00, 585.00, 2767, 3435, 13365, 53, 0, 87648, 0x0000000000000000
1791328475,216.55, 585.00, 585.00, 2767, 3435, 13365, 54, 42, 87648, 0x0000000000000000
1791328476,201.05, 585.00, 585.00, 2790, 3435, 13365, 61, 42, 87648, 0x0000000000000000
1791328477,178.55, 585.00, 585.00, 2820, 3435, 14001, 53, 75, 1, 0x0000000000000000
1791328478,125.67, 585.00, 585.00, 2820, 3435, 14001, 52, 0, 1, 0x0000000000000000
1791328479,79.07, 585.00, 585.00, 2820, 3435, 14001, 51, 0, 1, 0x0000000000000000
1791328480,41.40, 585.00, 585.00, 525, 3435, 7001, 50, 0, 1, 0x0000000000000000
1791328481,39.85, 585.00, 585.00, 525, 3435, 7001, 50, 0, 1, 0x0000000000000000
1791328482,39.89, 585.00, 585.00, 525, 3435, 7001, 49, 0, 1, 0x0000000000000000
1791328483,39.82, 585.00, 585.00, 525, 3435, 7001, 49, 0, 1, 0x0000000000000000
1791328484,22.99, 585.00, 585.00, 525, 3435, 810, 49, 0, 1, 0x0000000000000000
1791328485,18.83, 585.00, 585.00, 525, 3435, 405, 48, 0, 1, 0x0000000000000000
1791328486,14.46, 585.00, 585.00, 525, 3435, 405, 48, 0, 1, 0x0000000000000000
1791328487,14.69, 585.00, 585.00, 525, 3435, 405, 48, 0, 1, 0x0000000000000000
1791328488,13.91, 585.00, 585.00, 525, 3435, 405, 48, 0, 1, 0x0000000000000000
1791328489,14.61, 585.00, 585.00, 525, 3435, 405, 47, 0, 1, 0x0000000000000000
1791328490,13.98, 585.00, 585.00, 525, 3435, 405, 47, 0, 1, 0x0000000000000000
1791328491,13.98, 585.00, 585.00, 525, 3435, 405, 47, 0, 4, 0x0000000000000000
1791328492,60.35, 585.00, 585.00, 2655, 3435, 13365, 48, 0, 27062, 0x0000000000000000
1791328493,77.25, 585.00, 585.00, 2625, 3435, 13365, 48, 23, 27062, 0x0000000000000000
1791328494,76.12, 585.00, 585.00, 2617, 3435, 13365, 48, 0, 27062, 0x0000000000000000
1791328495,71.07, 585.00, 585.00, 2610, 3435, 13365, 48, 0, 24400, 0x0000000000000000
1791328497,71.09, 585.00, 585.00, 2610, 3435, 13365, 47, 0, 24400, 0x0000000000000000
1791328498,71.09, 585.00, 585.00, 2610, 3435, 13365, 47, 0, 24400, 0x0000000000000000
1791328499,70.15, 585.00, 585.00, 2610, 3435, 13365, 47, 0, 24400, 0x0000000000000000
1791328500,70.12, 585.00, 585.00, 2610, 3435, 13365, 47, 0, 24400, 0x0000000000000000
1791328501,70.41, 585.00, 585.00, 2610, 3435, 13365, 47, 0, 24400, 0x0000000000000000
1791328502,70.14, 585.00, 585.00, 2610, 3435, 13365, 47, 0, 24400, 0x0000000000000000
1791328503,129.11, 585.00, 585.00, 2670, 3435, 13365, 51, 0, 25040, 0x0000000000000000
1791328504,115.06, 585.00, 585.00, 2820, 3435, 13365, 47, 0, 25040, 0x0000000000000000
1791328505,161.01, 585.00, 585.00, 2812, 3435, 13365, 50, 98, 25040, 0x0000000000000000
1791328506,97.46, 585.00, 585.00, 2820, 3435, 13365, 47, 0, 25040, 0x0000000000000000
1791328507,145.14, 585.00, 585.00, 2820, 3435, 13365, 47, 0, 24400, 0x0000000000000000
1791328508,78.36, 585.00, 585.00, 2820, 3435, 13365, 47, 0, 26560, 0x0000000000000000
1791328509,133.57, 585.00, 585.00, 2820, 3435, 13365, 47, 99, 26560, 0x0000000000000000
1791328510,77.79, 585.00, 585.00, 2820, 3435, 13365, 47, 0, 26560, 0x0000000000000000
1791328511,151.52, 585.00, 585.00, 2820, 3435, 13365, 47, 0, 26560, 0x0000000000000000
1791328512,78.25, 585.00, 585.00, 2820, 3435, 13365, 47, 0, 26560, 0x0000000000000000
1791328513,182.04, 585.00, 585.00, 2820, 3435, 13365, 47, 0, 26560, 0x0000000000000000
1791328514,111.54, 585.00, 585.00, 2820, 3435, 13365, 47, 0, 26560, 0x0000000000000000
1791328515,102.57, 585.00, 585.00, 2820, 3435, 13365, 47, 0, 26560, 0x0000000000000000
1791328517,77.20, 585.00, 585.00, 2820, 3435, 13365, 46, 0, 26560, 0x0000000000000000
1791328518,197.58, 585.00, 585.00, 2820, 3435, 13365, 47, 0, 24400, 0x0000000000000000
1791328519,110.82, 585.00, 585.00, 2812, 3435, 13365, 47, 0, 26200, 0x0000000000000000
1791328520,80.72, 585.00, 585.00, 2812, 3435, 13365, 46, 0, 26200, 0x0000000000000000
1791328521,75.94, 585.00, 585.00, 2610, 3435, 13365, 46, 0, 26200, 0x0000000000000000
1791328522,69.38, 585.00, 585.00, 2610, 3435, 13365, 46, 0, 26200, 0x0000000000000000
1791328523,175.69, 585.00, 585.00, 2685, 3435, 13365, 61, 0, 27172, 0x0000000000000004
1791328524,438.90, 585.00, 585.00, 2685, 3435, 13365, 49, 100, 27172, 0x0000000000000000
1791328525,78.34, 585.00, 585.00, 2820, 3435, 13365, 47, 0, 24532, 0x0000000000000000
1791328526,73.66, 585.00, 585.00, 2610, 3435, 13365, 47, 0, 24996, 0x0000000000000000
1791328527,240.94, 585.00, 585.00, 2572, 3435, 13365, 55, 13, 25642, 0x0000000000000004
1791328528,564.53, 585.00, 585.00, 2550, 3435, 13365, 64, 100, 26188, 0x0000000000000004
1791328529,579.99, 585.00, 585.00, 2535, 3435, 13365, 60, 100, 26204, 0x0000000000000004
1791328530,585.13, 585.00, 585.00, 2542, 3435, 13365, 64, 98, 26222, 0x0000000000000004
1791328531,587.91, 585.00, 585.00, 2542, 3435, 13365, 66, 86, 26350, 0x0000000000000004
1791328532,583.92, 585.00, 585.00, 2542, 3435, 13365, 68, 87, 26368, 0x0000000000000004
1791328533,583.94, 585.00, 585.00, 2512, 3435, 13365, 64, 97, 26390, 0x0000000000000004
1791328534,586.71, 585.00, 585.00, 2535, 3435, 13365, 69, 90, 26498, 0x0000000000000004
1791328535,578.53, 585.00, 585.00, 2527, 3435, 13365, 66, 96, 25860, 0x0000000000000004
1791328536,576.42, 585.00, 585.00, 2550, 3435, 13365, 69, 100, 26444, 0x0000000000000004
1791328537,582.77, 585.00, 585.00, 2557, 3435, 13365, 70, 85, 26462, 0x0000000000000004
1791328539,578.91, 585.00, 585.00, 2535, 3435, 13365, 66, 95, 26478, 0x0000000000000004
1791328540,573.04, 585.00, 585.00, 2550, 3435, 13365, 71, 100, 26500, 0x0000000000000004
1791328541,581.38, 585.00, 585.00, 2497, 3435, 13365, 71, 100, 26048, 0x0000000000000004
1791328542,579.64, 585.00, 585.00, 2535, 3435, 13365, 68, 90, 26622, 0x0000000000000004
1791328543,581.81, 585.00, 585.00, 2572, 3435, 13365, 72, 100, 26566, 0x0000000000000004
1791328544,577.98, 585.00, 585.00, 2550, 3435, 13365, 72, 86, 26584, 0x0000000000000004
1791328545,578.14, 585.00, 585.00, 2580, 3435, 13365, 66, 100, 26684, 0x0000000000000004
1791328546,571.19, 585.00, 585.00, 2580, 3435, 13365, 73, 84, 26632, 0x0000000000000004
1791328547,573.16, 585.00, 585.00, 2595, 3435, 13365, 74, 85, 26646, 0x0000000000000004
1791328548,573.41, 585.00, 585.00, 2580, 3435, 13365, 74, 84, 26686, 0x0000000000000004
1791328549,569.40, 585.00, 585.00, 2572, 3435, 13365, 73, 83, 26718, 0x0000000000000004
1791328550,569.73, 585.00, 585.00, 2587, 3435, 13365, 73, 84, 26724, 0x0000000000000004
1791328551,567.98, 585.00, 585.00, 2565, 3435, 13365, 72, 84, 26768, 0x0000000000000004
1791328552,556.00, 585.00, 585.00, 2572, 3435, 13365, 67, 83, 26788, 0x0000000000000004
1791328553,552.26, 585.00, 585.00, 2595, 3435, 13365, 74, 82, 26832, 0x0000000000000004
1791328554,557.77, 585.00, 585.00, 2580, 3435, 13365, 72, 100, 26852, 0x0000000000000004
1791328555,547.13, 585.00, 585.00, 2587, 3435, 13365, 74, 98, 26810, 0x0000000000000004
1791328556,519.95, 585.00, 585.00, 2580, 3435, 13365, 72, 80, 26920, 0x0000000000000004
1791328557,512.06, 585.00, 585.00, 2580, 3435, 13365, 73, 86, 26994, 0x0000000000000004
1791328558,502.90, 585.00, 585.00, 2610, 3435, 13365, 74, 79, 27004, 0x0000000000000004
1791328559,502.87, 585.00, 585.00, 2625, 3435, 13365, 74, 75, 27056, 0x0000000000000004
1791328560,483.86, 585.00, 585.00, 2617, 3435, 13365, 74, 67, 27092, 0x0000000000000004
1791328561,440.83, 585.00, 585.00, 2632, 3435, 13365, 72, 77, 27136, 0x0000000000000004
1791328563,360.73, 585.00, 585.00, 2655, 3435, 13365, 69, 24, 27200, 0x0000000000000000
1791328564,177.71, 585.00, 585.00, 2730, 3435, 13365, 64, 43, 27272, 0x0000000000000000
1791328565,235.62, 585.00, 585.00, 2812, 3435, 13365, 62, 0, 27366, 0x0000000000000000
1791328566,146.29, 585.00, 585.00, 2820, 3435, 13365, 60, 0, 27370, 0x0000000000000000
1791328567,95.15, 585.00, 585.00, 2610, 3435, 13365, 59, 0, 27396, 0x0000000000000000
1791328568,99.54, 585.00, 585.00, 2610, 3435, 13365, 58, 0, 27398, 0x0000000000000000
1791328569,220.93, 585.00, 585.00, 2512, 3435, 13365, 70, 1, 87650, 0x0000000000000004
1791328570,473.17, 585.00, 585.00, 2640, 3435, 13365, 61, 100, 87650, 0x0000000000000000
1791328571,153.45, 585.00, 585.00, 2820, 3435, 13365, 59, 0, 87650, 0x0000000000000000
1791328572,96.57, 585.00, 585.00, 2610, 3435, 13365, 58, 0, 87650, 0x0000000000000000
1791328573,96.62, 585.00, 585.00, 2610, 3435, 13365, 57, 0, 87652, 0x0000000000000000
1791328574,76.70, 585.00, 585.00, 2617, 3435, 13365, 57, 0, 87654, 0x0000000000000000
1791328575,81.85, 585.00, 585.00, 2610, 3435, 13365, 56, 0, 87654, 0x0000000000000000
1791328576,76.40, 585.00, 585.00, 2610, 3435, 13365, 56, 0, 86240, 0x0000000000000000
1791328577,200.89, 585.00, 585.00, 2527, 3435, 13365, 72, 90, 86886, 0x0000000000000004
1791328578,583.25, 585.00, 585.00, 2497, 3435, 13365, 73, 89, 86876, 0x0000000000000004
1791328579,581.57, 585.00, 585.00, 2497, 3435, 13365, 68, 88, 86868, 0x0000000000000004
1791328580,586.09, 585.00, 585.00, 2505, 3435, 13365, 73, 100, 87076, 0x0000000000000004
1791328581,591.32, 585.00, 585.00, 2497, 3435, 13365, 74, 100, 86958, 0x0000000000000004
1791328582,579.22, 585.00, 585.00, 2490, 3435, 13365, 75, 100, 86948, 0x0000000000000004
1791328584,579.27, 585.00, 585.00, 2467, 3435, 13365, 75, 85, 86940, 0x0000000000000004
1791328585,583.84, 585.00, 585.00, 2497, 3435, 13365, 76, 100, 86922, 0x0000000000000004
1791328586,579.34, 585.00, 585.00, 2475, 3435, 13365, 76, 87, 86912, 0x0000000000000004
1791328587,578.04, 585.00, 585.00, 2527, 3435, 13365, 77, 100, 86902, 0x0000000000000004
1791328588,577.63, 585.00, 585.00, 2512, 3435, 13365, 70, 88, 86976, 0x0000000000000004
1791328589,575.90, 585.00, 585.00, 2512, 3435, 13365, 77, 87, 86878, 0x0000000000000004
1791328590,586.75, 585.00, 585.00, 2445, 3435, 13365, 76, 87, 86864, 0x0000000000000004
1791328591,585.37, 585.00, 585.00, 2482, 3435, 13365, 77, 89, 86928, 0x0000000000000004
1791328592,585.23, 585.00, 585.00, 2542, 3435, 13365, 78, 87, 86836, 0x0000000000000004
1791328593,572.00, 585.00, 585.00, 2512, 3435, 13365, 79, 86, 86820, 0x0000000000000004
1791328594,575.88, 585.00, 585.00, 2512, 3435, 13365, 72, 100, 86880, 0x0000000000000004
1791328595,572.70, 585.00, 585.00, 2550, 3435, 13365, 79, 86, 86792, 0x0000000000000004
1791328596,580.37, 585.00, 585.00, 2557, 3435, 13365, 79, 100, 86778, 0x0000000000000004
1791328597,577.82, 585.00, 585.00, 2512, 3435, 13365, 77, 97, 86580, 0x0000000000000004
1791328598,576.72, 585.00, 585.00, 2520, 3435, 13365, 76, 92, 86434, 0x0000000000000004
1791328599,562.09, 585.00, 585.00, 2542, 3435, 13365, 78, 90, 86724, 0x0000000000000004
1791328600,562.48, 585.00, 585.00, 2550, 3435, 13365, 80, 83, 86720, 0x0000000000000004
1791328601,568.30, 585.00, 585.00, 2565, 3435, 13365, 80, 82, 86684, 0x0000000000000004
1791328602,562.31, 585.00, 585.00, 2550, 3435, 13365, 76, 87, 86674, 0x0000000000000004
1791328603,554.99, 585.00, 585.00, 2565, 3435, 13365, 81, 80, 86670, 0x0000000000000004
1791328604,556.73, 585.00, 585.00, 2565, 3435, 13365, 81, 80, 86634, 0x0000000000000004
1791328606,543.63, 585.00, 585.00, 2557, 3435, 13365, 80, 81, 86612, 0x0000000000000004
1791328607,537.91, 585.00, 585.00, 2595, 3435, 13365, 80, 80, 86360, 0x0000000000000004
1791328608,516.79, 585.00, 585.00, 2557, 3435, 13365, 80, 78, 86360, 0x0000000000000004
1791328609,509.37, 585.00, 585.00, 2580, 3435, 13365, 73, 70, 86548, 0x0000000000000004
1791328610,506.91, 585.00, 585.00, 2610, 3435, 13365, 76, 65, 86500, 0x0000000000000004
1791328611,475.81, 585.00, 585.00, 2625, 3435, 13365, 79, 77, 86462, 0x0000000000000004
1791328612,402.34, 585.00, 585.00, 2662, 3435, 13365, 71, 70, 86426, 0x0000000000000004
1791328613,317.26, 585.00, 585.00, 2760, 3435, 13365, 73, 50, 86370, 0x0000000000000004
1791328614,247.93, 585.00, 585.00, 2820, 3435, 13365, 71, 46, 86422, 0x0000000000000004
1791328615,325.90, 585.00, 585.00, 2820, 3435, 13365, 68, 54, 86442, 0x0000000000000000
1791328616,110.18, 585.00, 585.00, 2820, 3435, 13365, 65, 0, 86442, 0x0000000000000000
1791328617,88.36, 585.00, 585.00, 2790, 3435, 13365, 64, 0, 86442, 0x0000000000000000
1791328618,80.86, 585.00, 585.00, 2610, 3435, 13365, 63, 0, 86452, 0x0000000000000000
1791328619,291.12, 585.00, 585.00, 2820, 3435, 13365, 67, 75, 86452, 0x0000000000000000
1791328620,451.72, 585.00, 585.00, 2647, 3435, 13365, 75, 83, 86452, 0x0000000000000004
1791328621,446.18, 585.00, 585.00, 2730, 3435, 13365, 72, 86, 86452, 0x0000000000000000
1791328622,424.26, 585.00, 585.00, 2752, 3435, 13365, 71, 76, 86452, 0x0000000000000004
1791328623,426.71, 585.00, 585.00, 2655, 3435, 13365, 76, 82, 86452, 0x0000000000000004
1791328624,424.91, 585.00, 585.00, 2677, 3435, 13365, 77, 65, 86452, 0x0000000000000000
1791328625,449.48, 585.00, 585.00, 2662, 3435, 13365, 77, 76, 86452, 0x0000000000000004
1791328627,429.70, 585.00, 585.00, 2700, 3435, 13365, 77, 89, 86452, 0x0000000000000000
1791328628,438.40, 585.00, 585.00, 2677, 3435, 13365, 74, 89, 86452, 0x0000000000000000
1791328629,433.43, 585.00, 585.00, 2670, 3435, 13365, 74, 85, 86452, 0x0000000000000000
1791328630,429.69, 585.00, 585.00, 2677, 3435, 13365, 74, 81, 86452, 0x0000000000000000
1791328631,366.42, 585.00, 585.00, 2715, 3435, 13365, 66, 0, 86452, 0x0000000000000004
1791328632,401.60, 585.00, 585.00, 2730, 3435, 13365, 77, 100, 86452, 0x0000000000000004
1791328633,347.18, 585.00, 585.00, 2580, 3435, 13365, 69, 74, 86452, 0x0000000000000000
1791328634,383.17, 585.00, 585.00, 2752, 3435, 13365, 73, 19, 86452, 0x0000000000000004
1791328635,415.30, 585.00, 585.00, 2662, 3435, 13365, 78, 100, 86452, 0x0000000000000004
1791328636,343.78, 585.00, 585.00, 2610, 3435, 13365, 67, 22, 86452, 0x0000000000000000
1791328637,394.36, 585.00, 585.00, 2775, 3435, 13365, 76, 50, 86452, 0x0000000000000004
1791328638,405.99, 585.00, 585.00, 2722, 3435, 13365, 78, 100, 86452, 0x0000000000000000
1791328639,370.14, 585.00, 585.00, 2602, 3435, 13365, 71, 39, 86452, 0x0000000000000000
1791328640,369.23, 585.00, 585.00, 2602, 3435, 13365, 71, 41, 86452, 0x0000000000000000
1791328641,369.87, 585.00, 585.00, 2595, 3435, 13365, 71, 45, 86452, 0x0000000000000000
1791328642,358.07, 585.00, 585.00, 2587, 3435, 13365, 72, 43, 86452, 0x0000000000000000
1791328643,370.48, 585.00, 585.00, 2610, 3435, 13365, 71, 28, 86452, 0x0000000000000000
1791328644,353.60, 585.00, 585.00, 2602, 3435, 13365, 71, 24, 86452, 0x0000000000000000
1791328646,369.83, 585.00, 585.00, 2617, 3435, 13365, 71, 21, 86452, 0x0000000000000000
1791328647,351.31, 585.00, 585.00, 2617, 3435, 13365, 71, 18, 86452, 0x0000000000000000
1791328648,369.63, 585.00, 585.00, 2625, 3435, 13365, 69, 13, 86452, 0x0000000000000000
1791328649,338.42, 585.00, 585.00, 2632, 3435, 13365, 67, 0, 86452, 0x0000000000000000
1791328650,345.16, 585.00, 585.00, 2685, 3435, 13365, 66, 9, 86452, 0x0000000000000000
1791328651,356.60, 585.00, 585.00, 2767, 3435, 13365, 65, 82, 86452, 0x0000000000000004
1791328652,380.17, 585.00, 585.00, 2737, 3435, 13365, 76, 100, 86452, 0x0000000000000004
1791328653,382.85, 585.00, 585.00, 2655, 3435, 13365, 77, 92, 86452, 0x0000000000000004
1791328654,368.14, 585.00, 585.00, 2625, 3435, 13365, 70, 61, 86452, 0x0000000000000000
1791328655,330.49, 585.00, 585.00, 2617, 3435, 13365, 67, 19, 86452, 0x0000000000000000
1791328656,342.17, 585.00, 585.00, 2662, 3435, 13365, 66, 0, 86452, 0x0000000000000000
1791328657,360.35, 585.00, 585.00, 2730, 3435, 13365, 65, 10, 86452, 0x0000000000000000
1791328658,457.61, 585.00, 585.00, 2647, 3435, 13365, 75, 69, 86452, 0x0000000000000000
1791328659,435.82, 585.00, 585.00, 2647, 3435, 13365, 74, 71, 86452, 0x0000000000000004
1791328660,438.41, 585.00, 585.00, 2632, 3435, 13365, 71, 77, 86452, 0x0000000000000004
1791328661,455.77, 585.00, 585.00, 2610, 3435, 13365, 76, 94, 86452, 0x0000000000000004
1791328662,461.12, 585.00, 585.00, 2640, 3435, 13365, 77, 85, 86452, 0x0000000000000004
1791328663,459.71, 585.00, 585.00, 2647, 3435, 13365, 78, 69, 86452, 0x0000000000000000
1791328664,441.40, 585.00, 585.00, 2640, 3435, 13365, 69, 0, 86452, 0x0000000000000000
1791328666,414.81, 585.00, 585.00, 2677, 3435, 13365, 78, 86, 86452, 0x0000000000000004
1791328667,461.70, 585.00, 585.00, 2527, 3435, 13365, 75, 34, 86452, 0x0000000000000000
1791328668,414.48, 585.00, 585.00, 2730, 3435, 13365, 78, 100, 86452, 0x0000000000000004
1791328669,470.24, 585.00, 585.00, 2542, 3435, 13365, 79, 75, 86452, 0x0000000000000004
1791328670,328.10, 585.00, 585.00, 2527, 3435, 13365, 78, 92, 86452, 0x0000000000000004
1791328671,416.33, 585.00, 585.00, 2782, 3435, 13365, 68, 100, 86452, 0x0000000000000000
1791328672,445.80, 585.00, 585.00, 2662, 3435, 13365, 77, 100, 86452, 0x0000000000000004
1791328673,454.94, 585.00, 585.00, 2550, 3435, 13365, 79, 49, 86452, 0x0000000000000000
1791328674,399.60, 585.00, 585.00, 2782, 3435, 13365, 77, 98, 86452, 0x0000000000000004
1791328675,486.32, 585.00, 585.00, 2542, 3435, 13365, 79, 0, 86452, 0x0000000000000004
1791328676,372.86, 585.00, 585.00, 2692, 3435, 13365, 67, 75, 86452, 0x0000000000000004
1791328677,453.72, 585.00, 585.00, 2550, 3435, 13365, 76, 60, 86452, 0x0000000000000004
1791328678,420.36, 585.00, 585.00, 2602, 3435, 13365, 68, 100, 86452, 0x0000000000000000
1791328679,321.83, 585.00, 585.00, 2820, 3435, 14001, 66, 100, 1, 0x0000000000000000
1791328680,102.92, 585.00, 585.00, 2820, 3435, 14001, 64, 0, 1, 0x0000000000000000
1791328681,88.27, 585.00, 585.00, 2062, 3435, 14001, 63, 0, 1, 0x0000000000000000
1791328682,88.27, 585.00, 585.00, 2062, 3435, 14001, 62, 0, 1, 0x0000000000000000
1791328683,45.89, 585.00, 585.00, 525, 3435, 7001, 61, 0, 1, 0x0000000000000000
1791328684,44.69, 585.00, 585.00, 525, 3435, 7001, 61, 0, 1, 0x0000000000000000
1791328685,44.36, 585.00, 585.00, 525, 3435, 7001, 60, 0, 1, 0x0000000000000000
1791328686,35.06, 585.00, 585.00, 517, 3435, 810, 59, 0, 1, 0x0000000000000000
1791328688,21.27, 585.00, 585.00, 525, 3435, 810, 59, 0, 1, 0x0000000000000000
1791328689,19.26, 585.00, 585.00, 525, 3435, 405, 58, 0, 1, 0x0000000000000000
1791328690,16.31, 585.00, 585.00, 525, 3435, 405, 58, 0, 1, 0x0000000000000000
1791328691,16.05, 585.00, 585.00, 525, 3435, 405, 57, 0, 1, 0x0000000000000000
1791328692,16.03, 585.00, 585.00, 525, 3435, 405, 57, 0, 1, 0x0000000000000000
1791328693,15.60, 585.00, 585.00, 525, 3435, 405, 57, 0, 1, 0x0000000000000000
1791328694,15.73, 585.00, 585.00, 525, 3435, 405, 56, 0, 1, 0x0000000000000000
1791328695,16.20, 585.00, 585.00, 525, 3435, 405, 55, 0, 1, 0x0000000000000000
1791328696,15.67, 585.00, 585.00, 525, 3435, 405, 55, 0, 1, 0x0000000000000000
1791328697,15.59, 585.00, 585.00, 525, 3435, 405, 55, 0, 1, 0x0000000000000000
1791328698,15.40, 585.00, 585.00, 517, 3435, 405, 54, 0, 1, 0x0000000000000000
1791328699,16.87, 585.00, 585.00, 525, 3435, 405, 55, 0, 4050, 0x0000000000000000
1791328700,64.21, 585.00, 585.00, 525, 3435, 405, 55, 27, 10672, 0x0000000000000000
1791328701,86.95, 585.00, 585.00, 2632, 3435, 13365, 55, 26, 17320, 0x0000000000000000
1791328702,86.90, 585.00, 585.00, 2632, 3435, 13365, 55, 27, 24148, 0x0000000000000000
1791328703,87.01, 585.00, 585.00, 2632, 3435, 13365, 55, 27, 30142, 0x0000000000000000
1791328704,80.87, 585.00, 585.00, 2610, 3435, 13365, 54, 0, 33230, 0x0000000000000000
1791328705,82.49, 585.00, 585.00, 2617, 3435, 13365, 54, 25, 36600, 0x0000000000000000
1791328706,76.49, 585.00, 585.00, 2617, 3435, 13365, 54, 0, 32348, 0x0000000000000000
1791328707,75.68, 585.00, 585.00, 2610, 3435, 13365, 54, 0, 32348, 0x0000000000000000
1791328708,75.26, 585.00, 585.00, 2610, 3435, 13365, 53, 0, 32348, 0x0000000000000000
1791328709,74.63, 585.00, 585.00, 2610, 3435, 13365, 53, 0, 32348, 0x0000000000000000
1791328710,74.86, 585.00, 585.00, 2610, 3435, 13365, 53, 0, 32348, 0x0000000000000000
1791328712,74.94, 585.00, 585.00, 2610, 3435, 13365, 53, 0, 32348, 0x0000000000000000
1791328713,74.31, 585.00, 585.00, 2610, 3435, 13365, 52, 0, 32348, 0x0000000000000000
1791328714,74.65, 585.00, 585.00, 2610, 3435, 13365, 52, 0, 32348, 0x0000000000000000
1791328715,74.45, 585.00, 585.00, 2610, 3435, 13365, 52, 0, 32348, 0x0000000000000000
1791328716,73.48, 585.00, 585.00, 2610, 3435, 13365, 52, 0, 32348, 0x0000000000000000
1791328717,74.69, 585.00, 585.00, 2610, 3435, 13365, 52, 0, 32348, 0x0000000000000000
1791328718,74.32, 585.00, 585.00, 2610, 3435, 13365, 52, 0, 32348, 0x0000000000000000
1791328719,73.84, 585.00, 585.00, 2610, 3435, 13365, 51, 0, 32348, 0x0000000000000000
1791328720,73.46, 585.00, 585.00, 2610, 3435, 13365, 51, 0, 32348, 0x0000000000000000
1791328721,73.98, 585.00, 585.00, 2610, 3435, 13365, 56, 0, 33372, 0x0000000000000000
1791328722,178.05, 585.00, 585.00, 2820, 3435, 13365, 56, 0, 33372, 0x0000000000000000
1791328723,190.12, 585.00, 585.00, 2812, 3435, 13365, 52, 5, 33500, 0x0000000000000000
1791328724,109.14, 585.00, 585.00, 2820, 3435, 13365, 51, 0, 33628, 0x0000000000000000
1791328725,142.28, 585.00, 585.00, 2820, 3435, 13365, 51, 23, 32348, 0x0000000000000000
1791328726,145.79, 585.00, 585.00, 2812, 3435, 13365, 52, 0, 35456, 0x0000000000000000
1791328727,79.41, 585.00, 585.00, 2820, 3435, 13365, 51, 0, 35456, 0x0000000000000000
1791328728,78.31, 585.00, 585.00, 2670, 3435, 13365, 51, 0, 35458, 0x0000000000000000
1791328729,73.58, 585.00, 585.00, 2610, 3435, 13365, 50, 0, 35458, 0x0000000000000000
1791328730,171.97, 585.00, 585.00, 2812, 3435, 13365, 51, 0, 35458, 0x0000000000000000
1791328732,79.93, 585.00, 585.00, 2820, 3435, 13365, 50, 0, 35458, 0x0000000000000000
1791328733,144.57, 585.00, 585.00, 2812, 3435, 13365, 51, 0, 35458, 0x0000000000000000
1791328734,134.66, 585.00, 585.00, 2812, 3435, 13365, 51, 0, 35458, 0x0000000000000000
1791328735,125.28, 585.00, 585.00, 2820, 3435, 13365, 51, 0, 35458, 0x0000000000000000
1791328736,78.99, 585.00, 585.00, 2820, 3435, 13365, 50, 0, 35458, 0x0000000000000000
1791328737,183.59, 585.00, 585.00, 2820, 3435, 13365, 51, 0, 35678, 0x0000000000000000
1791328738,124.44, 585.00, 585.00, 2820, 3435, 13365, 50, 0, 35678, 0x0000000000000000
1791328739,99.53, 585.00, 585.00, 2685, 3435, 13365, 51, 0, 35678, 0x0000000000000000
1791328740,81.71, 585.00, 585.00, 2820, 3435, 13365, 50, 0, 35678, 0x0000000000000000
1791328741,81.92, 585.00, 585.00, 2820, 3435, 13365, 50, 0, 35678, 0x0000000000000000
1791328742,74.27, 585.00, 585.00, 2610, 3435, 13365, 49, 0, 35678, 0x0000000000000000
1791328743,72.30, 585.00, 585.00, 2610, 3435, 13365, 49, 0, 35678, 0x0000000000000000
1791328744,72.65, 585.00, 585.00, 2610, 3435, 13365, 49, 0, 35678, 0x0000000000000000
1791328745,72.65, 585.00, 585.00, 2610, 3435, 13365, 49, 0, 35678, 0x0000000000000000
1791328746,72.61, 585.00, 585.00, 2610, 3435, 13365, 49, 0, 35678, 0x0000000000000000
1791328747,72.15, 585.00, 585.00, 2610, 3435, 13365, 49, 0, 35678, 0x0000000000000000
1791328748,258.80, 585.00, 585.00, 2565, 3435, 13365, 64, 100, 36014, 0x0000000000000004
1791328749,411.40, 585.00, 585.00, 2820, 3435, 13365, 52, 0, 36026, 0x0000000000000000
1791328750,80.06, 585.00, 585.00, 2820, 3435, 13365, 50, 0, 32528, 0x0000000000000000
1791328751,77.43, 585.00, 585.00, 2610, 3435, 13365, 50, 0, 33172, 0x0000000000000000
1791328752,90.22, 585.00, 585.00, 2602, 3435, 13365, 50, 0, 34250, 0x0000000000000000
1791328753,544.16, 585.00, 585.00, 2445, 3435, 13365, 66, 100, 34312, 0x0000000000000004
1791328755,580.45, 585.00, 585.00, 2422, 3435, 13365, 62, 96, 35396, 0x0000000000000004
1791328756,574.41, 585.00, 585.00, 2452, 3435, 13365, 68, 100, 35406, 0x0000000000000004
1791328757,570.47, 585.00, 585.00, 2377, 3435, 13365, 68, 83, 34378, 0x0000000000000004
1791328758,587.98, 585.00, 585.00, 2460, 3435, 13365, 69, 100, 35426, 0x0000000000000004
1791328759,577.76, 585.00, 585.00, 2377, 3435, 13365, 70, 100, 35438, 0x0000000000000004
1791328760,586.75, 585.00, 585.00, 2422, 3435, 13365, 64, 93, 35528, 0x0000000000000004
1791328761,580.86, 585.00, 585.00, 2467, 3435, 13365, 70, 100, 34474, 0x0000000000000004
1791328762,577.91, 585.00, 585.00, 2475, 3435, 13365, 71, 100, 35476, 0x0000000000000004
1791328763,577.46, 585.00, 585.00, 2430, 3435, 13365, 72, 83, 35568, 0x0000000000000004
1791328764,574.50, 585.00, 585.00, 2355, 3435, 13365, 73, 100, 35506, 0x0000000000000004
1791328765,567.08, 585.00, 585.00, 2422, 3435, 13365, 66, 100, 35588, 0x0000000000000004
1791328766,574.90, 585.00, 585.00, 2475, 3435, 13365, 72, 100, 35528, 0x0000000000000004
1791328767,567.05, 585.00, 585.00, 2467, 3435, 13365, 73, 79, 35538, 0x0000000000000004
1791328768,576.60, 585.00, 585.00, 2430, 3435, 13365, 73, 82, 35624, 0x0000000000000004
1791328769,577.65, 585.00, 585.00, 2415, 3435, 13365, 74, 86, 35564, 0x0000000000000004
1791328770,573.57, 585.00, 585.00, 2407, 3435, 13365, 74, 99, 35574, 0x0000000000000004
1791328771,580.94, 585.00, 585.00, 2392, 3435, 13365, 75, 100, 35654, 0x0000000000000004
1791328772,580.03, 585.00, 585.00, 2400, 3435, 13365, 75, 97, 34746, 0x0000000000000004
1791328773,578.65, 585.00, 585.00, 2407, 3435, 13365, 75, 83, 35684, 0x0000000000000000
1791328774,571.98, 585.00, 585.00, 2370, 3435, 13365, 76, 90, 35630, 0x0000000000000004
1791328775,579.17, 585.00, 585.00, 2407, 3435, 13365, 76, 100, 35636, 0x0000000000000004
1791328776,580.70, 585.00, 585.00, 2445, 3435, 13365, 76, 100, 35658, 0x0000000000000004
1791328777,567.54, 585.00, 585.00, 2460, 3435, 13365, 76, 100, 35674, 0x0000000000000004
1791328779,560.59, 585.00, 585.00, 2430, 3435, 13365, 76, 83, 35748, 0x0000000000000004
1791328780,568.17, 585.00, 585.00, 2430, 3435, 13365, 77, 100, 35702, 0x0000000000000004
1791328781,578.01, 585.00, 585.00, 2445, 3435, 13365, 72, 93, 35778, 0x0000000000000004
1791328782,574.43, 585.00, 585.00, 2415, 3435, 13365, 77, 100, 35732, 0x0000000000000004
1791328783,583.45, 585.00, 585.00, 2430, 3435, 13365, 72, 91, 35802, 0x0000000000000004
1791328784,563.28, 585.00, 585.00, 2430, 3435, 13365, 78, 100, 35764, 0x0000000000000004
1791328785,567.27, 585.00, 585.00, 2437, 3435, 13365, 78, 82, 35834, 0x0000000000000004
1791328786,573.34, 585.00, 585.00, 2445, 3435, 13365, 78, 84, 35798, 0x0000000000000004
1791328787,569.22, 585.00, 585.00, 2430, 3435, 13365, 79, 100, 35864, 0x0000000000000004
1791328788,565.62, 585.00, 585.00, 2437, 3435, 13365, 79, 100, 35834, 0x0000000000000004
1791328789,569.91, 585.00, 585.00, 2437, 3435, 13365, 79, 100, 35892, 0x0000000000000004
1791328790,563.59, 585.00, 585.00, 2437, 3435, 13365, 79, 100, 35862, 0x0000000000000004
1791328791,557.21, 585.00, 585.00, 2430, 3435, 13365, 78, 96, 35926, 0x0000000000000004
1791328792,575.60, 585.00, 585.00, 2445, 3435, 13365, 80, 81, 35908, 0x0000000000000004
1791328793,565.66, 585.00, 585.00, 2415, 3435, 13365, 79, 100, 35390, 0x0000000000000000
1791328794,577.00, 585.00, 585.00, 2437, 3435, 13365, 77, 100, 35436, 0x0000000000000004
1791328795,561.98, 585.00, 585.00, 2467, 3435, 13365, 80, 69, 35610, 0x0000000000000004
1791328796,553.28, 585.00, 585.00, 2430, 3435, 13365, 79, 78, 36020, 0x0000000000000000
1791328797,544.35, 585.00, 585.00, 2437, 3435, 13365, 80, 77, 36008, 0x0000000000000004
1791328798,551.02, 585.00, 585.00, 2482, 3435, 13365, 81, 100, 36036, 0x0000000000000004
1791328799,550.26, 585.00, 585.00, 2460, 3435, 13365, 81, 100, 36060, 0x0000000000000004
1791328801,540.64, 585.00, 585.00, 2452, 3435, 13365, 81, 73, 36116, 0x0000000000000004
1791328802,529.00, 585.00, 585.00, 2460, 3435, 13365, 81, 84, 36076, 0x0000000000000004
1791328803,509.31, 585.00, 585.00, 2512, 3435, 13365, 80, 100, 36138, 0x0000000000000004
1791328804,475.75, 585.00, 585.00, 2490, 3435, 13365, 78, 75, 36172, 0x0000000000000000
1791328805,497.17, 585.00, 585.00, 2512, 3435, 13365, 80, 75, 36200, 0x0000000000000004
1791328806,484.76, 585.00, 585.00, 2550, 3435, 13365, 74, 82, 36228, 0x0000000000000004
1791328807,447.90, 585.00, 585.00, 2565, 3435, 13365, 72, 71, 36274, 0x0000000000000004
1791328808,410.61, 585.00, 585.00, 2535, 3435, 13365, 71, 74, 36314, 0x0000000000000004
1791328809,395.97, 585.00, 585.00, 2662, 3435, 13365, 76, 51, 36332, 0x0000000000000000
1791328810,188.99, 585.00, 585.00, 2745, 3435, 13365, 73, 3, 36356, 0x0000000000000000
1791328811,282.41, 585.00, 585.00, 2685, 3435, 13365, 73, 46, 36492, 0x0000000000000000
1791328812,208.63, 585.00, 585.00, 2820, 3435, 13365, 66, 42, 36568, 0x0000000000000000
1791328813,108.82, 585.00, 585.00, 2820, 3435, 13365, 65, 0, 36592, 0x0000000000000000
1791328814,114.60, 585.00, 585.00, 2820, 3435, 13365, 64, 27, 36606, 0x0000000000000000
1791328815,128.57, 585.00, 585.00, 2820, 3435, 13365, 64, 0, 34826, 0x0000000000000000
1791328816,522.76, 585.00, 585.00, 2257, 3435, 13365, 78, 100, 88078, 0x0000000000000004
1791328817,533.71, 585.00, 585.00, 2430, 3435, 13365, 68, 67, 88082, 0x0000000000000000
1791328818,266.14, 585.00, 585.00, 2460, 3435, 13365, 78, 100, 86398, 0x0000000000000004
1791328819,573.71, 585.00, 585.00, 2347, 3435, 13365, 79, 100, 86394, 0x0000000000000004
1791328820,589.56, 585.00, 585.00, 2430, 3435, 13365, 79, 100, 86300, 0x0000000000000004
1791328822,576.67, 585.00, 585.00, 2310, 3435, 13365, 81, 97, 86286, 0x0000000000000004
1791328823,590.69, 585.00, 585.00, 2422, 3435, 13365, 80, 100, 86360, 0x0000000000000004
1791328824,581.44, 585.00, 585.00, 2347, 3435, 13365, 81, 100, 86262, 0x0000000000000004
1791328825,590.66, 585.00, 585.00, 2355, 3435, 13365, 76, 97, 85236, 0x0000000000000004
1791328826,582.39, 585.00, 585.00, 2400, 3435, 13365, 81, 100, 86318, 0x0000000000000004
1791328827,579.04, 585.00, 585.00, 2287, 3435, 13365, 82, 87, 86230, 0x0000000000000004
1791328828,576.41, 585.00, 585.00, 2392, 3435, 13365, 81, 100, 86290, 0x0000000000000004
1791328829,582.28, 585.00, 585.00, 2422, 3435, 13365, 82, 100, 86204, 0x0000000000000004
1791328830,581.57, 585.00, 585.00, 2407, 3435, 13365, 81, 92, 85236, 0x0000000000000004
1791328831,576.36, 585.00, 585.00, 2355, 3435, 13365, 82, 97, 86256, 0x0000000000000004
1791328832,582.01, 585.00, 585.00, 2340, 3435, 13365, 82, 100, 86172, 0x0000000000000004
1791328833,580.80, 585.00, 585.00, 2392, 3435, 13365, 82, 100, 86158, 0x0000000000000004
1791328834,579.21, 585.00, 585.00, 2407, 3435, 13365, 83, 100, 86218, 0x0000000000000004
1791328835,580.47, 585.00, 585.00, 2407, 3435, 13365, 82, 85, 86136, 0x0000000000000004
1791328836,577.47, 585.00, 585.00, 2392, 3435, 13365, 83, 100, 85238, 0x0000000000000004
1791328837,584.07, 585.00, 585.00, 2370, 3435, 13365, 83, 100, 86102, 0x0000000000000004
1791328838,576.33, 585.00, 585.00, 2355, 3435, 13365, 83, 100, 86092, 0x0000000000000004
1791328839,583.53, 585.00, 585.00, 2340, 3435, 13365, 84, 100, 86146, 0x0000000000000004
1791328840,576.57, 585.00, 585.00, 2317, 3435, 13365, 84, 100, 86064, 0x0000000000000004
1791328841,584.02, 585.00, 585.00, 2355, 3435, 13365, 84, 100, 85984, 0x0000000000000004
1791328842,584.14, 585.00, 585.00, 2385, 3435, 13365, 84, 91, 86036, 0x0000000000000004
1791328844,584.06, 585.00, 585.00, 2407, 3435, 13365, 84, 84, 86028, 0x0000000000000004
1791328845,568.66, 585.00, 585.00, 2407, 3435, 13365, 82, 100, 85286, 0x0000000000000004
1791328846,571.13, 585.00, 585.00, 2362, 3435, 13365, 85, 100, 86000, 0x0000000000000004
1791328847,580.88, 585.00, 585.00, 2415, 3435, 13365, 84, 84, 86040, 0x0000000000000004
1791328848,575.53, 585.00, 585.00, 2370, 3435, 13365, 85, 100, 85972, 0x0000000000000004
1791328849,581.15, 585.00, 585.00, 2385, 3435, 13365, 84, 88, 86006, 0x0000000000000004
1791328850,580.45, 585.00, 585.00, 2400, 3435, 13365, 85, 83, 85934, 0x0000000000000004
1791328851,579.71, 585.00, 585.00, 2400, 3435, 13365, 85, 100, 85972, 0x0000000000000004
1791328852,578.17, 585.00, 585.00, 2392, 3435, 13365, 85, 100, 85900, 0x0000000000000004
1791328853,575.25, 585.00, 585.00, 2377, 3435, 13365, 85, 100, 85358, 0x0000000000000004
1791328854,574.47, 585.00, 585.00, 2407, 3435, 13365, 85, 87, 85872, 0x0000000000000004
1791328855,569.95, 585.00, 585.00, 2407, 3435, 13365, 85, 82, 85896, 0x0000000000000004
1791328856,567.08, 585.00, 585.00, 2400, 3435, 13365, 85, 88, 85836, 0x0000000000000004
1791328857,569.41, 585.00, 585.00, 2415, 3435, 13365, 86, 100, 85866, 0x0000000000000004
1791328858,585.93, 585.00, 585.00, 2392, 3435, 13365, 82, 98, 85802, 0x0000000000000004
1791328859,568.11, 585.00, 585.00, 2377, 3435, 13365, 86, 85, 85822, 0x0000000000000004
1791328860,562.60, 585.00, 585.00, 2407, 3435, 13365, 78, 80, 85344, 0x0000000000000004
1791328861,558.25, 585.00, 585.00, 2392, 3435, 13365, 85, 100, 85242, 0x0000000000000004
1791328862,565.01, 585.00, 585.00, 2430, 3435, 13365, 86, 100, 85752, 0x0000000000000004
1791328863,541.38, 585.00, 585.00, 2422, 3435, 13365, 80, 80, 85692, 0x0000000000000004
1791328864,553.91, 585.00, 585.00, 2392, 3435, 13365, 86, 100, 85244, 0x0000000000000004
1791328865,549.80, 585.00, 585.00, 2475, 3435, 13365, 78, 75, 85678, 0x0000000000000004
1791328866,548.02, 585.00, 585.00, 2475, 3435, 13365, 86, 100, 85622, 0x0000000000000004
1791328867,548.85, 585.00, 585.00, 2490, 3435, 13365, 86, 100, 85600, 0x0000000000000004
1791328869,515.25, 585.00, 585.00, 2490, 3435, 13365, 81, 97, 85246, 0x0000000000000004
1791328870,517.68, 585.00, 585.00, 2430, 3435, 13365, 84, 74, 85246, 0x0000000000000004
1791328871,493.78, 585.00, 585.00, 2475, 3435, 13365, 85, 79, 85494, 0x0000000000000004
1791328872,499.53, 585.00, 585.00, 2512, 3435, 13365, 84, 73, 85246, 0x0000000000000004
1791328873,483.65, 585.00, 585.00, 2535, 3435, 13365, 80, 70, 85250, 0x0000000000000004
1791328874,440.97, 585.00, 585.00, 2520, 3435, 13365, 82, 66, 85396, 0x0000000000000004
1791328875,407.85, 585.00, 585.00, 2550, 3435, 13365, 76, 70, 85346, 0x0000000000000004
1791328876,364.32, 585.00, 585.00, 2692, 3435, 13365, 76, 54, 85250, 0x0000000000000004
1791328877,301.50, 585.00, 585.00, 2767, 3435, 13365, 73, 39, 85254, 0x0000000000000004
1791328878,274.95, 585.00, 585.00, 2715, 3435, 13365, 79, 77, 85322, 0x0000000000000000
1791328879,365.65, 585.00, 585.00, 2632, 3435, 13365, 74, 55, 85328, 0x0000000000000000
1791328880,148.66, 585.00, 585.00, 2820, 3435, 13365, 69, 0, 85334, 0x0000000000000000
1791328881,118.05, 585.00, 585.00, 2820, 3435, 13365, 69, 0, 85334, 0x0000000000000000
1791328882,93.58, 585.00, 585.00, 2707, 3435, 13365, 68, 0, 85334, 0x0000000000000000
1791328883,106.23, 585.00, 585.00, 2707, 3435, 13365, 73, 11, 85344, 0x0000000000000000
1791328884,359.90, 585.00, 585.00, 2820, 3435, 13365, 70, 81, 85344, 0x0000000000000000
1791328885,476.32, 585.00, 585.00, 2640, 3435, 13365, 79, 84, 85344, 0x0000000000000000
1791328886,494.74, 585.00, 585.00, 2587, 3435, 13365, 74, 79, 85344, 0x0000000000000004
1791328887,497.00, 585.00, 585.00, 2572, 3435, 13365, 80, 83, 85344, 0x0000000000000004
1791328888,477.39, 585.00, 585.00, 2535, 3435, 13365, 73, 75, 85344, 0x0000000000000004
1791328890,498.58, 585.00, 585.00, 2557, 3435, 13365, 81, 94, 85344, 0x0000000000000004
1791328891,476.90, 585.00, 585.00, 2565, 3435, 13365, 81, 59, 85344, 0x0000000000000004
1791328892,477.30, 585.00, 585.00, 2520, 3435, 13365, 78, 64, 85344, 0x0000000000000004
1791328893,486.46, 585.00, 585.00, 2550, 3435, 13365, 76, 100, 85344, 0x0000000000000004
1791328894,492.75, 585.00, 585.00, 2565, 3435, 13365, 81, 56, 85344, 0x0000000000000004
1791328895,506.29, 585.00, 585.00, 2527, 3435, 13365, 80, 96, 85344, 0x0000000000000004
1791328896,512.12, 585.00, 585.00, 2535, 3435, 13365, 80, 92, 85344, 0x0000000000000004
1791328897,424.49, 585.00, 585.00, 2730, 3435, 13365, 82, 100, 85344, 0x0000000000000004
1791328898,428.61, 585.00, 585.00, 2557, 3435, 13365, 70, 0, 85344, 0x0000000000000000
1791328899,444.08, 585.00, 585.00, 2475, 3435, 13365, 83, 100, 85344, 0x0000000000000004
1791328900,411.48, 585.00, 585.00, 2767, 3435, 13365, 81, 100, 85344, 0x0000000000000004
1791328901,437.09, 585.00, 585.00, 2497, 3435, 13365, 71, 0, 85344, 0x0000000000000000
1791328902,424.61, 585.00, 585.00, 2535, 3435, 13365, 82, 100, 85344, 0x0000000000000004
1791328903,398.30, 585.00, 585.00, 2767, 3435, 13365, 81, 100, 85344, 0x0000000000000004
1791328904,465.57, 585.00, 585.00, 2460, 3435, 13365, 72, 25, 85344, 0x0000000000000000
1791328905,420.38, 585.00, 585.00, 2587, 3435, 13365, 82, 100, 85344, 0x0000000000000004
1791328906,432.25, 585.00, 585.00, 2550, 3435, 13365, 70, 72, 85344, 0x0000000000000000
1791328907,460.01, 585.00, 585.00, 2527, 3435, 13365, 81, 67, 85344, 0x0000000000000004
1791328908,409.61, 585.00, 585.00, 2767, 3435, 13365, 81, 100, 85344, 0x0000000000000004
1791328909,489.02, 585.00, 585.00, 2767, 3435, 13365, 75, 0, 85344, 0x0000000000000004
1791328911,403.28, 585.00, 585.00, 2730, 3435, 13365, 80, 100, 85344, 0x0000000000000004
1791328912,452.84, 585.00, 585.00, 2490, 3435, 13365, 71, 44, 85344, 0x0000000000000000
1791328913,409.48, 585.00, 585.00, 2640, 3435, 13365, 82, 100, 85344, 0x0000000000000004
1791328914,406.16, 585.00, 585.00, 2572, 3435, 13365, 70, 100, 85344, 0x0000000000000000
1791328915,450.16, 585.00, 585.00, 2490, 3435, 13365, 82, 58, 85344, 0x0000000000000004
1791328916,396.37, 585.00, 585.00, 2730, 3435, 13365, 70, 0, 85344, 0x0000000000000000
1791328917,298.46, 585.00, 585.00, 2820, 3435, 13365, 70, 0, 85344, 0x0000000000000000
1791328918,450.01, 585.00, 585.00, 2602, 3435, 13365, 81, 100, 85344, 0x0000000000000004
1791328919,408.67, 585.00, 585.00, 2625, 3435, 13365, 70, 0, 85344, 0x0000000000000000
1791328920,445.99, 585.00, 585.00, 2505, 3435, 13365, 82, 100, 85344, 0x0000000000000004
1791328921,378.57, 585.00, 585.00, 2685, 3435, 13365, 77, 40, 85344, 0x0000000000000000
1791328922,521.39, 585.00, 585.00, 2677, 3435, 13365, 80, 89, 85344, 0x0000000000000000
1791328923,484.14, 585.00, 585.00, 2677, 3435, 13365, 77, 85, 85344, 0x0000000000000000
1791328924,482.94, 585.00, 585.00, 2700, 3435, 13365, 78, 81, 85344, 0x0000000000000004
1791328925,482.92, 585.00, 585.00, 2655, 3435, 13365, 74, 77, 85344, 0x0000000000000004
1791328926,443.23, 585.00, 585.00, 2617, 3435, 13365, 79, 100, 85344, 0x0000000000000000
1791328927,441.98, 585.00, 585.00, 2700, 3435, 13365, 76, 89, 85344, 0x0000000000000004
1791328928,441.98, 585.00, 585.00, 2700, 3435, 13365, 79, 72, 85344, 0x0000000000000000
1791328929,462.88, 585.00, 585.00, 2625, 3435, 13365, 75, 73, 85344, 0x0000000000000000
1791328930,463.73, 585.00, 585.00, 2647, 3435, 13365, 81, 96, 85344, 0x0000000000000004
1791328932,393.63, 585.00, 585.00, 2722, 3435, 13365, 70, 100, 85344, 0x0000000000000000
1791328933,470.38, 585.00, 585.00, 2587, 3435, 13365, 82, 91, 85344, 0x0000000000000004
1791328934,380.53, 585.00, 585.00, 2812, 3435, 13365, 71, 84, 85344, 0x0000000000000000
1791328935,414.11, 585.00, 585.00, 2745, 3435, 13365, 82, 100, 85344, 0x0000000000000004
1791328936,451.58, 585.00, 585.00, 2640, 3435, 13365, 82, 100, 85344, 0x0000000000000004
1791328937,451.18, 585.00, 585.00, 2512, 3435, 13365, 73, 76, 85344, 0x0000000000000000
1791328938,387.88, 585.00, 585.00, 2812, 3435, 13365, 81, 100, 85344, 0x0000000000000004
1791328939,463.56, 585.00, 585.00, 2467, 3435, 13365, 77, 92, 85344, 0x0000000000000004
1791328940,377.48, 585.00, 585.00, 2745, 3435, 13365, 69, 0, 85344, 0x0000000000000000
1791328941,434.03, 585.00, 585.00, 2595, 3435, 13365, 82, 100, 85344, 0x0000000000000004
1791328942,419.74, 585.00, 585.00, 2550, 3435, 13365, 71, 47, 85344, 0x0000000000000000
1791328943,402.11, 585.00, 585.00, 2775, 3435, 13365, 81, 100, 85344, 0x0000000000000004
1791328944,460.35, 585.00, 585.00, 2467, 3435, 13365, 77, 87, 85344, 0x0000000000000000
1791328945,432.45, 585.00, 585.00, 2662, 3435, 13365, 79, 93, 85344, 0x0000000000000004
1791328946,496.32, 585.00, 585.00, 2437, 3435, 13365, 78, 79, 85344, 0x0000000000000004
1791328947,496.11, 585.00, 585.00, 2535, 3435, 13365, 81, 100, 85344, 0x0000000000000004
1791328948,496.14, 585.00, 585.00, 2490, 3435, 13365, 80, 63, 85344, 0x0000000000000000
1791328949,509.16, 585.00, 585.00, 2520, 3435, 13365, 82, 100, 85344, 0x0000000000000004
1791328951,499.73, 585.00, 585.00, 2467, 3435, 13365, 79, 31, 86846, 0x0000000000000000
1791328952,472.48, 585.00, 585.00, 2602, 3435, 13365, 79, 37, 86846, 0x0000000000000000
1791328953,496.91, 585.00, 585.00, 2617, 3435, 13365, 80, 46, 86846, 0x0000000000000000
1791328954,479.17, 585.00, 585.00, 2632, 3435, 13365, 78, 51, 86846, 0x0000000000000004
1791328955,494.17, 585.00, 585.00, 2632, 3435, 13365, 79, 54, 86846, 0x0000000000000004
1791328956,489.56, 585.00, 585.00, 2422, 3435, 13365, 81, 45, 86846, 0x0000000000000004
1791328957,501.47, 585.00, 585.00, 2422, 3435, 13365, 81, 45, 86846, 0x0000000000000004
1791328958,498.27, 585.00, 585.00, 2625, 3435, 13365, 83, 53, 86846, 0x0000000000000004
1791328959,503.01, 585.00, 585.00, 2422, 3435, 13365, 83, 56, 86846, 0x0000000000000004
1791328960,494.10, 585.00, 585.00, 2422, 3435, 13365, 83, 56, 86846, 0x0000000000000004
1791328961,495.67, 585.00, 585.00, 2415, 3435, 13365, 83, 59, 86846, 0x0000000000000004
1791328962,502.93, 585.00, 585.00, 2415, 3435, 13365, 83, 60, 86846, 0x0000000000000004
1791328963,504.47, 585.00, 585.00, 2415, 3435, 13365, 81, 100, 86846, 0x0000000000000004
1791328964,496.27, 585.00, 585.00, 2415, 3435, 13365, 84, 100, 86846, 0x0000000000000004
1791328965,495.12, 585.00, 585.00, 2662, 3435, 13365, 82, 100, 86846, 0x0000000000000004
1791328966,490.61, 585.00, 585.00, 2662, 3435, 13365, 82, 100, 86846, 0x0000000000000004
1791328967,496.36, 585.00, 585.00, 2662, 3435, 13365, 82, 100, 86846, 0x0000000000000004
1791328968,490.02, 585.00, 585.00, 2662, 3435, 13365, 82, 75, 86846, 0x0000000000000004
1791328970,496.94, 585.00, 585.00, 2662, 3435, 13365, 83, 79, 86846, 0x0000000000000004
1791328971,494.89, 585.00, 585.00, 2670, 3435, 13365, 81, 84, 86846, 0x0000000000000004
1791328972,478.14, 585.00, 585.00, 2460, 3435, 13365, 76, 77, 86846, 0x0000000000000004
1791328973,390.42, 585.00, 585.00, 2805, 3435, 13365, 82, 100, 86846, 0x0000000000000004
1791328974,461.98, 585.00, 585.00, 2452, 3435, 13365, 75, 71, 86846, 0x0000000000000000
1791328975,390.21, 585.00, 585.00, 2760, 3435, 13365, 82, 100, 86846, 0x0000000000000004
1791328976,459.18, 585.00, 585.00, 2452, 3435, 13365, 73, 51, 86846, 0x0000000000000000
1791328977,367.29, 585.00, 585.00, 2715, 3435, 13365, 78, 100, 86846, 0x0000000000000000
1791328978,455.65, 585.00, 585.00, 2475, 3435, 13365, 83, 29, 86846, 0x0000000000000004
1791328979,393.17, 585.00, 585.00, 2760, 3435, 13365, 79, 100, 86846, 0x0000000000000004
1791328980,479.24, 585.00, 585.00, 2467, 3435, 13365, 79, 94, 86846, 0x0000000000000004
1791328981,387.61, 585.00, 585.00, 2805, 3435, 13365, 80, 100, 86846, 0x0000000000000004
1791328982,474.77, 585.00, 585.00, 2452, 3435, 13365, 74, 68, 86846, 0x0000000000000000
1791328983,397.92, 585.00, 585.00, 2737, 3435, 13365, 82, 100, 86846, 0x0000000000000004
1791328984,537.42, 585.00, 585.00, 2572, 3435, 13365, 79, 93, 86846, 0x0000000000000004
1791328985,516.28, 585.00, 585.00, 2572, 3435, 13365, 81, 81, 86846, 0x0000000000000004
1791328986,492.40, 585.00, 585.00, 2632, 3435, 13365, 81, 87, 86846, 0x0000000000000004
1791328987,482.45, 585.00, 585.00, 2437, 3435, 13365, 75, 85, 86846, 0x0000000000000004
1791328989,462.53, 585.00, 585.00, 2557, 3435, 13365, 80, 72, 86846, 0x0000000000000004
1791328990,482.28, 585.00, 585.00, 2437, 3435, 13365, 81, 100, 86846, 0x0000000000000004
1791328991,471.31, 585.00, 585.00, 2565, 3435, 13365, 82, 83, 86846, 0x0000000000000004
1791328992,464.38, 585.00, 585.00, 2535, 3435, 13365, 82, 50, 86846, 0x0000000000000004
1791328993,492.14, 585.00, 585.00, 2437, 3435, 13365, 75, 85, 86846, 0x0000000000000004
1791328994,462.23, 585.00, 585.00, 2527, 3435, 13365, 81, 55, 86846, 0x0000000000000004
1791328995,476.02, 585.00, 585.00, 2505, 3435, 13365, 84, 100, 86846, 0x0000000000000004
1791328996,492.06, 585.00, 585.00, 2692, 3435, 13365, 82, 100, 86846, 0x0000000000000004
1791328997,493.69, 585.00, 585.00, 2482, 3435, 13365, 82, 100, 86846, 0x0000000000000004
1791328998,503.90, 585.00, 585.00, 2482, 3435, 13365, 82, 100, 86846, 0x0000000000000004
1791328999,490.97, 585.00, 585.00, 2475, 3435, 13365, 84, 100, 86846, 0x0000000000000004
1791329000,500.92, 585.00, 585.00, 2475, 3435, 13365, 84, 90, 86846, 0x0000000000000004
1791329001,502.19, 585.00, 585.00, 2460, 3435, 13365, 84, 57, 86846, 0x0000000000000004
1791329002,502.19, 585.00, 585.00, 2460, 3435, 13365, 83, 25, 86846, 0x0000000000000004
1791329003,486.56, 585.00, 585.00, 2437, 3435, 13365, 84, 0, 86846, 0x0000000000000004
1791329004,485.61, 585.00, 585.00, 2445, 3435, 13365, 82, 0, 86846, 0x0000000000000004
1791329005,494.95, 585.00, 585.00, 2452, 3435, 13365, 78, 8, 86846, 0x0000000000000004
1791329006,488.75, 585.00, 585.00, 2437, 3435, 13365, 76, 78, 86846, 0x0000000000000004
1791329007,488.98, 585.00, 585.00, 2460, 3435, 13365, 84, 100, 86846, 0x0000000000000004
1791329008,484.57, 585.00, 585.00, 2497, 3435, 13365, 84, 100, 86846, 0x0000000000000004
1791329009,488.53, 585.00, 585.00, 2692, 3435, 13365, 85, 100, 86846, 0x0000000000000004
1791329011,485.80, 585.00, 585.00, 2505, 3435, 13365, 83, 100, 86846, 0x0000000000000004
1791329012,478.26, 585.00, 585.00, 2490, 3435, 13365, 84, 100, 86846, 0x0000000000000004
1791329013,484.72, 585.00, 585.00, 2482, 3435, 13365, 84, 100, 86846, 0x0000000000000004
1791329014,471.27, 585.00, 585.00, 2617, 3435, 13365, 84, 92, 86846, 0x0000000000000004
1791329015,483.13, 585.00, 585.00, 2437, 3435, 13365, 83, 70, 86846, 0x0000000000000000
1791329016,312.70, 585.00, 585.00, 2752, 3435, 14001, 70, 0, 1, 0x0000000000000000
1791329017,106.99, 585.00, 585.00, 2820, 3435, 14001, 69, 0, 1, 0x0000000000000000
1791329018,93.93, 585.00, 585.00, 2820, 3435, 14001, 67, 0, 1, 0x0000000000000000
1791329019,53.26, 585.00, 585.00, 2820, 3435, 14001, 66, 0, 1, 0x0000000000000000
1791329020,52.22, 585.00, 585.00, 525, 3435, 7001, 66, 0, 1, 0x0000000000000000
1791329021,51.04, 585.00, 585.00, 525, 3435, 7001, 65, 0, 1, 0x0000000000000000
1791329022,49.26, 585.00, 585.00, 525, 3435, 7001, 64, 0, 1, 0x0000000000000000
1791329023,27.60, 585.00, 585.00, 525, 3435, 810, 64, 0, 1, 0x0000000000000000
1791329024,17.06, 585.00, 585.00, 525, 3435, 405, 63, 0, 1, 0x0000000000000000
1791329025,17.01, 585.00, 585.00, 525, 3435, 405, 62, 0, 1, 0x0000000000000000
1791329026,16.85, 585.00, 585.00, 525, 3435, 405, 62, 0, 1, 0x0000000000000000
1791329027,16.88, 585.00, 585.00, 525, 3435, 405, 61, 0, 1, 0x0000000000000000
1791329028,16.72, 585.00, 585.00, 525, 3435, 405, 61, 0, 1, 0x0000000000000000
1791329029,16.30, 585.00, 585.00, 525, 3435, 405, 60, 0, 1, 0x0000000000000000
1791329030,16.30, 585.00, 585.00, 525, 3435, 405, 59, 0, 1, 0x0000000000000000
1791329031,17.13, 585.00, 585.00, 525, 3435, 405, 59, 0, 1, 0x0000000000000000
1791329033,34.95, 585.00, 585.00, 1942, 3435, 13365, 59, 0, 842, 0x0000000000000000
1791329034,80.52, 585.00, 585.00, 2610, 3435, 13365, 59, 0, 25142, 0x0000000000000000
1791329035,78.36, 585.00, 585.00, 2610, 3435, 13365, 59, 0, 27062, 0x0000000000000000
1791329036,80.93, 585.00, 585.00, 2632, 3435, 13365, 59, 27, 27062, 0x0000000000000000
1791329037,83.00, 585.00, 585.00, 2617, 3435, 13365, 58, 28, 27062, 0x0000000000000000
1791329038,78.65, 585.00, 585.00, 2610, 3435, 13365, 58, 0, 24400, 0x0000000000000000
1791329039,77.99, 585.00, 585.00, 2610, 3435, 13365, 58, 0, 27050, 0x0000000000000000
1791329040,379.00, 585.00, 585.00, 2355, 3435, 13365, 72, 99, 27052, 0x0000000000000004
1791329041,125.73, 585.00, 585.00, 2820, 3435, 13365, 59, 0, 24444, 0x0000000000000000
1791329042,261.09, 585.00, 585.00, 2520, 3435, 13365, 74, 96, 26138, 0x0000000000000004
1791329043,585.05, 585.00, 585.00, 2490, 3435, 13365, 75, 90, 25510, 0x0000000000000004
1791329044,583.12, 585.00, 585.00, 2482, 3435, 13365, 75, 87, 26176, 0x0000000000000004
1791329045,581.85, 585.00, 585.00, 2475, 3435, 13365, 76, 89, 26194, 0x0000000000000004
1791329046,585.62, 585.00, 585.00, 2482, 3435, 13365, 76, 100, 26318, 0x0000000000000004
1791329047,585.82, 585.00, 585.00, 2490, 3435, 13365, 77, 100, 26334, 0x0000000000000004
1791329048,586.70, 585.00, 585.00, 2490, 3435, 13365, 77, 100, 26358, 0x0000000000000004
1791329049,578.38, 585.00, 585.00, 2452, 3435, 13365, 77, 87, 25790, 0x0000000000000004
1791329050,589.37, 585.00, 585.00, 2497, 3435, 13365, 78, 100, 26388, 0x0000000000000004
1791329051,577.20, 585.00, 585.00, 2475, 3435, 13365, 76, 87, 26410, 0x0000000000000004
1791329052,577.02, 585.00, 585.00, 2475, 3435, 13365, 78, 100, 25940, 0x0000000000000004
1791329053,558.96, 585.00, 585.00, 2490, 3435, 13365, 79, 95, 26532, 0x0000000000000004
1791329054,577.12, 585.00, 585.00, 2497, 3435, 13365, 77, 100, 26466, 0x0000000000000004
1791329055,584.09, 585.00, 585.00, 2452, 3435, 13365, 73, 97, 25980, 0x0000000000000004
1791329057,581.99, 585.00, 585.00, 2460, 3435, 13365, 73, 93, 26582, 0x0000000000000004
1791329058,580.16, 585.00, 585.00, 2512, 3435, 13365, 79, 100, 26524, 0x0000000000000004
1791329059,583.52, 585.00, 585.00, 2467, 3435, 13365, 81, 100, 26546, 0x0000000000000004
1791329060,582.97, 585.00, 585.00, 2512, 3435, 13365, 80, 87, 26122, 0x0000000000000004
1791329061,576.12, 585.00, 585.00, 2527, 3435, 13365, 81, 100, 26592, 0x0000000000000004
1791329062,573.55, 585.00, 585.00, 2542, 3435, 13365, 75, 86, 26614, 0x0000000000000004
1791329063,582.23, 585.00, 585.00, 2527, 3435, 13365, 81, 100, 26630, 0x0000000000000004
1791329064,583.46, 585.00, 585.00, 2527, 3435, 13365, 79, 100, 26672, 0x0000000000000004
1791329065,551.84, 585.00, 585.00, 2527, 3435, 13365, 78, 84, 26678, 0x0000000000000004
1791329066,576.87, 585.00, 585.00, 2527, 3435, 13365, 82, 93, 26720, 0x0000000000000004
1791329067,575.09, 585.00, 585.00, 2527, 3435, 13365, 83, 83, 26758, 0x0000000000000004
1791329068,566.39, 585.00, 585.00, 2535, 3435, 13365, 82, 98, 26772, 0x0000000000000004
1791329069,565.86, 585.00, 585.00, 2550, 3435, 13365, 81, 80, 26818, 0x0000000000000004
1791329070,551.05, 585.00, 585.00, 2557, 3435, 13365, 75, 84, 26836, 0x0000000000000004
1791329071,545.09, 585.00, 585.00, 2550, 3435, 13365, 81, 82, 26866, 0x0000000000000004
1791329072,538.71, 585.00, 585.00, 2587, 3435, 13365, 79, 81, 26898, 0x0000000000000004
1791329073,526.58, 585.00, 585.00, 2550, 3435, 13365, 81, 80, 26742, 0x0000000000000004
1791329074,522.86, 585.00, 585.00, 2580, 3435, 13365, 82, 81, 27000, 0x0000000000000004
1791329075,507.53, 585.00, 585.00, 2580, 3435, 13365, 79, 73, 27030, 0x0000000000000004
1791329076,466.48, 585.00, 585.00, 2625, 3435, 13365, 77, 72, 26988, 0x0000000000000004
1791329077,419.43, 585.00, 585.00, 2655, 3435, 13365, 74, 67, 27098, 0x0000000000000000
1791329078,325.95, 585.00, 585.00, 2752, 3435, 13365, 72, 48, 27252, 0x0000000000000000
1791329079,237.42, 585.00, 585.00, 2820, 3435, 13365, 69, 46, 27370, 0x0000000000000000
1791329080,163.17, 585.00, 585.00, 2820, 3435, 13365, 67, 0, 85314, 0x0000000000000000
1791329082,122.96, 585.00, 585.00, 2610, 3435, 13365, 77, 58, 87922, 0x0000000000000004
1791329083,567.58, 585.00, 585.00, 2265, 3435, 13365, 75, 85, 87926, 0x0000000000000004
1791329084,335.19, 585.00, 585.00, 2482, 3435, 13365, 80, 100, 87164, 0x0000000000000004
1791329085,588.66, 585.00, 585.00, 2437, 3435, 13365, 81, 100, 87156, 0x0000000000000004
1791329086,584.09, 585.00, 585.00, 2430, 3435, 13365, 82, 100, 87146, 0x0000000000000004
1791329087,584.09, 585.00, 585.00, 2430, 3435, 13365, 83, 90, 87138, 0x0000000000000004
1791329088,583.15, 585.00, 585.00, 2437, 3435, 13365, 83, 88, 87238, 0x0000000000000004
1791329089,585.42, 585.00, 585.00, 2437, 3435, 13365, 83, 100, 87230, 0x0000000000000004
1791329090,590.50, 585.00, 585.00, 2415, 3435, 13365, 83, 100, 87218, 0x0000000000000004
1791329091,577.74, 585.00, 585.00, 2407, 3435, 13365, 82, 100, 87190, 0x0000000000000004
1791329092,582.10, 585.00, 585.00, 2445, 3435, 13365, 84, 88, 87192, 0x0000000000000004
1791329093,585.21, 585.00, 585.00, 2437, 3435, 13365, 83, 100, 87182, 0x0000000000000004
1791329094,581.57, 585.00, 585.00, 2452, 3435, 13365, 84, 87, 86626, 0x0000000000000004
1791329095,579.97, 585.00, 585.00, 2460, 3435, 13365, 80, 100, 87248, 0x0000000000000004
1791329096,588.46, 585.00, 585.00, 2482, 3435, 13365, 84, 87, 87142, 0x0000000000000004
1791329097,586.04, 585.00, 585.00, 2430, 3435, 13365, 84, 88, 87136, 0x0000000000000004
1791329098,579.97, 585.00, 585.00, 2422, 3435, 13365, 85, 84, 87198, 0x0000000000000004
1791329099,581.75, 585.00, 585.00, 2475, 3435, 13365, 85, 90, 87106, 0x0000000000000004
1791329100,582.55, 585.00, 585.00, 2437, 3435, 13365, 85, 86, 86628, 0x0000000000000004
1791329101,581.46, 585.00, 585.00, 2520, 3435, 13365, 85, 100, 87152, 0x0000000000000004
1791329102,577.75, 585.00, 585.00, 2520, 3435, 13365, 85, 83, 87064, 0x0000000000000004
1791329104,582.89, 585.00, 585.00, 2542, 3435, 13365, 85, 100, 87050, 0x0000000000000004
1791329105,574.68, 585.00, 585.00, 2475, 3435, 13365, 86, 97, 87026, 0x0000000000000004
1791329106,584.08, 585.00, 585.00, 2490, 3435, 13365, 85, 100, 87026, 0x0000000000000004
1791329107,573.78, 585.00, 585.00, 2527, 3435, 13365, 85, 100, 86994, 0x0000000000000004
1791329108,571.72, 585.00, 585.00, 2535, 3435, 13365, 85, 84, 86992, 0x0000000000000004
1791329109,577.78, 585.00, 585.00, 2527, 3435, 13365, 84, 83, 86956, 0x0000000000000004
1791329110,573.13, 585.00, 585.00, 2527, 3435, 13365, 85, 82, 86944, 0x0000000000000004
1791329111,574.12, 585.00, 585.00, 2542, 3435, 13365, 86, 89, 86924, 0x0000000000000004
1791329112,564.64, 585.00, 585.00, 2550, 3435, 13365, 86, 82, 86906, 0x0000000000000004
1791329113,543.36, 585.00, 585.00, 2535, 3435, 13365, 86, 81, 86884, 0x0000000000000004
1791329114,549.96, 585.00, 585.00, 2557, 3435, 13365, 81, 81, 86866, 0x0000000000000004
1791329115,510.88, 585.00, 585.00, 2572, 3435, 13365, 84, 79, 86818, 0x0000000000000004
1791329116,516.35, 585.00, 585.00, 2587, 3435, 13365, 81, 80, 86812, 0x0000000000000004
1791329117,499.68, 585.00, 585.00, 2572, 3435, 13365, 83, 79, 86798, 0x0000000000000004
1791329118,474.42, 585.00, 585.00, 2572, 3435, 13365, 83, 78, 86636, 0x0000000000000004
1791329119,436.05, 585.00, 585.00, 2640, 3435, 13365, 77, 76, 86658, 0x0000000000000004
1791329120,401.48, 585.00, 585.00, 2632, 3435, 13365, 79, 48, 86642, 0x0000000000000004
1791329121,310.41, 585.00, 585.00, 2767, 3435, 13365, 74, 50, 86700, 0x0000000000000000
1791329122,281.88, 585.00, 585.00, 2820, 3435, 13365, 70, 0, 86714, 0x0000000000000000
1791329123,97.83, 585.00, 585.00, 2820, 3435, 13365, 69, 0, 86714, 0x0000000000000000
1791329124,97.65, 585.00, 585.00, 2820, 3435, 13365, 69, 0, 86714, 0x0000000000000000
1791329125,124.17, 585.00, 585.00, 2647, 3435, 13365, 74, 84, 86724, 0x0000000000000000
1791329127,401.83, 585.00, 585.00, 2685, 3435, 13365, 74, 70, 86724, 0x0000000000000004
1791329128,393.51, 585.00, 585.00, 2722, 3435, 13365, 74, 84, 86724, 0x0000000000000004
1791329129,422.62, 585.00, 585.00, 2632, 3435, 13365, 81, 73, 86724, 0x0000000000000004
1791329130,405.83, 585.00, 585.00, 2647, 3435, 13365, 80, 58, 86724, 0x0000000000000000
1791329131,356.73, 585.00, 585.00, 2805, 3435, 13365, 81, 100, 86724, 0x0000000000000004
1791329132,400.43, 585.00, 585.00, 2745, 3435, 13365, 75, 89, 86724, 0x0000000000000004
1791329133,358.60, 585.00, 585.00, 2527, 3435, 13365, 69, 0, 86724, 0x0000000000000000
1791329134,398.28, 585.00, 585.00, 2775, 3435, 13365, 80, 53, 86724, 0x0000000000000004
1791329135,413.85, 585.00, 585.00, 2685, 3435, 13365, 75, 100, 86724, 0x0000000000000004
1791329136,364.90, 585.00, 585.00, 2520, 3435, 13365, 70, 54, 86724, 0x0000000000000000
1791329137,347.14, 585.00, 585.00, 2647, 3435, 13365, 77, 0, 86724, 0x0000000000000000
1791329138,376.49, 585.00, 585.00, 2790, 3435, 13365, 80, 77, 86724, 0x0000000000000004
1791329139,386.31, 585.00, 585.00, 2722, 3435, 13365, 77, 100, 86724, 0x0000000000000000
1791329140,403.79, 585.00, 585.00, 2715, 3435, 13365, 75, 80, 86724, 0x0000000000000000
1791329141,412.20, 585.00, 585.00, 2685, 3435, 13365, 76, 72, 86724, 0x0000000000000004
1791329142,420.12, 585.00, 585.00, 2730, 3435, 13365, 73, 90, 86724, 0x0000000000000004
1791329143,421.55, 585.00, 585.00, 2730, 3435, 13365, 73, 85, 86724, 0x0000000000000004
1791329144,361.60, 585.00, 585.00, 2767, 3435, 13365, 80, 100, 86724, 0x0000000000000004
1791329146,389.68, 585.00, 585.00, 2715, 3435, 13365, 80, 100, 86724, 0x0000000000000004
1791329147,355.64, 585.00, 585.00, 2647, 3435, 13365, 72, 70, 86724, 0x0000000000000004
1791329148,349.23, 585.00, 585.00, 2587, 3435, 13365, 70, 47, 86724, 0x0000000000000000
1791329149,346.98, 585.00, 585.00, 2565, 3435, 13365, 68, 12, 86724, 0x0000000000000000
1791329150,325.55, 585.00, 585.00, 2647, 3435, 13365, 68, 0, 86724, 0x0000000000000000
1791329151,375.59, 585.00, 585.00, 2767, 3435, 13365, 78, 37, 86724, 0x0000000000000004
1791329152,386.17, 585.00, 585.00, 2782, 3435, 13365, 79, 100, 86724, 0x0000000000000004
1791329153,398.19, 585.00, 585.00, 2715, 3435, 13365, 75, 100, 86732, 0x0000000000000004
1791329154,401.32, 585.00, 585.00, 2685, 3435, 13365, 72, 76, 86732, 0x0000000000000004
1791329155,398.77, 585.00, 585.00, 2685, 3435, 13365, 77, 74, 86732, 0x0000000000000000
1791329156,379.67, 585.00, 585.00, 2730, 3435, 13365, 74, 62, 86732, 0x0000000000000004
1791329157,368.83, 585.00, 585.00, 2730, 3435, 13365, 73, 49, 86732, 0x0000000000000004
1791329158,346.11, 585.00, 585.00, 2655, 3435, 13365, 69, 41, 86732, 0x0000000000000000
1791329159,365.70, 585.00, 585.00, 2580, 3435, 13365, 68, 0, 86732, 0x0000000000000000
1791329160,396.25, 585.00, 585.00, 2730, 3435, 13365, 79, 100, 86732, 0x0000000000000004
1791329161,457.95, 585.00, 585.00, 2512, 3435, 13365, 72, 82, 86732, 0x0000000000000004
1791329163,376.03, 585.00, 585.00, 2790, 3435, 13365, 78, 78, 86732, 0x0000000000000004
1791329164,465.34, 585.00, 585.00, 2527, 3435, 13365, 79, 100, 86732, 0x0000000000000004
1791329165,403.88, 585.00, 585.00, 2625, 3435, 13365, 68, 0, 86732, 0x0000000000000000
1791329166,457.07, 585.00, 585.00, 2632, 3435, 13365, 80, 90, 86732, 0x0000000000000004
1791329167,440.52, 585.00, 585.00, 2557, 3435, 13365, 68, 0, 86732, 0x0000000000000000
1791329168,452.46, 585.00, 585.00, 2647, 3435, 13365, 78, 89, 86732, 0x0000000000000004
1791329169,495.67, 585.00, 585.00, 2520, 3435, 13365, 80, 0, 86732, 0x0000000000000004
1791329170,395.48, 585.00, 585.00, 2737, 3435, 13365, 78, 93, 86732, 0x0000000000000004
1791329171,484.55, 585.00, 585.00, 2512, 3435, 13365, 80, 6, 86732, 0x0000000000000004
1791329172,384.04, 585.00, 585.00, 2692, 3435, 13365, 75, 98, 86732, 0x0000000000000000
1791329173,494.05, 585.00, 585.00, 2670, 3435, 13365, 72, 76, 86732, 0x0000000000000004
1791329174,415.44, 585.00, 585.00, 2677, 3435, 13365, 78, 73, 86732, 0x0000000000000000
1791329175,434.48, 585.00, 585.00, 2647, 3435, 13365, 76, 65, 86732, 0x0000000000000004
1791329176,440.44, 585.00, 585.00, 2662, 3435, 13365, 78, 65, 86732, 0x0000000000000000
1791329177,389.95, 585.00, 585.00, 2565, 3435, 13365, 69, 64, 86732, 0x0000000000000000
1791329178,318.41, 585.00, 585.00, 2677, 3435, 13365, 75, 0, 86732, 0x0000000000000000
1791329179,383.94, 585.00, 585.00, 2805, 3435, 13365, 79, 65, 86732, 0x0000000000000004
1791329180,391.74, 585.00, 585.00, 2617, 3435, 13365, 70, 45, 86732, 0x0000000000000000
1791329181,330.56, 585.00, 585.00, 2602, 3435, 13365, 68, 0, 86732, 0x0000000000000000
1791329182,370.06, 585.00, 585.00, 2737, 3435, 13365, 77, 73, 86732, 0x0000000000000004
1791329184,412.14, 585.00, 585.00, 2707, 3435, 13365, 76, 96, 86732, 0x0000000000000004
1791329185,364.42, 585.00, 585.00, 2565, 3435, 13365, 68, 0, 86732, 0x0000000000000000
1791329186,387.45, 585.00, 585.00, 2617, 3435, 13365, 74, 91, 86732, 0x0000000000000004
1791329187,460.21, 585.00, 585.00, 2602, 3435, 13365, 79, 69, 86732, 0x0000000000000004
1791329188,512.28, 585.00, 585.00, 2640, 3435, 13365, 80, 88, 86732, 0x0000000000000004
1791329189,490.76, 585.00, 585.00, 2662, 3435, 13365, 71, 78, 86732, 0x0000000000000004
1791329190,406.39, 585.00, 585.00, 2730, 3435, 13365, 81, 99, 86732, 0x0000000000000004
1791329191,568.84, 585.00, 585.00, 2542, 3435, 13365, 81, 100, 86732, 0x0000000000000004
1791329192,572.39, 585.00, 585.00, 2542, 3435, 13365, 82, 100, 86732, 0x0000000000000004
1791329193,571.00, 585.00, 585.00, 2535, 3435, 13365, 81, 100, 86732, 0x0000000000000004
1791329194,561.50, 585.00, 585.00, 2527, 3435, 13365, 79, 89, 86732, 0x0000000000000004
1791329195,567.22, 585.00, 585.00, 2520, 3435, 13365, 82, 82, 86732, 0x0000000000000004
1791329196,565.97, 585.00, 585.00, 2520, 3435, 13365, 81, 81, 86732, 0x0000000000000004
1791329197,563.82, 585.00, 585.00, 2512, 3435, 13365, 83, 81, 86732, 0x0000000000000004
1791329198,564.44, 585.00, 585.00, 2512, 3435, 13365, 82, 99, 86732, 0x0000000000000004
1791329199,396.53, 585.00, 585.00, 2670, 3435, 13365, 78, 95, 86732, 0x0000000000000004
1791329200,377.28, 585.00, 585.00, 2595, 3435, 13365, 72, 58, 86732, 0x0000000000000000
1791329201,347.52, 585.00, 585.00, 2572, 3435, 13365, 70, 4, 86732, 0x0000000000000000
1791329202,347.18, 585.00, 585.00, 2640, 3435, 13365, 69, 0, 86732, 0x0000000000000000
1791329204,373.82, 585.00, 585.00, 2730, 3435, 13365, 79, 54, 86732, 0x0000000000000004
1791329205,365.03, 585.00, 585.00, 2782, 3435, 13365, 81, 100, 86732, 0x0000000000000004
1791329206,400.91, 585.00, 585.00, 2745, 3435, 13365, 80, 100, 86732, 0x0000000000000004
1791329207,401.75, 585.00, 585.00, 2692, 3435, 13365, 72, 77, 86732, 0x0000000000000004
1791329208,363.45, 585.00, 585.00, 2595, 3435, 13365, 71, 52, 86732, 0x0000000000000000
1791329209,346.43, 585.00, 585.00, 2565, 3435, 13365, 70, 22, 86732, 0x0000000000000000
1791329210,346.12, 585.00, 585.00, 2655, 3435, 13365, 72, 50, 86732, 0x0000000000000004
1791329211,333.89, 585.00, 585.00, 2722, 3435, 13365, 80, 92, 86732, 0x0000000000000004
1791329212,345.16, 585.00, 585.00, 2775, 3435, 13365, 79, 100, 86732, 0x0000000000000004
1791329213,316.64, 585.00, 585.00, 2820, 3435, 13365, 79, 100, 86732, 0x0000000000000004
1791329214,337.06, 585.00, 585.00, 2805, 3435, 13365, 75, 64, 86732, 0x0000000000000000
1791329215,322.20, 585.00, 585.00, 2707, 3435, 13365, 67, 0, 86732, 0x0000000000000000
1791329216,322.80, 585.00, 585.00, 2707, 3435, 13365, 67, 0, 86732, 0x0000000000000000
1791329217,344.59, 585.00, 585.00, 2625, 3435, 13365, 67, 1, 86732, 0x0000000000000000
1791329218,345.06, 585.00, 585.00, 2587, 3435, 13365, 68, 22, 86732, 0x0000000000000000
1791329219,311.10, 585.00, 585.00, 2752, 3435, 13365, 78, 100, 86732, 0x0000000000000004
1791329220,286.19, 585.00, 585.00, 2737, 3435, 13365, 67, 22, 86732, 0x0000000000000000
1791329221,293.87, 585.00, 585.00, 2760, 3435, 13365, 78, 22, 86732, 0x0000000000000004
1791329222,242.70, 585.00, 585.00, 2700, 3435, 13365, 73, 0, 86732, 0x0000000000000004
1791329223,244.79, 585.00, 585.00, 2820, 3435, 13365, 65, 56, 86732, 0x0000000000000000
1791329225,291.94, 585.00, 585.00, 2760, 3435, 13365, 77, 0, 86732, 0x0000000000000004
1791329226,281.02, 585.00, 585.00, 2692, 3435, 13365, 65, 0, 86732, 0x0000000000000000
1791329227,259.18, 585.00, 585.00, 2820, 3435, 13365, 75, 64, 86732, 0x0000000000000004
1791329228,314.03, 585.00, 585.00, 2587, 3435, 13365, 66, 22, 86732, 0x0000000000000000
1791329229,213.39, 585.00, 585.00, 2820, 3435, 13365, 64, 100, 86732, 0x0000000000000000
1791329230,334.94, 585.00, 585.00, 2602, 3435, 13365, 66, 22, 86732, 0x0000000000000000
1791329231,276.26, 585.00, 585.00, 2640, 3435, 13365, 65, 0, 86732, 0x0000000000000000
1791329232,212.20, 585.00, 585.00, 2820, 3435, 13365, 64, 0, 86732, 0x0000000000000000
1791329233,334.49, 585.00, 585.00, 2625, 3435, 13365, 66, 36, 86732, 0x0000000000000000
1791329234,97.76, 585.00, 585.00, 2820, 3435, 13365, 63, 22, 86732, 0x0000000000000000
1791329235,204.42, 585.00, 585.00, 2820, 3435, 13365, 62, 0, 86732, 0x0000000000000000
1791329236,203.71, 585.00, 585.00, 2602, 3435, 13365, 64, 0, 86732, 0x0000000000000000
1791329237,95.91, 585.00, 585.00, 2820, 3435, 13365, 62, 5, 86732, 0x0000000000000000
1791329238,200.52, 585.00, 585.00, 2820, 3435, 13365, 61, 0, 86732, 0x0000000000000000
1791329239,213.35, 585.00, 585.00, 2655, 3435, 13365, 62, 0, 86732, 0x0000000000000000
1791329240,94.43, 585.00, 585.00, 2820, 3435, 13365, 62, 0, 86732, 0x0000000000000000
1791329241,206.77, 585.00, 585.00, 2820, 3435, 13365, 60, 0, 86732, 0x0000000000000000
1791329242,194.89, 585.00, 585.00, 2820, 3435, 13365, 60, 0, 86732, 0x0000000000000000
1791329243,211.22, 585.00, 585.00, 2707, 3435, 13365, 61, 0, 86732, 0x0000000000000000
1791329245,91.16, 585.00, 585.00, 2820, 3435, 13365, 60, 0, 86732, 0x0000000000000000
1791329246,193.89, 585.00, 585.00, 2820, 3435, 13365, 60, 0, 86732, 0x0000000000000000
1791329247,210.66, 585.00, 585.00, 2707, 3435, 13365, 60, 0, 86732, 0x0000000000000000
1791329248,90.97, 585.00, 585.00, 2820, 3435, 13365, 59, 0, 86732, 0x0000000000000000
1791329249,193.29, 585.00, 585.00, 2820, 3435, 13365, 59, 0, 86732, 0x0000000000000000
1791329250,209.44, 585.00, 585.00, 2820, 3435, 13365, 60, 0, 86732, 0x0000000000000000
1791329251,103.49, 585.00, 585.00, 2820, 3435, 13365, 67, 0, 86732, 0x0000000000000000
1791329252,192.02, 585.00, 585.00, 2820, 3435, 13365, 58, 0, 86732, 0x0000000000000000
1791329253,191.54, 585.00, 585.00, 2820, 3435, 13365, 58, 0, 86732, 0x0000000000000000
1791329254,208.34, 585.00, 585.00, 2797, 3435, 13365, 59, 0, 86732, 0x0000000000000000
1791329255,139.25, 585.00, 585.00, 2820, 3435, 13365, 68, 98, 86732, 0x0000000000000004
1791329256,191.13, 585.00, 585.00, 2820, 3435, 13365, 58, 0, 86732, 0x0000000000000000
1791329257,196.66, 585.00, 585.00, 2820, 3435, 13365, 58, 0, 86732, 0x0000000000000000
1791329258,170.47, 585.00, 585.00, 2775, 3435, 13365, 71, 100, 86732, 0x0000000000000004
1791329259,165.41, 585.00, 585.00, 2820, 3435, 13365, 57, 0, 86732, 0x0000000000000000
1791329260,207.31, 585.00, 585.00, 2820, 3435, 13365, 57, 0, 86732, 0x0000000000000000
1791329261,174.36, 585.00, 585.00, 2767, 3435, 13365, 70, 100, 86732, 0x0000000000000004
1791329262,159.09, 585.00, 585.00, 2820, 3435, 13365, 57, 0, 86732, 0x0000000000000000
1791329263,324.93, 585.00, 585.00, 2640, 3435, 13365, 58, 0, 86732, 0x0000000000000000
1791329264,454.63, 585.00, 585.00, 2647, 3435, 13365, 71, 84, 86732, 0x0000000000000004
1791329265,471.25, 585.00, 585.00, 2572, 3435, 13365, 72, 0, 86732, 0x0000000000000004
1791329266,369.94, 585.00, 585.00, 2730, 3435, 13365, 69, 88, 86732, 0x0000000000000000
1791329267,459.59, 585.00, 585.00, 2565, 3435, 13365, 73, 33, 86732, 0x0000000000000004
1791329269,395.88, 585.00, 585.00, 2655, 3435, 13365, 60, 100, 86732, 0x0000000000000000
1791329270,458.57, 585.00, 585.00, 2655, 3435, 13365, 73, 82, 86732, 0x0000000000000004
1791329271,426.41, 585.00, 585.00, 2625, 3435, 13365, 61, 100, 86732, 0x0000000000000000
1791329272,465.78, 585.00, 585.00, 2557, 3435, 13365, 73, 100, 86732, 0x0000000000000004
1791329273,478.34, 585.00, 585.00, 2542, 3435, 13365, 74, 100, 86732, 0x0000000000000004
1791329274,379.94, 585.00, 585.00, 2692, 3435, 13365, 66, 0, 86732, 0x0000000000000000
1791329275,468.55, 585.00, 585.00, 2602, 3435, 13365, 73, 84, 86732, 0x0000000000000004
1791329276,416.33, 585.00, 585.00, 2625, 3435, 13365, 62, 0, 86732, 0x0000000000000000
1791329277,453.51, 585.00, 585.00, 2647, 3435, 13365, 73, 81, 86732, 0x0000000000000000
1791329278,430.43, 585.00, 585.00, 2580, 3435, 13365, 63, 8, 86732, 0x0000000000000000
1791329279,432.27, 585.00, 585.00, 2715, 3435, 13365, 75, 100, 86732, 0x0000000000000004
1791329280,458.95, 585.00, 585.00, 2557, 3435, 13365, 65, 53, 86732, 0x0000000000000000
1791329281,387.40, 585.00, 585.00, 2797, 3435, 13365, 74, 100, 86732, 0x0000000000000004
1791329282,477.98, 585.00, 585.00, 2550, 3435, 13365, 71, 98, 86732, 0x0000000000000004
1791329283,449.18, 585.00, 585.00, 2662, 3435, 13365, 74, 78, 86732, 0x0000000000000004
1791329284,408.79, 585.00, 585.00, 2715, 3435, 13365, 75, 100, 86732, 0x0000000000000004
1791329285,445.55, 585.00, 585.00, 2542, 3435, 13365, 65, 34, 86732, 0x0000000000000000
1791329286,461.68, 585.00, 585.00, 2542, 3435, 13365, 76, 100, 86732, 0x0000000000000004
1791329287,469.26, 585.00, 585.00, 2542, 3435, 13365, 66, 19, 86732, 0x0000000000000000
1791329289,415.66, 585.00, 585.00, 2730, 3435, 13365, 76, 100, 86732, 0x0000000000000004
1791329290,455.02, 585.00, 585.00, 2557, 3435, 13365, 66, 42, 86732, 0x0000000000000000
1791329291,419.13, 585.00, 585.00, 2745, 3435, 13365, 76, 100, 86732, 0x0000000000000004
1791329292,382.32, 585.00, 585.00, 2670, 3435, 13365, 67, 25, 86732, 0x0000000000000000
1791329293,326.24, 585.00, 585.00, 2812, 3435, 13365, 63, 81, 86732, 0x0000000000000000
1791329294,332.61, 585.00, 585.00, 2715, 3435, 13365, 72, 93, 86732, 0x0000000000000000
1791329295,378.07, 585.00, 585.00, 2820, 3435, 13365, 76, 100, 86732, 0x0000000000000004
1791329296,493.60, 585.00, 585.00, 2542, 3435, 13365, 77, 100, 86732, 0x0000000000000004
1791329297,369.72, 585.00, 585.00, 2700, 3435, 13365, 70, 4, 86732, 0x0000000000000000
1791329298,460.53, 585.00, 585.00, 2617, 3435, 13365, 75, 82, 86732, 0x0000000000000004
1791329299,429.88, 585.00, 585.00, 2572, 3435, 13365, 65, 0, 86732, 0x0000000000000000
1791329300,445.51, 585.00, 585.00, 2670, 3435, 13365, 77, 92, 86732, 0x0000000000000004
1791329301,446.98, 585.00, 585.00, 2565, 3435, 13365, 66, 2, 86732, 0x0000000000000000
1791329302,429.43, 585.00, 585.00, 2722, 3435, 13365, 77, 100, 86732, 0x0000000000000004
1791329303,466.90, 585.00, 585.00, 2550, 3435, 13365, 68, 52, 86732, 0x0000000000000000
1791329304,412.61, 585.00, 585.00, 2760, 3435, 13365, 77, 100, 86732, 0x0000000000000004
1791329305,405.56, 585.00, 585.00, 2647, 3435, 13365, 63, 0, 86732, 0x0000000000000000
1791329306,249.53, 585.00, 585.00, 2820, 3435, 13365, 63, 0, 86732, 0x0000000000000000
1791329307,322.68, 585.00, 585.00, 2730, 3435, 13365, 64, 92, 86732, 0x0000000000000000
1791329308,233.15, 585.00, 585.00, 2820, 3435, 13365, 76, 0, 86732, 0x0000000000000004
1791329310,210.58, 585.00, 585.00, 2820, 3435, 13365, 63, 0, 86732, 0x0000000000000000
1791329311,316.29, 585.00, 585.00, 2820, 3435, 13365, 63, 90, 86732, 0x0000000000000000
1791329312,268.73, 585.00, 585.00, 2565, 3435, 13365, 76, 22, 86732, 0x0000000000000004
1791329313,191.33, 585.00, 585.00, 2820, 3435, 13365, 62, 0, 86732, 0x0000000000000000
1791329314,316.06, 585.00, 585.00, 2820, 3435, 13365, 62, 100, 86732, 0x0000000000000000
1791329315,260.24, 585.00, 585.00, 2557, 3435, 13365, 75, 13, 86732, 0x0000000000000004
1791329316,140.61, 585.00, 585.00, 2820, 3435, 13365, 61, 0, 86732, 0x0000000000000000
1791329317,177.59, 585.00, 585.00, 2820, 3435, 13365, 61, 0, 86732, 0x0000000000000000
1791329318,295.64, 585.00, 585.00, 2820, 3435, 13365, 61, 0, 86732, 0x0000000000000000
1791329319,165.50, 585.00, 585.00, 2820, 3435, 13365, 70, 30, 86732, 0x0000000000000000
1791329320,294.00, 585.00, 585.00, 2820, 3435, 13365, 61, 0, 86732, 0x0000000000000000
1791329321,320.48, 585.00, 585.00, 2580, 3435, 13365, 63, 0, 86732, 0x0000000000000000
1791329322,150.02, 585.00, 585.00, 2820, 3435, 13365, 72, 100, 86732, 0x0000000000000004
1791329323,291.43, 585.00, 585.00, 2820, 3435, 13365, 60, 0, 86732, 0x0000000000000000
1791329324,298.46, 585.00, 585.00, 2647, 3435, 13365, 62, 0, 86732, 0x0000000000000000
1791329325,186.62, 585.00, 585.00, 2745, 3435, 13365, 73, 100, 86732, 0x0000000000000004
1791329326,205.58, 585.00, 585.00, 2715, 3435, 13365, 70, 0, 86732, 0x0000000000000004
1791329327,238.55, 585.00, 585.00, 2820, 3435, 13365, 60, 0, 86732, 0x0000000000000000
1791329328,319.33, 585.00, 585.00, 2722, 3435, 13365, 61, 91, 86732, 0x0000000000000000
1791329329,207.77, 585.00, 585.00, 2685, 3435, 13365, 70, 0, 86732, 0x0000000000000004
1791329331,225.11, 585.00, 585.00, 2820, 3435, 13365, 59, 0, 86732, 0x0000000000000000
1791329332,319.50, 585.00, 585.00, 2745, 3435, 13365, 60, 81, 86732, 0x0000000000000000
1791329333,215.60, 585.00, 585.00, 2670, 3435, 13365, 72, 0, 86732, 0x0000000000000004
1791329334,216.61, 585.00, 585.00, 2820, 3435, 13365, 61, 0, 86732, 0x0000000000000000
1791329335,89.97, 585.00, 585.00, 2820, 3435, 13365, 58, 0, 86732, 0x0000000000000000
1791329336,78.28, 585.00, 585.00, 2610, 3435, 13365, 58, 0, 86756, 0x0000000000000000
1791329337,575.45, 585.00, 585.00, 2587, 3435, 13365, 71, 93, 87110, 0x0000000000000004
1791329338,579.74, 585.00, 585.00, 2565, 3435, 13365, 73, 88, 87630, 0x0000000000000004
1791329339,467.36, 585.00, 585.00, 2722, 3435, 13365, 68, 86, 87752, 0x0000000000000000
1791329340,498.73, 585.00, 585.00, 2565, 3435, 13365, 70, 94, 87752, 0x0000000000000004
1791329341,568.27, 585.00, 585.00, 2557, 3435, 13365, 75, 92, 87752, 0x0000000000000004
1791329342,563.50, 585.00, 585.00, 2580, 3435, 13365, 70, 82, 87752, 0x0000000000000004
1791329343,362.45, 585.00, 585.00, 2812, 3435, 13365, 72, 72, 87752, 0x0000000000000000
1791329344,536.10, 585.00, 585.00, 2572, 3435, 13365, 75, 82, 87752, 0x0000000000000000
1791329345,552.00, 585.00, 585.00, 2580, 3435, 13365, 73, 92, 87752, 0x0000000000000004
1791329346,497.05, 585.00, 585.00, 2767, 3435, 13365, 69, 69, 87752, 0x0000000000000000
1791329347,127.63, 585.00, 585.00, 2820, 3435, 13365, 61, 0, 87752, 0x0000000000000000
1791329348,84.57, 585.00, 585.00, 2820, 3435, 13365, 60, 0, 87752, 0x0000000000000000
1791329349,78.10, 585.00, 585.00, 2820, 3435, 13365, 59, 0, 87752, 0x0000000000000000
1791329351,78.20, 585.00, 585.00, 2610, 3435, 13365, 59, 0, 87752, 0x0000000000000000
1791329352,307.20, 585.00, 585.00, 2670, 3435, 13365, 66, 93, 87752, 0x0000000000000004
1791329353,551.60, 585.00, 585.00, 2565, 3435, 13365, 74, 88, 87752, 0x0000000000000004
1791329354,568.19, 585.00, 585.00, 2595, 3435, 13365, 75, 86, 87752, 0x0000000000000004
1791329355,562.38, 585.00, 585.00, 2572, 3435, 13365, 76, 92, 88072, 0x0000000000000004
1791329356,565.31, 585.00, 585.00, 2557, 3435, 13365, 75, 87, 88072, 0x0000000000000004
1791329357,550.23, 585.00, 585.00, 2580, 3435, 13365, 76, 86, 88072, 0x0000000000000004
1791329358,381.05, 585.00, 585.00, 2805, 3435, 13365, 69, 78, 88072, 0x0000000000000000
1791329359,381.58, 585.00, 585.00, 2730, 3435, 13365, 73, 89, 88072, 0x0000000000000004
1791329360,565.69, 585.00, 585.00, 2565, 3435, 13365, 77, 87, 88072, 0x0000000000000004
1791329361,536.01, 585.00, 585.00, 2587, 3435, 13365, 77, 89, 88072, 0x0000000000000004
1791329362,557.89, 585.00, 585.00, 2572, 3435, 13365, 77, 86, 88072, 0x0000000000000004
1791329363,553.43, 585.00, 585.00, 2565, 3435, 13365, 72, 87, 88072, 0x0000000000000004
1791329364,547.62, 585.00, 585.00, 2565, 3435, 13365, 77, 88, 88072, 0x0000000000000004
1791329365,418.32, 585.00, 585.00, 2737, 3435, 13365, 71, 74, 88072, 0x0000000000000000
1791329366,335.13, 585.00, 585.00, 2812, 3435, 13365, 69, 64, 88072, 0x0000000000000000
1791329367,560.70, 585.00, 585.00, 2557, 3435, 13365, 77, 87, 88072, 0x0000000000000004
1791329368,567.49, 585.00, 585.00, 2550, 3435, 13365, 78, 93, 88072, 0x0000000000000004
1791329369,572.23, 585.00, 585.00, 2535, 3435, 13365, 78, 95, 88072, 0x0000000000000004
1791329371,576.28, 585.00, 585.00, 2565, 3435, 13365, 73, 89, 88072, 0x0000000000000004
1791329372,567.36, 585.00, 585.00, 2550, 3435, 13365, 72, 91, 88072, 0x0000000000000004
1791329373,374.00, 585.00, 585.00, 2805, 3435, 13365, 71, 75, 88072, 0x0000000000000000
1791329374,258.63, 585.00, 585.00, 2820, 3435, 13365, 65, 82, 88072, 0x0000000000000000
1791329375,114.61, 585.00, 585.00, 2820, 3435, 13365, 64, 0, 88072, 0x0000000000000000
1791329376,266.81, 585.00, 585.00, 2625, 3435, 13365, 76, 94, 88072, 0x0000000000000004
1791329377,520.74, 585.00, 585.00, 2617, 3435, 13365, 77, 79, 88072, 0x0000000000000004
1791329378,494.19, 585.00, 585.00, 2632, 3435, 13365, 76, 79, 88072, 0x0000000000000000
1791329379,458.18, 585.00, 585.00, 2730, 3435, 13365, 70, 66, 88072, 0x0000000000000000
1791329380,376.61, 585.00, 585.00, 2700, 3435, 13365, 76, 84, 88072, 0x0000000000000000
1791329381,497.22, 585.00, 585.00, 2632, 3435, 13365, 76, 79, 88072, 0x0000000000000004
1791329382,501.18, 585.00, 585.00, 2647, 3435, 13365, 71, 90, 88072, 0x0000000000000004
1791329383,506.62, 585.00, 585.00, 2632, 3435, 13365, 75, 86, 88072, 0x0000000000000004
1791329384,409.03, 585.00, 585.00, 2812, 3435, 13365, 69, 72, 88072, 0x0000000000000000
1791329385,526.60, 585.00, 585.00, 2617, 3435, 13365, 78, 88, 88072, 0x0000000000000000
1791329386,529.13, 585.00, 585.00, 2602, 3435, 13365, 75, 79, 88072, 0x0000000000000004
1791329387,519.93, 585.00, 585.00, 2640, 3435, 13365, 72, 87, 88072, 0x0000000000000004
1791329389,472.62, 585.00, 585.00, 2760, 3435, 13365, 72, 76, 88072, 0x0000000000000000
1791329390,141.90, 585.00, 585.00, 2820, 3435, 13365, 64, 0, 88072, 0x0000000000000000
1791329391,89.55, 585.00, 585.00, 2820, 3435, 13365, 63, 0, 88072, 0x0000000000000000
1791329392,84.16, 585.00, 585.00, 2820, 3435, 13365, 62, 0, 88072, 0x0000000000000000
1791329393,78.65, 585.00, 585.00, 2610, 3435, 13365, 62, 0, 88072, 0x0000000000000000
1791329394,78.65, 585.00, 585.00, 2610, 3435, 13365, 75, 87, 88072, 0x0000000000000004
1791329395,496.02, 585.00, 585.00, 2647, 3435, 13365, 72, 79, 88072, 0x0000000000000004
1791329396,487.93, 585.00, 585.00, 2640, 3435, 13365, 76, 78, 88072, 0x0000000000000000
1791329397,503.91, 585.00, 585.00, 2617, 3435, 13365, 76, 85, 88072, 0x0000000000000000
1791329398,527.51, 585.00, 585.00, 2617, 3435, 13365, 73, 88, 88072, 0x0000000000000004
1791329399,505.85, 585.00, 585.00, 2610, 3435, 13365, 77, 86, 88072, 0x0000000000000004
1791329400,509.33, 585.00, 585.00, 2647, 3435, 13365, 77, 84, 88072, 0x0000000000000004
1791329401,444.29, 585.00, 585.00, 2730, 3435, 13365, 71, 84, 88072, 0x0000000000000000
1791329402,364.93, 585.00, 585.00, 2812, 3435, 13365, 71, 69, 88072, 0x0000000000000004
1791329403,513.03, 585.00, 585.00, 2640, 3435, 13365, 73, 88, 88072, 0x0000000000000004
1791329404,513.26, 585.00, 585.00, 2640, 3435, 13365, 72, 93, 88072, 0x0000000000000004
1791329405,513.26, 585.00, 585.00, 2640, 3435, 13365, 78, 90, 88072, 0x0000000000000000
1791329407,527.54, 585.00, 585.00, 2610, 3435, 13365, 79, 91, 88072, 0x0000000000000004
1791329408,506.72, 585.00, 585.00, 2625, 3435, 13365, 78, 77, 88072, 0x0000000000000004
1791329409,506.52, 585.00, 585.00, 2610, 3435, 13365, 78, 83, 88072, 0x0000000000000004
1791329410,483.16, 585.00, 585.00, 2670, 3435, 13365, 71, 83, 88072, 0x0000000000000000
1791329411,417.75, 585.00, 585.00, 2812, 3435, 13365, 70, 70, 88072, 0x0000000000000000
1791329412,457.59, 585.00, 585.00, 2625, 3435, 13365, 78, 79, 88072, 0x0000000000000000
1791329413,503.85, 585.00, 585.00, 2625, 3435, 13365, 78, 92, 88072, 0x0000000000000000
1791329414,514.81, 585.00, 585.00, 2610, 3435, 13365, 79, 91, 88072, 0x0000000000000004
1791329415,511.16, 585.00, 585.00, 2617, 3435, 13365, 79, 81, 88072, 0x0000000000000004
1791329416,496.32, 585.00, 585.00, 2625, 3435, 13365, 78, 87, 88072, 0x0000000000000004
1791329417,514.46, 585.00, 585.00, 2617, 3435, 13365, 80, 95, 88072, 0x0000000000000004
1791329418,519.73, 585.00, 585.00, 2602, 3435, 13365, 77, 86, 88072, 0x0000000000000004
1791329419,349.26, 585.00, 585.00, 2805, 3435, 13365, 73, 77, 88072, 0x0000000000000000
1791329420,212.64, 585.00, 585.00, 2820, 3435, 13365, 66, 0, 88072, 0x0000000000000000
1791329421,141.62, 585.00, 585.00, 2820, 3435, 13365, 65, 0, 88072, 0x0000000000000000
1791329423,141.62, 585.00, 585.00, 2820, 3435, 13365, 73, 85, 88072, 0x0000000000000004
1791329424,514.53, 585.00, 585.00, 2625, 3435, 13365, 74, 90, 88072, 0x0000000000000004
1791329425,518.47, 585.00, 585.00, 2632, 3435, 13365, 72, 93, 88072, 0x0000000000000004
1791329426,518.52, 585.00, 585.00, 2632, 3435, 13365, 74, 89, 88072, 0x0000000000000004
1791329427,390.23, 585.00, 585.00, 2805, 3435, 13365, 78, 88, 88072, 0x0000000000000004
1791329428,470.72, 585.00, 585.00, 2625, 3435, 13365, 78, 83, 88072, 0x0000000000000004
1791329429,505.57, 585.00, 585.00, 2632, 3435, 13365, 74, 85, 88072, 0x0000000000000004
1791329430,493.01, 585.00, 585.00, 2632, 3435, 13365, 74, 79, 88072, 0x0000000000000004
1791329431,345.80, 585.00, 585.00, 2812, 3435, 13365, 70, 67, 88072, 0x0000000000000000
1791329432,511.66, 585.00, 585.00, 2632, 3435, 13365, 74, 87, 88072, 0x0000000000000004
1791329433,497.98, 585.00, 585.00, 2625, 3435, 13365, 80, 79, 88072, 0x0000000000000004
1791329434,520.01, 585.00, 585.00, 2595, 3435, 13365, 80, 89, 88072, 0x0000000000000004
1791329435,447.74, 585.00, 585.00, 2812, 3435, 13365, 74, 92, 88072, 0x0000000000000000
1791329436,239.34, 585.00, 585.00, 2820, 3435, 13365, 66, 72, 88072, 0x0000000000000000
1791329437,120.38, 585.00, 585.00, 2820, 3435, 13365, 66, 0, 88072, 0x0000000000000000
1791329438,90.94, 585.00, 585.00, 2820, 3435, 13365, 65, 0, 88072, 0x0000000000000000
1791329439,79.71, 585.00, 585.00, 2820, 3435, 13365, 64, 0, 88072, 0x0000000000000000
1791329440,116.50, 585.00, 585.00, 2602, 3435, 13365, 65, 0, 88072, 0x0000000000000000
1791329441,510.73, 585.00, 585.00, 2640, 3435, 13365, 70, 90, 88072, 0x0000000000000004
1791329442,514.31, 585.00, 585.00, 2640, 3435, 13365, 76, 90, 88072, 0x0000000000000004
1791329444,512.09, 585.00, 585.00, 2640, 3435, 13365, 71, 90, 88072, 0x0000000000000004
1791329445,509.34, 585.00, 585.00, 2610, 3435, 13365, 71, 87, 88072, 0x0000000000000004
1791329446,491.24, 585.00, 585.00, 2625, 3435, 13365, 79, 87, 88072, 0x0000000000000004
1791329447,495.21, 585.00, 585.00, 2617, 3435, 13365, 77, 79, 88072, 0x0000000000000004
1791329448,500.01, 585.00, 585.00, 2632, 3435, 13365, 74, 88, 88072, 0x0000000000000004
1791329449,362.56, 585.00, 585.00, 2812, 3435, 13365, 72, 81, 88072, 0x0000000000000000
1791329450,419.96, 585.00, 585.00, 2625, 3435, 13365, 78, 68, 88072, 0x0000000000000000
1791329451,509.69, 585.00, 585.00, 2610, 3435, 13365, 78, 80, 88072, 0x0000000000000000
1791329452,509.57, 585.00, 585.00, 2632, 3435, 13365, 77, 93, 88072, 0x0000000000000004
1791329453,517.92, 585.00, 585.00, 2617, 3435, 13365, 78, 91, 88072, 0x0000000000000004
1791329454,508.81, 585.00, 585.00, 2617, 3435, 13365, 73, 85, 88072, 0x0000000000000004
1791329455,505.73, 585.00, 585.00, 2632, 3435, 13365, 74, 82, 88072, 0x0000000000000004
1791329456,498.98, 585.00, 585.00, 2617, 3435, 13365, 80, 80, 88072, 0x0000000000000004
1791329457,423.26, 585.00, 585.00, 2812, 3435, 13365, 75, 76, 88072, 0x0000000000000004
1791329458,367.64, 585.00, 585.00, 2805, 3435, 13365, 79, 87, 88072, 0x0000000000000004
1791329459,523.77, 585.00, 585.00, 2595, 3435, 13365, 80, 90, 88072, 0x0000000000000004
1791329460,508.41, 585.00, 585.00, 2655, 3435, 13365, 75, 85, 88072, 0x0000000000000004
1791329461,502.07, 585.00, 585.00, 2610, 3435, 13365, 80, 90, 88072, 0x0000000000000004
1791329463,530.25, 585.00, 585.00, 2602, 3435, 13365, 76, 93, 88072, 0x0000000000000004
1791329464,499.24, 585.00, 585.00, 2625, 3435, 13365, 80, 82, 88072, 0x0000000000000004
1791329465,492.13, 585.00, 585.00, 2632, 3435, 13365, 73, 90, 88072, 0x0000000000000004
1791329466,431.61, 585.00, 585.00, 2812, 3435, 13365, 73, 70, 88072, 0x0000000000000000
1791329467,383.06, 585.00, 585.00, 2812, 3435, 13365, 71, 65, 88072, 0x0000000000000000
1791329468,203.87, 585.00, 585.00, 2820, 3435, 14001, 66, 8, 1, 0x0000000000000000
1791329469,94.56, 585.00, 585.00, 2820, 3435, 14001, 65, 0, 1, 0x0000000000000000
1791329470,89.53, 585.00, 585.00, 2820, 3435, 14001, 65, 0, 1, 0x0000000000000000
1791329471,48.69, 585.00, 585.00, 525, 3435, 7001, 63, 0, 1, 0x0000000000000000
1791329472,48.19, 585.00, 585.00, 525, 3435, 7001, 62, 0, 1, 0x0000000000000000
1791329473,46.80, 585.00, 585.00, 525, 3435, 7001, 62, 0, 1, 0x0000000000000000
1791329474,45.63, 585.00, 585.00, 525, 3435, 810, 61, 0, 1, 0x0000000000000000
1791329475,34.46, 585.00, 585.00, 525, 3435, 810, 60, 0, 1, 0x0000000000000000
1791329476,16.96, 585.00, 585.00, 525, 3435, 405, 60, 0, 1, 0x0000000000000000
1791329477,16.70, 585.00, 585.00, 525, 3435, 405, 59, 0, 2, 0x0000000000000000
1791329478,27.69, 585.00, 585.00, 720, 3435, 13365, 60, 3, 5076, 0x0000000000000000
1791329479,85.01, 585.00, 585.00, 2632, 3435, 13365, 60, 30, 11940, 0x0000000000000000
1791329480,89.07, 585.00, 585.00, 2632, 3435, 13365, 59, 25, 18282, 0x0000000000000000
1791329481,88.85, 585.00, 585.00, 2632, 3435, 13365, 59, 27, 25180, 0x0000000000000000
1791329482,89.05, 585.00, 585.00, 2632, 3435, 13365, 59, 28, 30142, 0x0000000000000000
1791329484,79.24, 585.00, 585.00, 2610, 3435, 13365, 58, 0, 30142, 0x0000000000000000
1791329485,82.81, 585.00, 585.00, 2632, 3435, 13365, 58, 0, 35774, 0x0000000000000000
1791329486,84.49, 585.00, 585.00, 2617, 3435, 13365, 58, 22, 32068, 0x0000000000000000
1791329487,78.67, 585.00, 585.00, 2617, 3435, 13365, 57, 0, 32348, 0x0000000000000000
1791329488,312.22, 585.00, 585.00, 2662, 3435, 13365, 73, 0, 36650, 0x0000000000000004
1791329489,587.65, 585.00, 585.00, 2257, 3435, 13365, 73, 100, 36662, 0x0000000000000004
1791329490,187.82, 585.00, 585.00, 2820, 3435, 13365, 59, 0, 33108, 0x0000000000000000
1791329491,414.36, 585.00, 585.00, 2460, 3435, 13365, 74, 100, 35396, 0x0000000000000004
1791329492,570.30, 585.00, 585.00, 2332, 3435, 13365, 74, 83, 35326, 0x0000000000000004
1791329493,576.18, 585.00, 585.00, 2445, 3435, 13365, 75, 100, 35344, 0x0000000000000004
1791329494,572.19, 585.00, 585.00, 2310, 3435, 13365, 76, 83, 35434, 0x0000000000000004
1791329495,579.55, 585.00, 585.00, 2437, 3435, 13365, 76, 100, 35366, 0x0000000000000004
1791329496,576.05, 585.00, 585.00, 2355, 3435, 13365, 76, 100, 35378, 0x0000000000000004
1791329497,589.98, 585.00, 585.00, 2430, 3435, 13365, 74, 100, 34374, 0x0000000000000004
1791329498,577.61, 585.00, 585.00, 2422, 3435, 13365, 77, 100, 35390, 0x0000000000000004
1791329499,574.83, 585.00, 585.00, 2310, 3435, 13365, 78, 84, 35408, 0x0000000000000004
1791329500,586.57, 585.00, 585.00, 2445, 3435, 13365, 77, 100, 35492, 0x0000000000000004
1791329501,580.66, 585.00, 585.00, 2430, 3435, 13365, 72, 100, 35434, 0x0000000000000004
1791329502,578.09, 585.00, 585.00, 2437, 3435, 13365, 78, 100, 35438, 0x0000000000000004
1791329503,573.35, 585.00, 585.00, 2392, 3435, 13365, 79, 78, 34560, 0x0000000000000004
1791329505,571.20, 585.00, 585.00, 2332, 3435, 13365, 79, 100, 35464, 0x0000000000000004
1791329506,564.40, 585.00, 585.00, 2437, 3435, 13365, 74, 100, 35476, 0x0000000000000004
1791329507,569.41, 585.00, 585.00, 2445, 3435, 13365, 79, 100, 35560, 0x0000000000000004
1791329508,578.84, 585.00, 585.00, 2362, 3435, 13365, 80, 100, 35504, 0x0000000000000004
1791329509,575.81, 585.00, 585.00, 2430, 3435, 13365, 80, 82, 35580, 0x0000000000000004
1791329510,570.81, 585.00, 585.00, 2340, 3435, 13365, 80, 83, 35532, 0x0000000000000004
1791329511,578.33, 585.00, 585.00, 2415, 3435, 13365, 80, 78, 35544, 0x0000000000000004
1791329512,581.02, 585.00, 585.00, 2422, 3435, 13365, 81, 80, 35626, 0x0000000000000004
1791329513,578.94, 585.00, 585.00, 2377, 3435, 13365, 81, 100, 35570, 0x0000000000000004
1791329514,578.32, 585.00, 585.00, 2392, 3435, 13365, 81, 100, 34782, 0x0000000000000004
1791329515,579.34, 585.00, 585.00, 2430, 3435, 13365, 81, 100, 35598, 0x0000000000000004
1791329516,576.43, 585.00, 585.00, 2437, 3435, 13365, 75, 93, 35610, 0x0000000000000004
1791329517,567.96, 585.00, 585.00, 2355, 3435, 13365, 82, 85, 35630, 0x0000000000000004
1791329518,567.66, 585.00, 585.00, 2392, 3435, 13365, 82, 100, 35648, 0x0000000000000004
1791329519,581.84, 585.00, 585.00, 2400, 3435, 13365, 75, 93, 35716, 0x0000000000000004
1791329520,575.89, 585.00, 585.00, 2385, 3435, 13365, 82, 100, 35670, 0x0000000000000004
1791329521,573.07, 585.00, 585.00, 2415, 3435, 13365, 78, 85, 35740, 0x0000000000000004
1791329522,577.75, 585.00, 585.00, 2392, 3435, 13365, 82, 100, 35708, 0x0000000000000004
1791329523,569.86, 585.00, 585.00, 2392, 3435, 13365, 83, 82, 35770, 0x0000000000000004
1791329524,569.73, 585.00, 585.00, 2422, 3435, 13365, 77, 82, 35740, 0x0000000000000004
1791329525,572.41, 585.00, 585.00, 2415, 3435, 13365, 83, 100, 35806, 0x0000000000000004
1791329526,566.17, 585.00, 585.00, 2422, 3435, 13365, 83, 100, 35770, 0x0000000000000004
1791329527,569.96, 585.00, 585.00, 2407, 3435, 13365, 83, 100, 35836, 0x0000000000000004
1791329529,565.12, 585.00, 585.00, 2407, 3435, 13365, 83, 100, 35802, 0x0000000000000004
1791329530,568.14, 585.00, 585.00, 2415, 3435, 13365, 79, 100, 35870, 0x0000000000000004
1791329531,581.81, 585.00, 585.00, 2415, 3435, 13365, 84, 81, 35300, 0x0000000000000004
1791329532,565.27, 585.00, 585.00, 2407, 3435, 13365, 82, 100, 35866, 0x0000000000000004
1791329533,566.93, 585.00, 585.00, 2392, 3435, 13365, 84, 83, 35918, 0x0000000000000004
1791329534,561.25, 585.00, 585.00, 2430, 3435, 13365, 84, 80, 35900, 0x0000000000000004
1791329535,556.93, 585.00, 585.00, 2400, 3435, 13365, 83, 84, 35920, 0x0000000000000004
1791329536,546.20, 585.00, 585.00, 2407, 3435, 13365, 84, 95, 35980, 0x0000000000000004
1791329537,565.95, 585.00, 585.00, 2437, 3435, 13365, 84, 100, 35974, 0x0000000000000004
1791329538,553.60, 585.00, 585.00, 2422, 3435, 13365, 84, 85, 36002, 0x0000000000000004
1791329539,546.58, 585.00, 585.00, 2437, 3435, 13365, 84, 80, 36052, 0x0000000000000004
1791329540,526.57, 585.00, 585.00, 2452, 3435, 13365, 84, 81, 36076, 0x0000000000000004
1791329541,512.86, 585.00, 585.00, 2490, 3435, 13365, 79, 74, 35790, 0x0000000000000004
1791329542,496.38, 585.00, 585.00, 2437, 3435, 13365, 83, 90, 36110, 0x0000000000000004
1791329543,498.19, 585.00, 585.00, 2505, 3435, 13365, 82, 75, 36134, 0x0000000000000004
1791329544,499.66, 585.00, 585.00, 2512, 3435, 13365, 83, 71, 36166, 0x0000000000000000
1791329545,465.79, 585.00, 585.00, 2542, 3435, 13365, 80, 72, 36056, 0x0000000000000004
1791329546,434.33, 585.00, 585.00, 2520, 3435, 13365, 81, 72, 36148, 0x0000000000000004
1791329547,392.21, 585.00, 585.00, 2662, 3435, 13365, 75, 55, 36260, 0x0000000000000000
1791329548,351.16, 585.00, 585.00, 2715, 3435, 13365, 73, 60, 36386, 0x0000000000000000
1791329549,258.55, 585.00, 585.00, 2820, 3435, 13365, 70, 32, 36534, 0x0000000000000000
1791329550,154.11, 585.00, 585.00, 2820, 3435, 13365, 68, 0, 36542, 0x0000000000000000
1791329552,289.52, 585.00, 585.00, 2362, 3435, 13365, 81, 100, 88698, 0x0000000000000004
1791329553,585.38, 585.00, 585.00, 2212, 3435, 13365, 80, 100, 88698, 0x0000000000000004
1791329554,372.07, 585.00, 585.00, 2820, 3435, 13365, 81, 100, 87018, 0x0000000000000004
1791329555,588.96, 585.00, 585.00, 2407, 3435, 13365, 82, 100, 87014, 0x0000000000000004
1791329556,577.13, 585.00, 585.00, 2265, 3435, 13365, 84, 87, 86920, 0x0000000000000004
1791329557,587.31, 585.00, 585.00, 2400, 3435, 13365, 83, 100, 85900, 0x0000000000000004
1791329558,580.33, 585.00, 585.00, 2250, 3435, 13365, 84, 86, 86980, 0x0000000000000004
1791329559,577.69, 585.00, 585.00, 2310, 3435, 13365, 80, 100, 86882, 0x0000000000000004
1791329560,591.00, 585.00, 585.00, 2370, 3435, 13365, 84, 100, 85858, 0x0000000000000004
1791329561,579.77, 585.00, 585.00, 2272, 3435, 13365, 84, 100, 86938, 0x0000000000000004
1791329562,591.19, 585.00, 585.00, 2400, 3435, 13365, 84, 100, 86850, 0x0000000000000004
1791329563,583.93, 585.00, 585.00, 2332, 3435, 13365, 84, 86, 86910, 0x0000000000000004
1791329564,571.35, 585.00, 585.00, 2317, 3435, 13365, 84, 100, 86824, 0x0000000000000004
1791329565,584.15, 585.00, 585.00, 2400, 3435, 13365, 85, 100, 86820, 0x0000000000000004
1791329566,582.45, 585.00, 585.00, 2355, 3435, 13365, 85, 85, 86876, 0x0000000000000004
1791329567,578.19, 585.00, 585.00, 2287, 3435, 13365, 85, 100, 86792, 0x0000000000000004
1791329568,575.60, 585.00, 585.00, 2287, 3435, 13365, 83, 100, 86778, 0x0000000000000004
1791329569,583.71, 585.00, 585.00, 2287, 3435, 13365, 86, 93, 86838, 0x0000000000000004
1791329570,578.44, 585.00, 585.00, 2317, 3435, 13365, 85, 85, 86756, 0x0000000000000004
1791329571,571.87, 585.00, 585.00, 2407, 3435, 13365, 79, 94, 86740, 0x0000000000000004
1791329573,584.61, 585.00, 585.00, 2385, 3435, 13365, 79, 95, 86796, 0x0000000000000004
1791329574,579.48, 585.00, 585.00, 2385, 3435, 13365, 82, 100, 86718, 0x0000000000000004
1791329575,584.36, 585.00, 585.00, 2385, 3435, 13365, 80, 98, 86766, 0x0000000000000004
1791329576,590.21, 585.00, 585.00, 2340, 3435, 13365, 83, 85, 86684, 0x0000000000000004
1791329577,576.58, 585.00, 585.00, 2347, 3435, 13365, 85, 85, 86668, 0x0000000000000004
1791329578,585.17, 585.00, 585.00, 2317, 3435, 13365, 86, 89, 86728, 0x0000000000000004
1791329579,578.92, 585.00, 585.00, 2355, 3435, 13365, 86, 100, 86648, 0x0000000000000004
1791329580,581.52, 585.00, 585.00, 2377, 3435, 13365, 86, 100, 86692, 0x0000000000000004
1791329581,583.25, 585.00, 585.00, 2377, 3435, 13365, 86, 91, 85862, 0x0000000000000004
1791329582,573.57, 585.00, 585.00, 2385, 3435, 13365, 83, 90, 86660, 0x0000000000000004
1791329583,583.79, 585.00, 585.00, 2340, 3435, 13365, 86, 100, 86592, 0x0000000000000004
1791329584,576.67, 585.00, 585.00, 2370, 3435, 13365, 84, 84, 86516, 0x0000000000000004
1791329585,580.08, 585.00, 585.00, 2362, 3435, 13365, 86, 100, 86558, 0x0000000000000004
1791329586,578.82, 585.00, 585.00, 2362, 3435, 13365, 87, 100, 86538, 0x0000000000000004
1791329587,577.28, 585.00, 585.00, 2385, 3435, 13365, 84, 84, 86524, 0x0000000000000004
1791329588,580.62, 585.00, 585.00, 2377, 3435, 13365, 86, 100, 86506, 0x0000000000000004
1791329589,577.93, 585.00, 585.00, 2385, 3435, 13365, 86, 100, 86496, 0x0000000000000004
1791329590,576.26, 585.00, 585.00, 2385, 3435, 13365, 87, 100, 86472, 0x0000000000000004
1791329591,571.42, 585.00, 585.00, 2385, 3435, 13365, 87, 100, 85862, 0x0000000000000004
1791329592,576.29, 585.00, 585.00, 2385, 3435, 13365, 86, 100, 86486, 0x0000000000000004
1791329593,577.85, 585.00, 585.00, 2362, 3435, 13365, 87, 82, 86422, 0x0000000000000004
1791329595,577.34, 585.00, 585.00, 2392, 3435, 13365, 87, 100, 86414, 0x0000000000000004
1791329596,567.00, 585.00, 585.00, 2377, 3435, 13365, 87, 80, 86374, 0x0000000000000004
1791329597,563.61, 585.00, 585.00, 2400, 3435, 13365, 86, 79, 86356, 0x0000000000000004
1791329598,564.29, 585.00, 585.00, 2422, 3435, 13365, 80, 91, 86318, 0x0000000000000004
1791329599,551.88, 585.00, 585.00, 2400, 3435, 13365, 80, 87, 86312, 0x0000000000000004
1791329600,556.89, 585.00, 585.00, 2385, 3435, 13365, 87, 78, 86292, 0x0000000000000004
1791329601,567.30, 585.00, 585.00, 2437, 3435, 13365, 87, 100, 85864, 0x0000000000000004
1791329602,547.83, 585.00, 585.00, 2437, 3435, 13365, 87, 92, 85864, 0x0000000000000004
1791329603,549.76, 585.00, 585.00, 2467, 3435, 13365, 86, 95, 86220, 0x0000000000000004
1791329604,524.89, 585.00, 585.00, 2475, 3435, 13365, 85, 94, 86182, 0x0000000000000004
1791329605,519.07, 585.00, 585.00, 2460, 3435, 13365, 80, 75, 86152, 0x0000000000000004
1791329606,498.79, 585.00, 585.00, 2490, 3435, 13365, 84, 74, 86110, 0x0000000000000004
1791329607,503.02, 585.00, 585.00, 2505, 3435, 13365, 84, 86, 85866, 0x0000000000000004
1791329608,492.84, 585.00, 585.00, 2512, 3435, 13365, 79, 75, 86040, 0x0000000000000004
1791329609,436.69, 585.00, 585.00, 2557, 3435, 13365, 82, 73, 85968, 0x0000000000000004
1791329610,424.16, 585.00, 585.00, 2557, 3435, 13365, 82, 71, 85934, 0x0000000000000004
1791329611,387.88, 585.00, 585.00, 2685, 3435, 13365, 81, 56, 85920, 0x0000000000000000
1791329612,339.02, 585.00, 585.00, 2745, 3435, 13365, 75, 65, 85898, 0x0000000000000000
1791329613,378.01, 585.00, 585.00, 2632, 3435, 13365, 78, 79, 85940, 0x0000000000000004
1791329614,431.62, 585.00, 585.00, 2730, 3435, 13365, 71, 0, 85954, 0x0000000000000000
1791329615,98.22, 585.00, 585.00, 2820, 3435, 13365, 70, 0, 85954, 0x0000000000000000
1791329617,114.01, 585.00, 585.00, 2610, 3435, 13365, 73, 94, 85964, 0x0000000000000004
1791329618,385.93, 585.00, 585.00, 2662, 3435, 13365, 77, 74, 85964, 0x0000000000000000
1791329619,433.82, 585.00, 585.00, 2640, 3435, 13365, 76, 83, 85964, 0x0000000000000004
1791329620,445.18, 585.00, 585.00, 2580, 3435, 13365, 82, 100, 85964, 0x0000000000000004
1791329621,446.90, 585.00, 585.00, 2572, 3435, 13365, 81, 80, 85964, 0x0000000000000004
1791329622,443.91, 585.00, 585.00, 2520, 3435, 13365, 79, 54, 85964, 0x0000000000000004
1791329623,468.14, 585.00, 585.00, 2490, 3435, 13365, 80, 69, 85964, 0x0000000000000004
1791329624,438.40, 585.00, 585.00, 2505, 3435, 13365, 71, 55, 85964, 0x0000000000000000
1791329625,455.46, 585.00, 585.00, 2557, 3435, 13365, 83, 83, 85964, 0x0000000000000004
1791329626,403.49, 585.00, 585.00, 2707, 3435, 13365, 80, 100, 85964, 0x0000000000000004
1791329627,440.70, 585.00, 585.00, 2445, 3435, 13365, 74, 0, 85964, 0x0000000000000000
1791329628,411.54, 585.00, 585.00, 2685, 3435, 13365, 81, 100, 85964, 0x0000000000000004
1791329629,398.21, 585.00, 585.00, 2587, 3435, 13365, 71, 100, 85964, 0x0000000000000000
1791329630,452.73, 585.00, 585.00, 2467, 3435, 13365, 83, 33, 85964, 0x0000000000000004
1791329631,411.12, 585.00, 585.00, 2782, 3435, 13365, 82, 100, 85964, 0x0000000000000004
1791329632,411.12, 585.00, 585.00, 2782, 3435, 13365, 71, 29, 85964, 0x0000000000000000
1791329633,412.54, 585.00, 585.00, 2745, 3435, 13365, 83, 100, 85964, 0x0000000000000004
1791329634,437.68, 585.00, 585.00, 2512, 3435, 13365, 71, 0, 85964, 0x0000000000000000
1791329635,483.75, 585.00, 585.00, 2655, 3435, 13365, 78, 85, 85964, 0x0000000000000000
1791329636,451.02, 585.00, 585.00, 2677, 3435, 13365, 78, 83, 85964, 0x0000000000000000
1791329638,459.07, 585.00, 585.00, 2655, 3435, 13365, 75, 83, 85964, 0x0000000000000004
1791329639,464.86, 585.00, 585.00, 2617, 3435, 13365, 82, 82, 85964, 0x0000000000000004
1791329640,465.48, 585.00, 585.00, 2580, 3435, 13365, 80, 60, 85964, 0x0000000000000000
1791329641,450.03, 585.00, 585.00, 2617, 3435, 13365, 77, 100, 85964, 0x0000000000000004
1791329642,447.82, 585.00, 585.00, 2587, 3435, 13365, 79, 52, 85964, 0x0000000000000000
1791329643,375.90, 585.00, 585.00, 2677, 3435, 13365, 76, 12, 85964, 0x0000000000000000
1791329644,443.30, 585.00, 585.00, 2467, 3435, 13365, 82, 100, 85964, 0x0000000000000000
1791329645,395.40, 585.00, 585.00, 2775, 3435, 13365, 81, 78, 85964, 0x0000000000000004
1791329646,460.35, 585.00, 585.00, 2587, 3435, 13365, 82, 88, 85964, 0x0000000000000004
1791329647,397.71, 585.00, 585.00, 2640, 3435, 13365, 70, 100, 85964, 0x0000000000000000
1791329648,471.48, 585.00, 585.00, 2520, 3435, 13365, 82, 58, 85964, 0x0000000000000004
1791329649,391.74, 585.00, 585.00, 2722, 3435, 13365, 80, 100, 85964, 0x0000000000000004
1791329650,478.74, 585.00, 585.00, 2475, 3435, 13365, 77, 28, 85964, 0x0000000000000004
1791329651,387.20, 585.00, 585.00, 2797, 3435, 13365, 81, 100, 85964, 0x0000000000000004
1791329652,472.64, 585.00, 585.00, 2460, 3435, 13365, 74, 0, 85964, 0x0000000000000004
1791329653,402.21, 585.00, 585.00, 2790, 3435, 13365, 82, 100, 85964, 0x0000000000000004
1791329654,461.85, 585.00, 585.00, 2460, 3435, 13365, 71, 2, 85964, 0x0000000000000000
1791329655,416.23, 585.00, 585.00, 2685, 3435, 13365, 79, 76, 85972, 0x0000000000000000
1791329656,405.26, 585.00, 585.00, 2692, 3435, 13365, 73, 80, 85972, 0x0000000000000004
1791329657,411.50, 585.00, 585.00, 2512, 3435, 13365, 79, 57, 85972, 0x0000000000000004
1791329659,460.01, 585.00, 585.00, 2452, 3435, 13365, 71, 51, 85972, 0x0000000000000000
1791329660,460.26, 585.00, 585.00, 2580, 3435, 13365, 81, 87, 85972, 0x0000000000000004
1791329661,444.92, 585.00, 585.00, 2437, 3435, 13365, 80, 100, 85972, 0x0000000000000004
1791329662,496.85, 585.00, 585.00, 2512, 3435, 13365, 81, 100, 85972, 0x0000000000000004
1791329663,498.47, 585.00, 585.00, 2550, 3435, 13365, 80, 93, 85972, 0x0000000000000004
1791329664,456.39, 585.00, 585.00, 2407, 3435, 13365, 71, 39, 85972, 0x0000000000000000
1791329665,469.12, 585.00, 585.00, 2482, 3435, 13365, 81, 100, 85972, 0x0000000000000004
1791329666,473.30, 585.00, 585.00, 2752, 3435, 13365, 82, 74, 85972, 0x0000000000000004
1791329667,473.76, 585.00, 585.00, 2460, 3435, 13365, 80, 16, 85972, 0x0000000000000004
1791329668,489.65, 585.00, 585.00, 2445, 3435, 13365, 82, 0, 85972, 0x0000000000000004
1791329669,483.93, 585.00, 585.00, 2460, 3435, 13365, 82, 0, 85972, 0x0000000000000004
1791329670,493.85, 585.00, 585.00, 2460, 3435, 13365, 81, 0, 85972, 0x0000000000000004
1791329671,372.56, 585.00, 585.00, 2760, 3435, 13365, 81, 12, 85972, 0x0000000000000004
1791329672,485.55, 585.00, 585.00, 2805, 3435, 13365, 82, 100, 85972, 0x0000000000000004
1791329673,471.60, 585.00, 585.00, 2775, 3435, 13365, 81, 100, 85972, 0x0000000000000004
1791329674,486.28, 585.00, 585.00, 2715, 3435, 13365, 80, 100, 85972, 0x0000000000000004
1791329675,461.26, 585.00, 585.00, 2662, 3435, 13365, 70, 100, 85972, 0x0000000000000000
1791329676,461.85, 585.00, 585.00, 2467, 3435, 13365, 81, 88, 85972, 0x0000000000000004
1791329677,457.92, 585.00, 585.00, 2475, 3435, 13365, 81, 100, 85972, 0x0000000000000004
1791329678,489.69, 585.00, 585.00, 2475, 3435, 13365, 82, 100, 85972, 0x0000000000000004
1791329680,468.79, 585.00, 585.00, 2550, 3435, 13365, 81, 100, 85972, 0x0000000000000004
1791329681,479.19, 585.00, 585.00, 2632, 3435, 13365, 80, 100, 85972, 0x0000000000000004
1791329682,489.17, 585.00, 585.00, 2670, 3435, 13365, 82, 100, 85972, 0x0000000000000004
1791329683,489.33, 585.00, 585.00, 2490, 3435, 13365, 82, 100, 85972, 0x0000000000000004
1791329684,478.78, 585.00, 585.00, 2790, 3435, 13365, 80, 100, 85972, 0x0000000000000004
1791329685,483.74, 585.00, 585.00, 2790, 3435, 13365, 82, 98, 85972, 0x0000000000000004
1791329686,494.94, 585.00, 585.00, 2640, 3435, 13365, 79, 87, 85972, 0x0000000000000004
1791329687,499.87, 585.00, 585.00, 2632, 3435, 13365, 78, 83, 85972, 0x0000000000000004
1791329688,485.56, 585.00, 585.00, 2542, 3435, 13365, 82, 94, 85972, 0x0000000000000004
1791329689,506.70, 585.00, 585.00, 2497, 3435, 13365, 73, 70, 85972, 0x0000000000000004
1791329690,495.59, 585.00, 585.00, 2535, 3435, 13365, 82, 100, 85972, 0x0000000000000004
1791329691,335.18, 585.00, 585.00, 2812, 3435, 13365, 70, 77, 85972, 0x0000000000000000
1791329692,428.82, 585.00, 585.00, 2760, 3435, 13365, 82, 100, 85972, 0x0000000000000004
1791329693,417.39, 585.00, 585.00, 2527, 3435, 13365, 70, 100, 85972, 0x0000000000000000
1791329694,466.93, 585.00, 585.00, 2512, 3435, 13365, 82, 67, 85972, 0x0000000000000004
1791329695,422.54, 585.00, 585.00, 2647, 3435, 13365, 78, 100, 85972, 0x0000000000000004
1791329696,438.11, 585.00, 585.00, 2460, 3435, 13365, 74, 79, 85972, 0x0000000000000004
1791329697,430.46, 585.00, 585.00, 2670, 3435, 13365, 82, 100, 85972, 0x0000000000000004
1791329699,341.30, 585.00, 585.00, 2632, 3435, 13365, 81, 100, 85972, 0x0000000000000004
1791329700,404.09, 585.00, 585.00, 2760, 3435, 13365, 80, 100, 85972, 0x0000000000000004
1791329701,443.63, 585.00, 585.00, 2460, 3435, 13365, 72, 0, 85972, 0x0000000000000000
1791329702,469.27, 585.00, 585.00, 2647, 3435, 13365, 82, 100, 85972, 0x0000000000000004
1791329703,408.32, 585.00, 585.00, 2655, 3435, 13365, 80, 100, 85972, 0x0000000000000004
1791329704,348.62, 585.00, 585.00, 2820, 3435, 13365, 80, 100, 85972, 0x0000000000000004
1791329705,456.31, 585.00, 585.00, 2655, 3435, 13365, 75, 84, 85972, 0x0000000000000004
1791329706,501.16, 585.00, 585.00, 2430, 3435, 13365, 81, 71, 85972, 0x0000000000000004
1791329707,543.24, 585.00, 585.00, 2437, 3435, 13365, 81, 88, 85972, 0x0000000000000004
1791329708,559.35, 585.00, 585.00, 2407, 3435, 13365, 82, 100, 85972, 0x0000000000000004
1791329709,552.44, 585.00, 585.00, 2437, 3435, 13365, 79, 90, 85972, 0x0000000000000004
1791329710,556.97, 585.00, 585.00, 2430, 3435, 13365, 81, 88, 85972, 0x0000000000000004
1791329711,553.74, 585.00, 585.00, 2430, 3435, 13365, 81, 87, 85972, 0x0000000000000004
1791329712,541.35, 585.00, 585.00, 2460, 3435, 13365, 81, 88, 85972, 0x0000000000000004
1791329713,586.23, 585.00, 585.00, 2467, 3435, 13365, 84, 100, 85972, 0x0000000000000004
1791329714,574.85, 585.00, 585.00, 2460, 3435, 13365, 84, 100, 85972, 0x0000000000000004
1791329715,580.22, 585.00, 585.00, 2497, 3435, 13365, 84, 100, 85972, 0x0000000000000004
1791329716,570.20, 585.00, 585.00, 2475, 3435, 13365, 81, 100, 85972, 0x0000000000000004
1791329718,576.09, 585.00, 585.00, 2475, 3435, 13365, 84, 100, 85972, 0x0000000000000004
1791329719,576.72, 585.00, 585.00, 2497, 3435, 13365, 84, 79, 85972, 0x0000000000000004
1791329720,573.87, 585.00, 585.00, 2460, 3435, 13365, 84, 100, 85972, 0x0000000000000004
1791329721,577.84, 585.00, 585.00, 2475, 3435, 13365, 83, 89, 85972, 0x0000000000000004
1791329722,574.66, 585.00, 585.00, 2437, 3435, 13365, 84, 100, 85972, 0x0000000000000004
1791329723,576.88, 585.00, 585.00, 2482, 3435, 13365, 84, 100, 85972, 0x0000000000000004
1791329724,576.64, 585.00, 585.00, 2430, 3435, 13365, 85, 100, 85972, 0x0000000000000004
1791329725,565.96, 585.00, 585.00, 2482, 3435, 13365, 85, 100, 85972, 0x0000000000000004
1791329726,572.94, 585.00, 585.00, 2437, 3435, 13365, 86, 100, 85972, 0x0000000000000004
1791329727,577.58, 585.00, 585.00, 2497, 3435, 13365, 85, 100, 85972, 0x0000000000000004
1791329728,494.48, 585.00, 585.00, 2602, 3435, 13365, 84, 42, 85972, 0x0000000000000004
1791329729,388.44, 585.00, 585.00, 2595, 3435, 13365, 73, 100, 85972, 0x0000000000000004
1791329730,479.75, 585.00, 585.00, 2512, 3435, 13365, 85, 0, 85972, 0x0000000000000004
1791329731,394.39, 585.00, 585.00, 2715, 3435, 13365, 82, 100, 85972, 0x0000000000000004
1791329732,452.94, 585.00, 585.00, 2460, 3435, 13365, 81, 7, 85972, 0x0000000000000000
1791329733,423.38, 585.00, 585.00, 2805, 3435, 13365, 82, 100, 85972, 0x0000000000000004
1791329734,384.36, 585.00, 585.00, 2617, 3435, 13365, 74, 80, 85972, 0x0000000000000000
1791329735,459.15, 585.00, 585.00, 2707, 3435, 13365, 84, 80, 85972, 0x0000000000000004
1791329736,360.64, 585.00, 585.00, 2670, 3435, 13365, 78, 100, 85972, 0x0000000000000004
1791329737,370.69, 585.00, 585.00, 2820, 3435, 13365, 81, 100, 85972, 0x0000000000000004
1791329738,438.20, 585.00, 585.00, 2467, 3435, 13365, 76, 29, 85972, 0x0000000000000000
1791329740,424.84, 585.00, 585.00, 2797, 3435, 13365, 81, 100, 85972, 0x0000000000000004
1791329741,396.73, 585.00, 585.00, 2625, 3435, 13365, 74, 0, 85972, 0x0000000000000000
1791329742,444.44, 585.00, 585.00, 2745, 3435, 13365, 83, 100, 85972, 0x0000000000000004
1791329743,409.93, 585.00, 585.00, 2452, 3435, 13365, 73, 29, 85972, 0x0000000000000000
1791329744,390.85, 585.00, 585.00, 2820, 3435, 13365, 81, 100, 85972, 0x0000000000000004
1791329745,433.57, 585.00, 585.00, 2475, 3435, 13365, 81, 47, 85972, 0x0000000000000000
1791329746,438.50, 585.00, 585.00, 2760, 3435, 13365, 70, 63, 85972, 0x0000000000000004
1791329747,376.05, 585.00, 585.00, 2820, 3435, 13365, 81, 100, 85972, 0x0000000000000004
1791329748,430.14, 585.00, 585.00, 2475, 3435, 13365, 78, 0, 85972, 0x0000000000000000
1791329749,364.01, 585.00, 585.00, 2707, 3435, 13365, 70, 100, 85972, 0x0000000000000004
1791329750,467.36, 585.00, 585.00, 2565, 3435, 13365, 82, 18, 85972, 0x0000000000000004
1791329751,413.95, 585.00, 585.00, 2820, 3435, 13365, 70, 100, 85972, 0x0000000000000000
1791329752,433.81, 585.00, 585.00, 2467, 3435, 13365, 82, 37, 85972, 0x0000000000000004
1791329753,366.97, 585.00, 585.00, 2482, 3435, 13365, 72, 100, 85972, 0x0000000000000000
1791329754,399.18, 585.00, 585.00, 2782, 3435, 13365, 80, 83, 85972, 0x0000000000000004
1791329755,402.77, 585.00, 585.00, 2460, 3435, 13365, 72, 49, 85972, 0x0000000000000000
1791329756,311.00, 585.00, 585.00, 2812, 3435, 13365, 69, 100, 85972, 0x0000000000000000
1791329757,380.71, 585.00, 585.00, 2820, 3435, 13365, 77, 16, 85972, 0x0000000000000004
1791329758,298.21, 585.00, 585.00, 2745, 3435, 13365, 69, 0, 85972, 0x0000000000000000
1791329759,348.43, 585.00, 585.00, 2820, 3435, 13365, 68, 85, 85972, 0x0000000000000004
1791329761,376.10, 585.00, 585.00, 2812, 3435, 13365, 80, 100, 85972, 0x0000000000000004
1791329762,399.74, 585.00, 585.00, 2625, 3435, 13365, 81, 100, 85972, 0x0000000000000004
1791329763,313.86, 585.00, 585.00, 2820, 3435, 13365, 75, 7, 85972, 0x0000000000000000
1791329764,315.41, 585.00, 585.00, 2550, 3435, 13365, 69, 25, 85972, 0x0000000000000000
1791329765,297.59, 585.00, 585.00, 2775, 3435, 13365, 68, 0, 85972, 0x0000000000000000
1791329766,370.41, 585.00, 585.00, 2820, 3435, 13365, 75, 100, 85972, 0x0000000000000004
1791329767,404.50, 585.00, 585.00, 2715, 3435, 13365, 78, 100, 85972, 0x0000000000000004
1791329768,368.30, 585.00, 585.00, 2520, 3435, 13365, 67, 72, 85972, 0x0000000000000004
1791329769,320.75, 585.00, 585.00, 2467, 3435, 13365, 79, 0, 85972, 0x0000000000000004
1791329770,381.76, 585.00, 585.00, 2617, 3435, 13365, 78, 29, 85972, 0x0000000000000004
1791329771,349.33, 585.00, 585.00, 2482, 3435, 13365, 74, 12, 85972, 0x0000000000000000
1791329772,294.00, 585.00, 585.00, 2550, 3435, 13365, 68, 100, 85972, 0x0000000000000000
1791329773,306.13, 585.00, 585.00, 2745, 3435, 13365, 67, 100, 85972, 0x0000000000000000
1791329774,192.18, 585.00, 585.00, 2820, 3435, 13365, 75, 0, 85972, 0x0000000000000004
1791329775,256.54, 585.00, 585.00, 2820, 3435, 13365, 65, 0, 85972, 0x0000000000000000
1791329776,182.71, 585.00, 585.00, 2820, 3435, 13365, 75, 0, 85972, 0x0000000000000004
1791329777,250.14, 585.00, 585.00, 2820, 3435, 13365, 64, 0, 85972, 0x0000000000000000
1791329778,304.35, 585.00, 585.00, 2497, 3435, 13365, 71, 16, 85972, 0x0000000000000000
1791329779,104.81, 585.00, 585.00, 2820, 3435, 13365, 77, 100, 85972, 0x0000000000000004
1791329780,158.16, 585.00, 585.00, 2820, 3435, 13365, 63, 0, 85972, 0x0000000000000000
1791329781,296.05, 585.00, 585.00, 2580, 3435, 13365, 77, 92, 85972, 0x0000000000000004
1791329783,138.34, 585.00, 585.00, 2820, 3435, 13365, 63, 0, 85972, 0x0000000000000000
1791329784,283.64, 585.00, 585.00, 2715, 3435, 13365, 64, 0, 85972, 0x0000000000000000
1791329785,158.79, 585.00, 585.00, 2820, 3435, 13365, 70, 100, 85972, 0x0000000000000004
1791329786,265.69, 585.00, 585.00, 2820, 3435, 13365, 62, 0, 85972, 0x0000000000000000
1791329787,300.78, 585.00, 585.00, 2512, 3435, 13365, 71, 33, 85972, 0x0000000000000000
1791329788,113.57, 585.00, 585.00, 2820, 3435, 13365, 62, 29, 85972, 0x0000000000000000
1791329789,169.52, 585.00, 585.00, 2820, 3435, 13365, 61, 0, 85972, 0x0000000000000000
1791329790,300.32, 585.00, 585.00, 2625, 3435, 13365, 63, 100, 85972, 0x0000000000000000
1791329791,194.08, 585.00, 585.00, 2820, 3435, 13365, 61, 0, 85972, 0x0000000000000000
1791329792,290.37, 585.00, 585.00, 2550, 3435, 13365, 63, 100, 85972, 0x0000000000000000
1791329793,96.20, 585.00, 585.00, 2820, 3435, 13365, 61, 0, 85972, 0x0000000000000000
1791329794,272.19, 585.00, 585.00, 2820, 3435, 13365, 61, 44, 85972, 0x0000000000000000
1791329795,252.60, 585.00, 585.00, 2700, 3435, 13365, 74, 29, 85972, 0x0000000000000004
1791329796,176.38, 585.00, 585.00, 2820, 3435, 13365, 60, 0, 85972, 0x0000000000000000
1791329797,298.97, 585.00, 585.00, 2580, 3435, 13365, 62, 100, 85972, 0x0000000000000000
1791329798,101.77, 585.00, 585.00, 2820, 3435, 13365, 60, 0, 85972, 0x0000000000000000
1791329799,271.82, 585.00, 585.00, 2820, 3435, 13365, 60, 0, 85972, 0x0000000000000000
1791329800,276.42, 585.00, 585.00, 2640, 3435, 13365, 73, 29, 85972, 0x0000000000000004
1791329801,197.42, 585.00, 585.00, 2820, 3435, 13365, 70, 100, 85972, 0x0000000000000004
1791329802,197.42, 585.00, 585.00, 2820, 3435, 13365, 59, 0, 85972, 0x0000000000000000
1791329803,297.49, 585.00, 585.00, 2512, 3435, 13365, 64, 0, 85972, 0x0000000000000000
1791329805,94.24, 585.00, 585.00, 2820, 3435, 13365, 61, 28, 85972, 0x0000000000000000
1791329806,288.13, 585.00, 585.00, 2820, 3435, 13365, 60, 0, 85972, 0x0000000000000000
1791329807,209.90, 585.00, 585.00, 2797, 3435, 13365, 72, 100, 85972, 0x0000000000000004
1791329808,457.74, 585.00, 585.00, 2520, 3435, 13365, 71, 100, 85972, 0x0000000000000004
1791329809,471.07, 585.00, 585.00, 2775, 3435, 13365, 72, 100, 85972, 0x0000000000000004
1791329810,484.36, 585.00, 585.00, 2745, 3435, 13365, 73, 100, 85972, 0x0000000000000004
1791329811,473.14, 585.00, 585.00, 2520, 3435, 13365, 75, 100, 85972, 0x0000000000000004
1791329812,484.58, 585.00, 585.00, 2512, 3435, 13365, 74, 100, 85972, 0x0000000000000004
1791329813,473.71, 585.00, 585.00, 2490, 3435, 13365, 76, 100, 85972, 0x0000000000000004
1791329814,482.42, 585.00, 585.00, 2617, 3435, 13365, 76, 95, 85972, 0x0000000000000004
1791329815,480.05, 585.00, 585.00, 2482, 3435, 13365, 76, 83, 85972, 0x0000000000000004
1791329816,492.73, 585.00, 585.00, 2482, 3435, 13365, 76, 77, 85972, 0x0000000000000004
1791329817,487.25, 585.00, 585.00, 2490, 3435, 13365, 75, 54, 85972, 0x0000000000000004
1791329818,478.86, 585.00, 585.00, 2490, 3435, 13365, 76, 41, 85972, 0x0000000000000004
1791329819,483.40, 585.00, 585.00, 2542, 3435, 13365, 76, 34, 85972, 0x0000000000000004
1791329820,476.45, 585.00, 585.00, 2490, 3435, 13365, 76, 12, 85972, 0x0000000000000004
1791329821,486.51, 585.00, 585.00, 2482, 3435, 13365, 66, 0, 85972, 0x0000000000000000
1791329822,488.22, 585.00, 585.00, 2475, 3435, 13365, 67, 0, 85972, 0x0000000000000000
1791329823,453.14, 585.00, 585.00, 2482, 3435, 13365, 67, 0, 85972, 0x0000000000000000
1791329825,474.45, 585.00, 585.00, 2527, 3435, 13365, 68, 0, 85972, 0x0000000000000000
1791329826,486.87, 585.00, 585.00, 2490, 3435, 13365, 71, 29, 85972, 0x0000000000000000
1791329827,486.67, 585.00, 585.00, 2520, 3435, 13365, 78, 77, 85972, 0x0000000000000004
1791329828,477.23, 585.00, 585.00, 2512, 3435, 13365, 78, 100, 85972, 0x0000000000000004
1791329829,474.47, 585.00, 585.00, 2512, 3435, 13365, 79, 100, 85972, 0x0000000000000004
1791329830,470.67, 585.00, 585.00, 2505, 3435, 13365, 79, 100, 85972, 0x0000000000000004
1791329831,484.39, 585.00, 585.00, 2752, 3435, 13365, 79, 100, 85972, 0x0000000000000004
1791329832,484.60, 585.00, 585.00, 2655, 3435, 13365, 74, 100, 85972, 0x0000000000000004
1791329833,473.61, 585.00, 585.00, 2647, 3435, 13365, 66, 100, 85972, 0x0000000000000004
1791329834,487.12, 585.00, 585.00, 2587, 3435, 13365, 67, 100, 85972, 0x0000000000000004
1791329835,484.22, 585.00, 585.00, 2580, 3435, 13365, 67, 100, 85972, 0x0000000000000004
1791329836,495.25, 585.00, 585.00, 2475, 3435, 13365, 79, 100, 85972, 0x0000000000000000
1791329837,488.61, 585.00, 585.00, 2527, 3435, 13365, 68, 32, 85972, 0x0000000000000000
1791329838,455.67, 585.00, 585.00, 2512, 3435, 13365, 68, 0, 85972, 0x0000000000000000
1791329839,489.86, 585.00, 585.00, 2467, 3435, 13365, 69, 0, 85972, 0x0000000000000000
1791329840,490.03, 585.00, 585.00, 2505, 3435, 13365, 78, 0, 85972, 0x0000000000000004
1791329841,490.03, 585.00, 585.00, 2505, 3435, 13365, 80, 0, 85972, 0x0000000000000000
1791329843,476.79, 585.00, 585.00, 2565, 3435, 13365, 79, 0, 85972, 0x0000000000000004
1791329844,479.65, 585.00, 585.00, 2617, 3435, 13365, 79, 29, 85972, 0x0000000000000004
1791329845,494.35, 585.00, 585.00, 2640, 3435, 13365, 78, 50, 85972, 0x0000000000000004
1791329846,483.27, 585.00, 585.00, 2692, 3435, 13365, 79, 64, 85972, 0x0000000000000004
1791329847,479.49, 585.00, 585.00, 2752, 3435, 13365, 80, 77, 85972, 0x0000000000000004
1791329848,480.27, 585.00, 585.00, 2505, 3435, 13365, 78, 100, 85972, 0x0000000000000004
1791329849,478.89, 585.00, 585.00, 2805, 3435, 13365, 78, 100, 85972, 0x0000000000000004
1791329850,494.64, 585.00, 585.00, 2775, 3435, 13365, 80, 100, 85972, 0x0000000000000004
1791329851,490.86, 585.00, 585.00, 2482, 3435, 13365, 79, 100, 85972, 0x0000000000000004
1791329852,472.81, 585.00, 585.00, 2475, 3435, 13365, 80, 100, 85972, 0x0000000000000004
1791329853,472.81, 585.00, 585.00, 2475, 3435, 13365, 79, 100, 85972, 0x0000000000000004
1791329854,485.33, 585.00, 585.00, 2452, 3435, 13365, 81, 100, 85972, 0x0000000000000004
1791329855,486.54, 585.00, 585.00, 2460, 3435, 13365, 79, 100, 85972, 0x0000000000000004
1791329856,472.97, 585.00, 585.00, 2475, 3435, 13365, 80, 100, 85972, 0x0000000000000004
1791329857,496.39, 585.00, 585.00, 2475, 3435, 13365, 79, 94, 85972, 0x0000000000000004
1791329858,479.61, 585.00, 585.00, 2475, 3435, 13365, 80, 85, 85972, 0x0000000000000004
1791329859,470.20, 585.00, 585.00, 2542, 3435, 13365, 81, 80, 85972, 0x0000000000000004
1791329860,480.60, 585.00, 585.00, 2617, 3435, 13365, 81, 100, 85972, 0x0000000000000000
1791329861,477.73, 585.00, 585.00, 2497, 3435, 13365, 81, 100, 85972, 0x0000000000000004
1791329862,486.52, 585.00, 585.00, 2497, 3435, 13365, 81, 100, 85972, 0x0000000000000004
1791329864,488.62, 585.00, 585.00, 2482, 3435, 13365, 82, 100, 85972, 0x0000000000000004
1791329865,486.44, 585.00, 585.00, 2805, 3435, 13365, 82, 100, 85972, 0x0000000000000004
1791329866,483.59, 585.00, 585.00, 2482, 3435, 13365, 80, 100, 85972, 0x0000000000000004
1791329867,483.73, 585.00, 585.00, 2475, 3435, 13365, 82, 100, 85972, 0x0000000000000004
1791329868,484.87, 585.00, 585.00, 2467, 3435, 13365, 82, 100, 85972, 0x0000000000000004
1791329869,478.64, 585.00, 585.00, 2452, 3435, 13365, 82, 85, 85972, 0x0000000000000004
1791329870,245.12, 585.00, 585.00, 2820, 3435, 13365, 68, 0, 85972, 0x0000000000000000
1791329871,293.02, 585.00, 585.00, 2820, 3435, 13365, 67, 29, 85972, 0x0000000000000000
1791329872,481.92, 585.00, 585.00, 2490, 3435, 13365, 79, 56, 85972, 0x0000000000000004
1791329873,213.32, 585.00, 585.00, 2820, 3435, 13365, 78, 100, 85972, 0x0000000000000004
1791329874,391.42, 585.00, 585.00, 2707, 3435, 13365, 68, 0, 85972, 0x0000000000000000
1791329875,352.19, 585.00, 585.00, 2475, 3435, 13365, 79, 100, 85972, 0x0000000000000004
1791329876,277.58, 585.00, 585.00, 2820, 3435, 13365, 67, 29, 85972, 0x0000000000000000
1791329877,277.54, 585.00, 585.00, 2655, 3435, 13365, 81, 35, 85972, 0x0000000000000000
1791329878,212.13, 585.00, 585.00, 2820, 3435, 13365, 78, 100, 85972, 0x0000000000000004
1791329879,395.92, 585.00, 585.00, 2775, 3435, 13365, 67, 0, 85972, 0x0000000000000000
1791329880,383.42, 585.00, 585.00, 2467, 3435, 13365, 78, 100, 85972, 0x0000000000000004
1791329881,319.86, 585.00, 585.00, 2520, 3435, 13365, 79, 0, 85972, 0x0000000000000004
1791329882,299.32, 585.00, 585.00, 2820, 3435, 13365, 66, 0, 85972, 0x0000000000000000
1791329883,480.73, 585.00, 585.00, 2512, 3435, 13365, 80, 100, 85972, 0x0000000000000004
1791329885,220.93, 585.00, 585.00, 2820, 3435, 13365, 78, 0, 85972, 0x0000000000000004
1791329886,402.78, 585.00, 585.00, 2752, 3435, 13365, 66, 100, 85972, 0x0000000000000000
1791329887,383.10, 585.00, 585.00, 2475, 3435, 13365, 77, 74, 85972, 0x0000000000000004
1791329888,245.91, 585.00, 585.00, 2820, 3435, 13365, 65, 0, 85972, 0x0000000000000000
1791329889,479.30, 585.00, 585.00, 2475, 3435, 13365, 67, 89, 85972, 0x0000000000000000
1791329890,270.24, 585.00, 585.00, 2670, 3435, 13365, 77, 29, 85972, 0x0000000000000004
1791329891,340.67, 585.00, 585.00, 2820, 3435, 13365, 65, 48, 85972, 0x0000000000000000
1791329892,393.24, 585.00, 585.00, 2775, 3435, 13365, 65, 0, 85972, 0x0000000000000000
1791329893,384.13, 585.00, 585.00, 2475, 3435, 13365, 78, 100, 85972, 0x0000000000000004
1791329894,207.73, 585.00, 585.00, 2820, 3435, 13365, 65, 0, 85972, 0x0000000000000000
1791329895,445.37, 585.00, 585.00, 2482, 3435, 13365, 66, 0, 85972, 0x0000000000000000
1791329896,265.26, 585.00, 585.00, 2677, 3435, 13365, 78, 100, 85972, 0x0000000000000004
1791329897,341.52, 585.00, 585.00, 2820, 3435, 13365, 65, 0, 85972, 0x0000000000000000
1791329898,429.95, 585.00, 585.00, 2505, 3435, 13365, 79, 100, 85972, 0x0000000000000004
1791329899,175.37, 585.00, 585.00, 2505, 3435, 13365, 74, 32, 85972, 0x0000000000000000
1791329900,444.16, 585.00, 585.00, 2520, 3435, 13365, 65, 0, 85972, 0x0000000000000000
1791329901,102.40, 585.00, 585.00, 2820, 3435, 13365, 63, 0, 85972, 0x0000000000000000
1791329902,100.93, 585.00, 585.00, 2820, 3435, 13365, 62, 0, 85972, 0x0000000000000000
1791329903,452.46, 585.00, 585.00, 2430, 3435, 13365, 75, 92, 86148, 0x0000000000000004
1791329905,549.12, 585.00, 585.00, 2422, 3435, 13365, 75, 95, 86470, 0x0000000000000004
1791329906,545.88, 585.00, 585.00, 2430, 3435, 13365, 73, 93, 86750, 0x0000000000000004
1791329907,540.88, 585.00, 585.00, 2430, 3435, 13365, 77, 87, 87030, 0x0000000000000004
1791329908,538.03, 585.00, 585.00, 2430, 3435, 13365, 77, 88, 87152, 0x0000000000000004
1791329909,534.83, 585.00, 585.00, 2422, 3435, 13365, 77, 100, 87152, 0x0000000000000004
1791329910,534.53, 585.00, 585.00, 2445, 3435, 13365, 73, 93, 87152, 0x0000000000000004
1791329911,528.70, 585.00, 585.00, 2452, 3435, 13365, 78, 87, 87152, 0x0000000000000004
1791329912,524.77, 585.00, 585.00, 2422, 3435, 13365, 77, 100, 87152, 0x0000000000000004
1791329913,530.14, 585.00, 585.00, 2415, 3435, 13365, 77, 87, 87152, 0x0000000000000004
1791329914,530.70, 585.00, 585.00, 2445, 3435, 13365, 79, 96, 87152, 0x0000000000000004
1791329915,525.94, 585.00, 585.00, 2422, 3435, 13365, 78, 85, 87152, 0x0000000000000004
1791329916,533.96, 585.00, 585.00, 2422, 3435, 13365, 76, 100, 87152, 0x0000000000000004
1791329917,537.03, 585.00, 585.00, 2430, 3435, 13365, 79, 86, 87152, 0x0000000000000004
1791329918,536.94, 585.00, 585.00, 2415, 3435, 13365, 79, 86, 87152, 0x0000000000000004
1791329919,541.47, 585.00, 585.00, 2437, 3435, 13365, 79, 93, 87152, 0x0000000000000004
1791329920,545.72, 585.00, 585.00, 2415, 3435, 13365, 78, 87, 87152, 0x0000000000000004
1791329921,548.19, 585.00, 585.00, 2415, 3435, 13365, 76, 100, 87152, 0x0000000000000004
1791329922,540.64, 585.00, 585.00, 2422, 3435, 13365, 79, 97, 87152, 0x0000000000000004
1791329923,543.76, 585.00, 585.00, 2430, 3435, 13365, 80, 93, 87152, 0x0000000000000004
1791329924,541.58, 585.00, 585.00, 2415, 3435, 13365, 80, 88, 87152, 0x0000000000000004
1791329926,529.16, 585.00, 585.00, 2415, 3435, 13365, 79, 100, 87152, 0x0000000000000004
1791329927,533.88, 585.00, 585.00, 2437, 3435, 13365, 81, 87, 87152, 0x0000000000000004
1791329928,531.58, 585.00, 585.00, 2407, 3435, 13365, 80, 90, 87152, 0x0000000000000004
1791329929,534.77, 585.00, 585.00, 2437, 3435, 13365, 75, 93, 87152, 0x0000000000000004
1791329930,534.74, 585.00, 585.00, 2430, 3435, 13365, 81, 90, 87152, 0x0000000000000004
1791329931,529.89, 585.00, 585.00, 2415, 3435, 13365, 81, 96, 87152, 0x0000000000000004
1791329932,422.24, 585.00, 585.00, 2557, 3435, 13365, 69, 94, 87152, 0x0000000000000000
1791329933,139.66, 585.00, 585.00, 2820, 3435, 13365, 68, 0, 87152, 0x0000000000000000
1791329934,93.47, 585.00, 585.00, 2820, 3435, 13365, 66, 0, 87152, 0x0000000000000000
1791329935,80.00, 585.00, 585.00, 2610, 3435, 13365, 66, 0, 87152, 0x0000000000000000
1791329936,125.40, 585.00, 585.00, 2610, 3435, 13365, 76, 94, 87152, 0x0000000000000004
1791329937,542.71, 585.00, 585.00, 2437, 3435, 13365, 78, 93, 87152, 0x0000000000000004
1791329938,542.10, 585.00, 585.00, 2430, 3435, 13365, 79, 93, 87152, 0x0000000000000004
1791329939,545.30, 585.00, 585.00, 2430, 3435, 13365, 79, 93, 87152, 0x0000000000000004
1791329940,548.49, 585.00, 585.00, 2422, 3435, 13365, 79, 94, 87152, 0x0000000000000004
1791329941,545.96, 585.00, 585.00, 2437, 3435, 13365, 80, 100, 87432, 0x0000000000000004
1791329942,538.72, 585.00, 585.00, 2430, 3435, 13365, 80, 89, 87472, 0x0000000000000004
1791329943,541.16, 585.00, 585.00, 2407, 3435, 13365, 80, 88, 87472, 0x0000000000000004
1791329944,537.18, 585.00, 585.00, 2430, 3435, 13365, 77, 100, 87472, 0x0000000000000004
1791329946,540.82, 585.00, 585.00, 2437, 3435, 13365, 80, 92, 87472, 0x0000000000000004
1791329947,542.66, 585.00, 585.00, 2407, 3435, 13365, 80, 89, 87472, 0x0000000000000004
1791329948,532.79, 585.00, 585.00, 2415, 3435, 13365, 79, 87, 87472, 0x0000000000000004
1791329949,536.66, 585.00, 585.00, 2437, 3435, 13365, 81, 100, 87472, 0x0000000000000004
1791329950,533.78, 585.00, 585.00, 2422, 3435, 13365, 81, 93, 87472, 0x0000000000000004
1791329951,543.57, 585.00, 585.00, 2400, 3435, 13365, 81, 93, 87472, 0x0000000000000004
1791329952,548.66, 585.00, 585.00, 2422, 3435, 13365, 80, 92, 87472, 0x0000000000000004
1791329953,550.77, 585.00, 585.00, 2392, 3435, 13365, 81, 100, 87472, 0x0000000000000004
1791329954,551.55, 585.00, 585.00, 2400, 3435, 13365, 82, 100, 87472, 0x0000000000000004
1791329955,551.07, 585.00, 585.00, 2415, 3435, 13365, 80, 92, 87472, 0x0000000000000004
1791329956,550.45, 585.00, 585.00, 2407, 3435, 13365, 82, 88, 87472, 0x0000000000000004
1791329957,550.21, 585.00, 585.00, 2415, 3435, 13365, 82, 88, 87472, 0x0000000000000004
1791329958,541.81, 585.00, 585.00, 2407, 3435, 13365, 82, 88, 87472, 0x0000000000000004
1791329959,543.86, 585.00, 585.00, 2415, 3435, 13365, 81, 100, 87472, 0x0000000000000004
1791329960,541.62, 585.00, 585.00, 2430, 3435, 13365, 82, 87, 87472, 0x0000000000000004
1791329961,540.06, 585.00, 585.00, 2392, 3435, 13365, 82, 89, 87472, 0x0000000000000004
1791329962,536.98, 585.00, 585.00, 2422, 3435, 13365, 80, 100, 87472, 0x0000000000000004
1791329963,536.07, 585.00, 585.00, 2430, 3435, 13365, 82, 87, 87472, 0x0000000000000004
1791329964,537.85, 585.00, 585.00, 2430, 3435, 13365, 82, 87, 87472, 0x0000000000000004
1791329965,537.52, 585.00, 585.00, 2400, 3435, 13365, 82, 90, 87472, 0x0000000000000004
1791329967,545.60, 585.00, 585.00, 2422, 3435, 13365, 80, 100, 87472, 0x0000000000000004
1791329968,539.96, 585.00, 585.00, 2430, 3435, 13365, 82, 92, 87472, 0x0000000000000004
1791329969,537.40, 585.00, 585.00, 2400, 3435, 13365, 82, 83, 87472, 0x0000000000000004
1791329970,545.89, 585.00, 585.00, 2400, 3435, 13365, 82, 90, 87472, 0x0000000000000004
1791329971,548.58, 585.00, 585.00, 2422, 3435, 13365, 83, 100, 87472, 0x0000000000000004
1791329972,554.48, 585.00, 585.00, 2407, 3435, 13365, 83, 100, 87472, 0x0000000000000004
1791329973,552.73, 585.00, 585.00, 2415, 3435, 13365, 83, 93, 87472, 0x0000000000000004
1791329974,552.25, 585.00, 585.00, 2407, 3435, 13365, 83, 94, 87472, 0x0000000000000004
1791329975,541.75, 585.00, 585.00, 2407, 3435, 13365, 83, 87, 87472, 0x0000000000000004
1791329976,540.61, 585.00, 585.00, 2430, 3435, 13365, 82, 95, 87472, 0x0000000000000004
1791329977,548.45, 585.00, 585.00, 2422, 3435, 13365, 84, 88, 87472, 0x0000000000000004
1791329978,534.15, 585.00, 585.00, 2400, 3435, 13365, 83, 100, 87472, 0x0000000000000004
1791329979,537.54, 585.00, 585.00, 2430, 3435, 13365, 84, 86, 87472, 0x0000000000000004
1791329980,532.07, 585.00, 585.00, 2407, 3435, 13365, 83, 89, 87472, 0x0000000000000004
1791329981,540.06, 585.00, 585.00, 2422, 3435, 13365, 82, 87, 87472, 0x0000000000000004
1791329982,534.95, 585.00, 585.00, 2430, 3435, 13365, 84, 89, 87472, 0x0000000000000004
1791329983,536.35, 585.00, 585.00, 2415, 3435, 13365, 82, 100, 87472, 0x0000000000000004
1791329984,550.54, 585.00, 585.00, 2407, 3435, 13365, 84, 94, 87472, 0x0000000000000004
1791329985,553.95, 585.00, 585.00, 2407, 3435, 13365, 80, 100, 87472, 0x0000000000000004
1791329987,551.74, 585.00, 585.00, 2407, 3435, 13365, 84, 100, 87472, 0x0000000000000004
1791329988,558.04, 585.00, 585.00, 2400, 3435, 13365, 84, 96, 87472, 0x0000000000000004
1791329989,551.18, 585.00, 585.00, 2392, 3435, 13365, 84, 88, 87472, 0x0000000000000004
1791329990,550.96, 585.00, 585.00, 2392, 3435, 13365, 83, 88, 87472, 0x0000000000000004
1791329991,551.06, 585.00, 585.00, 2400, 3435, 13365, 82, 99, 87472, 0x0000000000000004
1791329992,552.74, 585.00, 585.00, 2407, 3435, 13365, 83, 100, 87472, 0x0000000000000004
1791329993,494.84, 585.00, 585.00, 2422, 3435, 13365, 74, 92, 87472, 0x0000000000000000
1791329994,173.09, 585.00, 585.00, 2820, 3435, 13365, 71, 0, 87472, 0x0000000000000000
1791329995,96.72, 585.00, 585.00, 2752, 3435, 13365, 70, 0, 87472, 0x0000000000000000
1791329996,414.74, 585.00, 585.00, 2490, 3435, 13365, 83, 89, 87472, 0x0000000000000000
1791329997,550.59, 585.00, 585.00, 2542, 3435, 13365, 83, 84, 87472, 0x0000000000000004
1791329998,524.70, 585.00, 585.00, 2490, 3435, 13365, 83, 83, 87472, 0x0000000000000000
1791329999,539.02, 585.00, 585.00, 2512, 3435, 13365, 83, 81, 87472, 0x0000000000000004
1791330000,549.21, 585.00, 585.00, 2497, 3435, 13365, 78, 79, 87472, 0x0000000000000000
1791330001,364.48, 585.00, 585.00, 2820, 3435, 13365, 76, 80, 87472, 0x0000000000000000
1791330003,549.97, 585.00, 585.00, 2497, 3435, 13365, 78, 96, 87472, 0x0000000000000004
1791330004,564.13, 585.00, 585.00, 2475, 3435, 13365, 84, 92, 87472, 0x0000000000000004
1791330005,566.79, 585.00, 585.00, 2505, 3435, 13365, 85, 97, 87472, 0x0000000000000004
1791330006,565.33, 585.00, 585.00, 2445, 3435, 13365, 83, 90, 87472, 0x0000000000000004
1791330007,543.49, 585.00, 585.00, 2460, 3435, 13365, 82, 94, 87472, 0x0000000000000004
1791330008,415.87, 585.00, 585.00, 2820, 3435, 13365, 76, 71, 87472, 0x0000000000000000
1791330009,493.90, 585.00, 585.00, 2550, 3435, 13365, 84, 91, 87472, 0x0000000000000004
1791330010,530.05, 585.00, 585.00, 2550, 3435, 13365, 84, 89, 87472, 0x0000000000000004
1791330011,532.82, 585.00, 585.00, 2542, 3435, 13365, 84, 78, 87472, 0x0000000000000004
1791330012,541.31, 585.00, 585.00, 2542, 3435, 13365, 84, 83, 87472, 0x0000000000000004
1791330013,541.23, 585.00, 585.00, 2542, 3435, 13365, 84, 87, 87472, 0x0000000000000004
1791330014,376.95, 585.00, 585.00, 2820, 3435, 13365, 75, 68, 87472, 0x0000000000000000
1791330015,292.02, 585.00, 585.00, 2820, 3435, 13365, 70, 0, 87472, 0x0000000000000000
1791330016,139.76, 585.00, 585.00, 2820, 3435, 13365, 70, 0, 87472, 0x0000000000000000
1791330017,96.36, 585.00, 585.00, 2820, 3435, 13365, 69, 0, 87472, 0x0000000000000000
1791330018,82.83, 585.00, 585.00, 2610, 3435, 13365, 67, 0, 87472, 0x0000000000000000
1791330020,116.44, 585.00, 585.00, 2610, 3435, 13365, 81, 98, 87472, 0x0000000000000004
1791330021,547.15, 585.00, 585.00, 2535, 3435, 13365, 81, 96, 87472, 0x0000000000000004
1791330022,556.68, 585.00, 585.00, 2475, 3435, 13365, 79, 96, 87472, 0x0000000000000004
1791330023,562.18, 585.00, 585.00, 2505, 3435, 13365, 82, 90, 87472, 0x0000000000000004
1791330024,572.48, 585.00, 585.00, 2490, 3435, 13365, 79, 99, 87472, 0x0000000000000004
1791330025,563.52, 585.00, 585.00, 2467, 3435, 13365, 80, 93, 87472, 0x0000000000000004
1791330026,533.41, 585.00, 585.00, 2475, 3435, 13365, 79, 91, 87472, 0x0000000000000004
1791330027,539.66, 585.00, 585.00, 2475, 3435, 13365, 78, 91, 87472, 0x0000000000000004
1791330028,540.46, 585.00, 585.00, 2467, 3435, 13365, 78, 91, 87472, 0x0000000000000004
1791330029,540.03, 585.00, 585.00, 2467, 3435, 13365, 78, 91, 87472, 0x0000000000000004
1791330030,535.63, 585.00, 585.00, 2407, 3435, 13365, 82, 90, 87472, 0x0000000000000004
1791330031,547.46, 585.00, 585.00, 2430, 3435, 13365, 81, 95, 87472, 0x0000000000000004
1791330032,537.16, 585.00, 585.00, 2437, 3435, 13365, 82, 87, 87472, 0x0000000000000004
1791330033,530.22, 585.00, 585.00, 2415, 3435, 13365, 82, 100, 87472, 0x0000000000000004
1791330034,533.50, 585.00, 585.00, 2407, 3435, 13365, 83, 92, 87472, 0x0000000000000004
1791330035,547.48, 585.00, 585.00, 2415, 3435, 13365, 83, 100, 87472, 0x0000000000000004
1791330037,555.09, 585.00, 585.00, 2407, 3435, 13365, 83, 100, 87472, 0x0000000000000004
1791330038,555.00, 585.00, 585.00, 2400, 3435, 13365, 83, 94, 87472, 0x0000000000000004
1791330039,548.92, 585.00, 585.00, 2385, 3435, 13365, 83, 89, 87472, 0x0000000000000004
1791330040,556.70, 585.00, 585.00, 2490, 3435, 13365, 81, 97, 87472, 0x0000000000000004
1791330041,549.56, 585.00, 585.00, 2445, 3435, 13365, 83, 84, 87472, 0x0000000000000004
1791330042,552.48, 585.00, 585.00, 2482, 3435, 13365, 83, 79, 87472, 0x0000000000000004
1791330043,545.70, 585.00, 585.00, 2497, 3435, 13365, 84, 84, 87472, 0x0000000000000004
1791330044,544.46, 585.00, 585.00, 2505, 3435, 13365, 83, 84, 87472, 0x0000000000000000
1791330045,559.29, 585.00, 585.00, 2512, 3435, 13365, 84, 91, 87472, 0x0000000000000004
1791330046,538.36, 585.00, 585.00, 2550, 3435, 13365, 84, 89, 87472, 0x0000000000000004
1791330047,529.56, 585.00, 585.00, 2542, 3435, 13365, 84, 82, 87472, 0x0000000000000004
1791330048,518.75, 585.00, 585.00, 2475, 3435, 13365, 81, 83, 87472, 0x0000000000000004
1791330049,540.71, 585.00, 585.00, 2475, 3435, 13365, 81, 81, 87472, 0x0000000000000004
1791330050,537.26, 585.00, 585.00, 2400, 3435, 13365, 84, 84, 87472, 0x0000000000000004
1791330051,538.86, 585.00, 585.00, 2430, 3435, 13365, 84, 89, 87472, 0x0000000000000004
1791330052,533.51, 585.00, 585.00, 2400, 3435, 13365, 84, 87, 87472, 0x0000000000000004
1791330053,558.59, 585.00, 585.00, 2400, 3435, 13365, 84, 100, 87472, 0x0000000000000004
1791330054,550.02, 585.00, 585.00, 2415, 3435, 13365, 84, 88, 87472, 0x0000000000000004
1791330055,547.61, 585.00, 585.00, 2385, 3435, 13365, 84, 89, 87472, 0x0000000000000004
1791330057,548.64, 585.00, 585.00, 2407, 3435, 13365, 82, 100, 87472, 0x0000000000000004
1791330058,546.40, 585.00, 585.00, 2385, 3435, 13365, 84, 100, 87472, 0x0000000000000004
1791330059,546.09, 585.00, 585.00, 2430, 3435, 13365, 84, 86, 87472, 0x0000000000000004
1791330060,541.29, 585.00, 585.00, 2482, 3435, 13365, 82, 96, 87472, 0x0000000000000004
1791330061,531.37, 585.00, 585.00, 2475, 3435, 13365, 82, 96, 87472, 0x0000000000000004
1791330062,545.43, 585.00, 585.00, 2467, 3435, 13365, 80, 91, 87472, 0x0000000000000004
1791330063,546.36, 585.00, 585.00, 2467, 3435, 13365, 80, 89, 87472, 0x0000000000000004
1791330064,537.75, 585.00, 585.00, 2467, 3435, 13365, 82, 91, 87472, 0x0000000000000004
1791330065,551.83, 585.00, 585.00, 2467, 3435, 13365, 82, 91, 87472, 0x0000000000000004
1791330066,541.14, 585.00, 585.00, 2467, 3435, 13365, 82, 91, 87472, 0x0000000000000004
1791330067,546.87, 585.00, 585.00, 2467, 3435, 13365, 81, 91, 87472, 0x0000000000000004
1791330068,543.16, 585.00, 585.00, 2467, 3435, 13365, 80, 91, 87472, 0x0000000000000004
1791330069,550.55, 585.00, 585.00, 2467, 3435, 13365, 82, 91, 87472, 0x0000000000000004
1791330070,553.59, 585.00, 585.00, 2437, 3435, 13365, 85, 94, 87472, 0x0000000000000004
1791330071,558.30, 585.00, 585.00, 2392, 3435, 13365, 85, 94, 87472, 0x0000000000000004
1791330072,554.14, 585.00, 585.00, 2400, 3435, 13365, 84, 89, 87472, 0x0000000000000004
1791330073,559.37, 585.00, 585.00, 2377, 3435, 13365, 85, 100, 87472, 0x0000000000000004
1791330074,557.42, 585.00, 585.00, 2400, 3435, 13365, 85, 100, 87472, 0x0000000000000004
1791330076,553.96, 585.00, 585.00, 2422, 3435, 13365, 81, 93, 87472, 0x0000000000000004
1791330077,539.40, 585.00, 585.00, 2422, 3435, 13365, 85, 87, 87472, 0x0000000000000004
1791330078,540.29, 585.00, 585.00, 2392, 3435, 13365, 85, 100, 87472, 0x0000000000000004
1791330079,547.99, 585.00, 585.00, 2415, 3435, 13365, 85, 88, 87472, 0x0000000000000004
1791330080,336.33, 585.00, 585.00, 2820, 3435, 13365, 73, 73, 87472, 0x0000000000000000
1791330081,172.52, 585.00, 585.00, 2820, 3435, 13365, 72, 0, 87472, 0x0000000000000000
1791330082,420.33, 585.00, 585.00, 2415, 3435, 13365, 83, 95, 87472, 0x0000000000000004
1791330083,559.95, 585.00, 585.00, 2430, 3435, 13365, 85, 95, 87472, 0x0000000000000004
1791330084,561.05, 585.00, 585.00, 2422, 3435, 13365, 79, 100, 87472, 0x0000000000000004
1791330085,557.30, 585.00, 585.00, 2430, 3435, 13365, 83, 87, 87472, 0x0000000000000004
1791330086,564.59, 585.00, 585.00, 2415, 3435, 13365, 85, 92, 87472, 0x0000000000000004
1791330087,564.96, 585.00, 585.00, 2415, 3435, 13365, 84, 92, 87472, 0x0000000000000004
1791330088,576.27, 585.00, 585.00, 2400, 3435, 13365, 84, 95, 87472, 0x0000000000000004
1791330089,569.99, 585.00, 585.00, 2392, 3435, 13365, 85, 96, 87472, 0x0000000000000004
1791330090,578.28, 585.00, 585.00, 2392, 3435, 13365, 83, 95, 87472, 0x0000000000000004
1791330091,450.17, 585.00, 585.00, 2820, 3435, 13365, 78, 82, 87472, 0x0000000000000000
1791330092,450.17, 585.00, 585.00, 2820, 3435, 13365, 85, 90, 87472, 0x0000000000000004
1791330093,553.77, 585.00, 585.00, 2430, 3435, 13365, 84, 100, 87472, 0x0000000000000004
1791330095,566.88, 585.00, 585.00, 2422, 3435, 13365, 81, 100, 87472, 0x0000000000000004
1791330096,560.47, 585.00, 585.00, 2422, 3435, 13365, 80, 100, 87472, 0x0000000000000004
1791330097,558.17, 585.00, 585.00, 2422, 3435, 13365, 84, 87, 87472, 0x0000000000000004
1791330098,555.96, 585.00, 585.00, 2407, 3435, 13365, 85, 90, 87472, 0x0000000000000004
1791330099,564.94, 585.00, 585.00, 2415, 3435, 13365, 85, 94, 87472, 0x0000000000000004
1791330100,563.83, 585.00, 585.00, 2407, 3435, 13365, 85, 90, 87472, 0x0000000000000004
1791330101,562.00, 585.00, 585.00, 2415, 3435, 13365, 86, 90, 87472, 0x0000000000000004
1791330102,343.04, 585.00, 585.00, 2820, 3435, 13365, 78, 71, 87472, 0x0000000000000000
1791330103,533.69, 585.00, 585.00, 2505, 3435, 13365, 85, 99, 87472, 0x0000000000000004
1791330104,577.52, 585.00, 585.00, 2400, 3435, 13365, 86, 94, 87472, 0x0000000000000004
1791330105,569.59, 585.00, 585.00, 2385, 3435, 13365, 81, 95, 87472, 0x0000000000000004
1791330106,573.47, 585.00, 585.00, 2392, 3435, 13365, 85, 95, 87472, 0x0000000000000004
1791330107,571.72, 585.00, 585.00, 2400, 3435, 13365, 86, 98, 87472, 0x0000000000000004
1791330108,566.97, 585.00, 585.00, 2400, 3435, 13365, 86, 90, 87472, 0x0000000000000004
1791330109,570.40, 585.00, 585.00, 2392, 3435, 13365, 85, 94, 87472, 0x0000000000000004
1791330110,562.55, 585.00, 585.00, 2400, 3435, 13365, 86, 93, 87472, 0x0000000000000004
1791330111,554.92, 585.00, 585.00, 2422, 3435, 13365, 86, 91, 87472, 0x0000000000000004
1791330112,350.70, 585.00, 585.00, 2820, 3435, 13365, 78, 67, 87472, 0x0000000000000000
1791330114,209.77, 585.00, 585.00, 2820, 3435, 13365, 72, 0, 87472, 0x0000000000000000
1791330115,167.87, 585.00, 585.00, 2820, 3435, 13365, 72, 0, 87472, 0x0000000000000000
1791330116,96.00, 585.00, 585.00, 2790, 3435, 13365, 70, 0, 87472, 0x0000000000000000
1791330117,85.49, 585.00, 585.00, 2610, 3435, 13365, 69, 0, 87472, 0x0000000000000000
1791330118,144.24, 585.00, 585.00, 2572, 3435, 13365, 80, 0, 87472, 0x0000000000000004
1791330119,520.52, 585.00, 585.00, 2407, 3435, 13365, 82, 100, 87472, 0x0000000000000004
1791330120,543.42, 585.00, 585.00, 2437, 3435, 13365, 83, 97, 87472, 0x0000000000000004
1791330121,564.72, 585.00, 585.00, 2415, 3435, 13365, 83, 89, 87472, 0x0000000000000004
1791330122,568.88, 585.00, 585.00, 2407, 3435, 13365, 83, 95, 87472, 0x0000000000000004
1791330123,567.82, 585.00, 585.00, 2407, 3435, 13365, 84, 90, 87472, 0x0000000000000004
1791330124,569.54, 585.00, 585.00, 2400, 3435, 13365, 82, 100, 87472, 0x0000000000000004
1791330125,573.82, 585.00, 585.00, 2400, 3435, 13365, 83, 88, 87472, 0x0000000000000004
1791330126,573.80, 585.00, 585.00, 2415, 3435, 13365, 84, 88, 87472, 0x0000000000000004
1791330127,560.64, 585.00, 585.00, 2422, 3435, 13365, 83, 93, 87472, 0x0000000000000004
1791330128,553.14, 585.00, 585.00, 2430, 3435, 13365, 83, 87, 87472, 0x0000000000000004
1791330129,552.47, 585.00, 585.00, 2415, 3435, 13365, 83, 90, 87472, 0x0000000000000004
1791330130,553.51, 585.00, 585.00, 2422, 3435, 13365, 84, 100, 87472, 0x0000000000000004
1791330131,559.12, 585.00, 585.00, 2430, 3435, 13365, 82, 94, 87472, 0x0000000000000004
1791330133,556.15, 585.00, 585.00, 2422, 3435, 13365, 84, 89, 87472, 0x0000000000000004
1791330134,555.75, 585.00, 585.00, 2437, 3435, 13365, 84, 87, 87472, 0x0000000000000004
1791330135,553.51, 585.00, 585.00, 2407, 3435, 13365, 85, 90, 87472, 0x0000000000000004
1791330136,556.08, 585.00, 585.00, 2407, 3435, 13365, 84, 86, 87472, 0x0000000000000004
1791330137,546.29, 585.00, 585.00, 2422, 3435, 13365, 84, 95, 87472, 0x0000000000000004
1791330138,546.29, 585.00, 585.00, 2422, 3435, 13365, 84, 95, 87472, 0x0000000000000004
1791330139,551.43, 585.00, 585.00, 2385, 3435, 13365, 84, 100, 87472, 0x0000000000000004
1791330140,552.77, 585.00, 585.00, 2400, 3435, 13365, 84, 96, 87472, 0x0000000000000004
1791330141,557.40, 585.00, 585.00, 2415, 3435, 13365, 80, 95, 87472, 0x0000000000000004
1791330142,547.34, 585.00, 585.00, 2392, 3435, 13365, 85, 95, 87472, 0x0000000000000004
1791330143,559.18, 585.00, 585.00, 2400, 3435, 13365, 85, 94, 87472, 0x0000000000000004
1791330144,540.42, 585.00, 585.00, 2400, 3435, 13365, 84, 100, 87472, 0x0000000000000004
1791330145,546.30, 585.00, 585.00, 2422, 3435, 13365, 83, 91, 87472, 0x0000000000000004
1791330146,553.44, 585.00, 585.00, 2422, 3435, 13365, 86, 87, 87472, 0x0000000000000004
1791330147,562.61, 585.00, 585.00, 2422, 3435, 13365, 81, 94, 87472, 0x0000000000000004
1791330148,556.52, 585.00, 585.00, 2422, 3435, 13365, 84, 91, 87472, 0x0000000000000004
1791330149,554.49, 585.00, 585.00, 2422, 3435, 13365, 86, 87, 87472, 0x0000000000000004
1791330150,557.25, 585.00, 585.00, 2422, 3435, 13365, 86, 100, 87472, 0x0000000000000004
1791330151,555.53, 585.00, 585.00, 2430, 3435, 13365, 86, 94, 87472, 0x0000000000000004
1791330153,556.85, 585.00, 585.00, 2422, 3435, 13365, 86, 100, 87472, 0x0000000000000004
1791330154,556.85, 585.00, 585.00, 2422, 3435, 13365, 85, 86, 87472, 0x0000000000000004
1791330155,567.63, 585.00, 585.00, 2400, 3435, 13365, 86, 91, 87472, 0x0000000000000004
1791330156,562.20, 585.00, 585.00, 2400, 3435, 13365, 85, 94, 87472, 0x0000000000000004
1791330157,569.84, 585.00, 585.00, 2392, 3435, 13365, 86, 100, 87472, 0x0000000000000004
1791330158,574.49, 585.00, 585.00, 2407, 3435, 13365, 86, 95, 87472, 0x0000000000000004
1791330159,578.08, 585.00, 585.00, 2400, 3435, 13365, 87, 95, 87472, 0x0000000000000004
1791330160,562.60, 585.00, 585.00, 2392, 3435, 13365, 85, 86, 87472, 0x0000000000000004
1791330161,554.24, 585.00, 585.00, 2422, 3435, 13365, 86, 90, 87472, 0x0000000000000004
1791330162,562.83, 585.00, 585.00, 2400, 3435, 13365, 85, 87, 87472, 0x0000000000000004
1791330163,548.17, 585.00, 585.00, 2392, 3435, 13365, 85, 87, 87472, 0x0000000000000004
1791330164,546.52, 585.00, 585.00, 2415, 3435, 13365, 84, 91, 87472, 0x0000000000000004
1791330165,539.27, 585.00, 585.00, 2422, 3435, 13365, 85, 86, 87472, 0x0000000000000004
1791330166,542.76, 585.00, 585.00, 2385, 3435, 13365, 85, 88, 87472, 0x0000000000000004
1791330167,543.78, 585.00, 585.00, 2422, 3435, 13365, 86, 100, 87472, 0x0000000000000004
1791330168,546.55, 585.00, 585.00, 2392, 3435, 13365, 85, 87, 87472, 0x0000000000000004
1791330169,542.93, 585.00, 585.00, 2422, 3435, 13365, 85, 87, 87472, 0x0000000000000004
1791330170,549.92, 585.00, 585.00, 2392, 3435, 13365, 85, 92, 87472, 0x0000000000000004
1791330172,546.04, 585.00, 585.00, 2377, 3435, 13365, 85, 100, 87472, 0x0000000000000004
1791330173,554.87, 585.00, 585.00, 2385, 3435, 13365, 86, 100, 87472, 0x0000000000000004
1791330174,568.54, 585.00, 585.00, 2407, 3435, 13365, 86, 100, 87472, 0x0000000000000004
1791330175,567.55, 585.00, 585.00, 2407, 3435, 13365, 86, 94, 87472, 0x0000000000000004
1791330176,572.19, 585.00, 585.00, 2392, 3435, 13365, 86, 95, 87472, 0x0000000000000004
1791330177,572.39, 585.00, 585.00, 2377, 3435, 13365, 86, 100, 87472, 0x0000000000000004
1791330178,559.67, 585.00, 585.00, 2430, 3435, 13365, 86, 100, 87472, 0x0000000000000004
1791330179,559.30, 585.00, 585.00, 2422, 3435, 13365, 87, 87, 87472, 0x0000000000000004
1791330180,559.21, 585.00, 585.00, 2392, 3435, 13365, 86, 93, 87472, 0x0000000000000004
1791330181,560.01, 585.00, 585.00, 2400, 3435, 13365, 87, 87, 87472, 0x0000000000000004
1791330182,551.12, 585.00, 585.00, 2400, 3435, 13365, 87, 93, 87472, 0x0000000000000004
1791330183,557.16, 585.00, 585.00, 2422, 3435, 13365, 86, 93, 87472, 0x0000000000000004
1791330184,561.83, 585.00, 585.00, 2407, 3435, 13365, 86, 88, 87472, 0x0000000000000004
1791330185,560.67, 585.00, 585.00, 2422, 3435, 13365, 84, 87, 87472, 0x0000000000000004
1791330186,564.86, 585.00, 585.00, 2407, 3435, 13365, 82, 90, 87472, 0x0000000000000004
1791330187,568.81, 585.00, 585.00, 2385, 3435, 13365, 87, 95, 87472, 0x0000000000000004
1791330188,569.97, 585.00, 585.00, 2415, 3435, 13365, 86, 100, 87472, 0x0000000000000004
1791330190,570.72, 585.00, 585.00, 2392, 3435, 13365, 86, 94, 87472, 0x0000000000000004
1791330191,565.88, 585.00, 585.00, 2385, 3435, 13365, 86, 94, 87472, 0x0000000000000004
1791330192,563.51, 585.00, 585.00, 2392, 3435, 13365, 86, 96, 87472, 0x0000000000000004
1791330193,561.38, 585.00, 585.00, 2392, 3435, 13365, 86, 100, 87472, 0x0000000000000004
1791330194,555.97, 585.00, 585.00, 2385, 3435, 13365, 87, 88, 87472, 0x0000000000000004
1791330195,558.05, 585.00, 585.00, 2400, 3435, 13365, 87, 94, 87472, 0x0000000000000004
1791330196,542.62, 585.00, 585.00, 2392, 3435, 13365, 86, 87, 87472, 0x0000000000000004
1791330197,542.59, 585.00, 585.00, 2415, 3435, 13365, 86, 100, 87472, 0x0000000000000004
1791330198,550.22, 585.00, 585.00, 2415, 3435, 13365, 86, 94, 87472, 0x0000000000000004
1791330199,545.05, 585.00, 585.00, 2407, 3435, 13365, 86, 87, 87472, 0x0000000000000004
1791330200,206.87, 585.00, 585.00, 2820, 3435, 14001, 73, 1, 1, 0x0000000000000000
1791330201,110.13, 585.00, 585.00, 2820, 3435, 14001, 72, 0, 1, 0x0000000000000000
1791330202,95.26, 585.00, 585.00, 2512, 3435, 14001, 71, 0, 1, 0x0000000000000000
1791330203,56.91, 585.00, 585.00, 525, 3435, 7001, 70, 0, 1, 0x0000000000000000
1791330204,56.91, 585.00, 585.00, 525, 3435, 7001, 69, 0, 1, 0x0000000000000000
1791330205,54.79, 585.00, 585.00, 525, 3435, 7001, 68, 0, 1, 0x0000000000000000
1791330206,53.30, 585.00, 585.00, 525, 3435, 7001, 67, 0, 1, 0x0000000000000000
1791330207,45.86, 585.00, 585.00, 525, 3435, 810, 67, 0, 1, 0x0000000000000000
1791330208,34.00, 585.00, 585.00, 525, 3435, 810, 66, 0, 1, 0x0000000000000000
1791330210,18.25, 585.00, 585.00, 525, 3435, 405, 65, 0, 1, 0x0000000000000000
1791330211,18.51, 585.00, 585.00, 525, 3435, 405, 65, 0, 1, 0x0000000000000000
1791330212,17.18, 585.00, 585.00, 525, 3435, 405, 64, 0, 1, 0x0000000000000000
1791330213,17.91, 585.00, 585.00, 525, 3435, 405, 63, 0, 1, 0x0000000000000000
1791330214,17.48, 585.00, 585.00, 525, 3435, 405, 63, 0, 1, 0x0000000000000000
1791330215,16.65, 585.00, 585.00, 517, 3435, 405, 62, 0, 1, 0x0000000000000000
1791330216,16.75, 585.00, 585.00, 525, 3435, 405, 62, 0, 1, 0x0000000000000000
1791330217,16.40, 585.00, 585.00, 525, 3435, 405, 61, 0, 1, 0x0000000000000000
1791330218,16.52, 585.00, 585.00, 525, 3435, 405, 60, 0, 1, 0x0000000000000000
1791330219,16.45, 585.00, 585.00, 525, 3435, 405, 60, 0, 1, 0x0000000000000000
1791330220,16.36, 585.00, 585.00, 525, 3435, 405, 60, 0, 1, 0x0000000000000000
1791330221,16.36, 585.00, 585.00, 525, 3435, 405, 59, 0, 1, 0x0000000000000000
1791330222,16.76, 585.00, 585.00, 525, 3435, 405, 59, 0, 1, 0x0000000000000000
1791330223,19.38, 585.00, 585.00, 525, 3435, 810, 58, 0, 722, 0x0000000000000000
1791330224,67.67, 585.00, 585.00, 2610, 3435, 13365, 59, 0, 1738, 0x0000000000000000
1791330225,78.23, 585.00, 585.00, 2617, 3435, 13365, 59, 0, 34890, 0x0000000000000000
1791330226,79.49, 585.00, 585.00, 2610, 3435, 13365, 59, 0, 34890, 0x0000000000000000
1791330227,87.20, 585.00, 585.00, 2797, 3435, 13365, 59, 4, 34890, 0x0000000000000000
1791330228,87.87, 585.00, 585.00, 2797, 3435, 13365, 58, 9, 34890, 0x0000000000000000
1791330229,85.70, 585.00, 585.00, 2775, 3435, 13365, 58, 3, 34890, 0x0000000000000000
1791330230,85.11, 585.00, 585.00, 2797, 3435, 13365, 58, 3, 34890, 0x0000000000000000
1791330232,83.98, 585.00, 585.00, 2767, 3435, 13365, 57, 3, 34890, 0x0000000000000000
1791330233,84.82, 585.00, 585.00, 2775, 3435, 13365, 57, 3, 34890, 0x0000000000000000
1791330234,84.01, 585.00, 585.00, 2775, 3435, 13365, 57, 3, 34890, 0x0000000000000000
1791330235,83.67, 585.00, 585.00, 2797, 3435, 13365, 57, 4, 34890, 0x0000000000000000
1791330236,84.29, 585.00, 585.00, 2790, 3435, 13365, 56, 4, 34890, 0x0000000000000000
1791330237,83.59, 585.00, 585.00, 2790, 3435, 13365, 56, 5, 34890, 0x0000000000000000
1791330238,83.56, 585.00, 585.00, 2790, 3435, 13365, 56, 4, 34890, 0x0000000000000000
1791330239,84.15, 585.00, 585.00, 2797, 3435, 13365, 56, 5, 34890, 0x0000000000000000
1791330240,83.68, 585.00, 585.00, 2790, 3435, 13365, 56, 4, 34890, 0x0000000000000000
1791330241,81.97, 585.00, 585.00, 2625, 3435, 13365, 55, 4, 34890, 0x0000000000000000
1791330242,76.28, 585.00, 585.00, 2617, 3435, 13365, 55, 0, 35096, 0x0000000000000000
1791330243,75.94, 585.00, 585.00, 2610, 3435, 13365, 55, 0, 35096, 0x0000000000000000
1791330244,76.38, 585.00, 585.00, 2610, 3435, 13365, 54, 0, 35096, 0x0000000000000000
1791330245,76.38, 585.00, 585.00, 2610, 3435, 13365, 54, 0, 35096, 0x0000000000000000
1791330246,75.74, 585.00, 585.00, 2610, 3435, 13365, 54, 0, 35096, 0x0000000000000000
1791330247,75.27, 585.00, 585.00, 2610, 3435, 13365, 54, 0, 35096, 0x0000000000000000
1791330248,75.37, 585.00, 585.00, 2610, 3435, 13365, 54, 0, 35096, 0x0000000000000000
1791330249,93.32, 585.00, 585.00, 2820, 3435, 13365, 55, 7, 36322, 0x0000000000000000
1791330250,157.30, 585.00, 585.00, 2820, 3435, 13365, 57, 0, 36322, 0x0000000000000000
1791330251,171.41, 585.00, 585.00, 2820, 3435, 13365, 54, 0, 36322, 0x0000000000000000
1791330252,101.60, 585.00, 585.00, 2812, 3435, 13365, 54, 0, 36322, 0x0000000000000000
1791330253,122.89, 585.00, 585.00, 2812, 3435, 13365, 54, 11, 36322, 0x0000000000000000
1791330254,123.21, 585.00, 585.00, 2812, 3435, 13365, 54, 6, 36322, 0x0000000000000000
1791330256,123.28, 585.00, 585.00, 2812, 3435, 13365, 54, 0, 36322, 0x0000000000000000
1791330257,122.83, 585.00, 585.00, 2820, 3435, 13365, 53, 0, 36322, 0x0000000000000000
1791330258,101.65, 585.00, 585.00, 2820, 3435, 13365, 53, 0, 36322, 0x0000000000000000
1791330259,76.99, 585.00, 585.00, 2617, 3435, 13365, 52, 0, 36334, 0x0000000000000000
1791330260,74.73, 585.00, 585.00, 2610, 3435, 13365, 52, 0, 36334, 0x0000000000000000
1791330261,74.37, 585.00, 585.00, 2610, 3435, 13365, 52, 0, 36336, 0x0000000000000000
1791330262,74.41, 585.00, 585.00, 2610, 3435, 13365, 52, 0, 36336, 0x0000000000000000
1791330263,74.22, 585.00, 585.00, 2610, 3435, 13365, 52, 0, 36336, 0x0000000000000000
1791330264,73.45, 585.00, 585.00, 2610, 3435, 13365, 51, 0, 36336, 0x0000000000000000
1791330265,143.47, 585.00, 585.00, 2737, 3435, 13365, 58, 0, 37296, 0x0000000000000004
1791330266,132.50, 585.00, 585.00, 2820, 3435, 13365, 52, 0, 37296, 0x0000000000000000
1791330267,79.76, 585.00, 585.00, 2707, 3435, 13365, 51, 0, 41606, 0x0000000000000000
1791330268,74.47, 585.00, 585.00, 2610, 3435, 13365, 51, 2, 42974, 0x0000000000000000
1791330269,74.18, 585.00, 585.00, 2610, 3435, 13365, 51, 0, 42974, 0x0000000000000000
1791330270,73.10, 585.00, 585.00, 2610, 3435, 13365, 51, 0, 42000, 0x0000000000000000
1791330271,185.33, 585.00, 585.00, 2782, 3435, 13365, 53, 94, 41990, 0x0000000000000000
1791330272,261.85, 585.00, 585.00, 2790, 3435, 13365, 55, 81, 42110, 0x0000000000000000
1791330273,267.35, 585.00, 585.00, 2797, 3435, 13365, 55, 91, 42128, 0x0000000000000000
1791330274,257.04, 585.00, 585.00, 2797, 3435, 13365, 55, 75, 43898, 0x0000000000000000
1791330275,269.82, 585.00, 585.00, 2805, 3435, 13365, 55, 92, 43106, 0x0000000000000000
1791330276,259.79, 585.00, 585.00, 2812, 3435, 13365, 57, 99, 42618, 0x0000000000000000
1791330277,266.32, 585.00, 585.00, 2790, 3435, 13365, 56, 89, 42208, 0x0000000000000000
1791330279,272.56, 585.00, 585.00, 2805, 3435, 13365, 55, 68, 42242, 0x0000000000000000
1791330280,264.99, 585.00, 585.00, 2790, 3435, 13365, 56, 84, 42806, 0x0000000000000000
1791330281,280.51, 585.00, 585.00, 2805, 3435, 13365, 58, 76, 42400, 0x0000000000000000
1791330282,295.23, 585.00, 585.00, 2790, 3435, 13365, 57, 93, 42938, 0x0000000000000000
1791330283,285.02, 585.00, 585.00, 2797, 3435, 13365, 56, 77, 44146, 0x0000000000000000
1791330284,296.35, 585.00, 585.00, 2790, 3435, 13365, 57, 97, 43394, 0x0000000000000000
1791330285,290.42, 585.00, 585.00, 2797, 3435, 13365, 56, 77, 42462, 0x0000000000000000
1791330286,290.72, 585.00, 585.00, 2790, 3435, 13365, 58, 95, 44216, 0x0000000000000000
1791330287,290.60, 585.00, 585.00, 2797, 3435, 13365, 57, 77, 43064, 0x0000000000000000
1791330288,289.71, 585.00, 585.00, 2797, 3435, 13365, 57, 94, 44262, 0x0000000000000000
1791330289,294.45, 585.00, 585.00, 2797, 3435, 13365, 58, 84, 44288, 0x0000000000000000
1791330290,286.02, 585.00, 585.00, 2805, 3435, 13365, 57, 82, 42592, 0x0000000000000000
1791330291,281.27, 585.00, 585.00, 2797, 3435, 13365, 60, 57, 43578, 0x0000000000000000
1791330292,283.06, 585.00, 585.00, 2797, 3435, 13365, 57, 76, 44352, 0x0000000000000000
1791330293,292.19, 585.00, 585.00, 2797, 3435, 13365, 59, 81, 43630, 0x0000000000000000
1791330294,289.88, 585.00, 585.00, 2797, 3435, 13365, 57, 71, 44380, 0x0000000000000000
1791330295,282.21, 585.00, 585.00, 2797, 3435, 13365, 61, 89, 43286, 0x0000000000000000
1791330296,267.83, 585.00, 585.00, 2797, 3435, 13365, 58, 49, 42778, 0x0000000000000000
1791330297,278.72, 585.00, 585.00, 2805, 3435, 13365, 59, 75, 43336, 0x0000000000000000
1791330299,281.88, 585.00, 585.00, 2797, 3435, 13365, 58, 83, 44494, 0x0000000000000000
1791330300,281.23, 585.00, 585.00, 2797, 3435, 13365, 61, 90, 43796, 0x0000000000000000
1791330301,280.80, 585.00, 585.00, 2805, 3435, 13365, 57, 77, 43310, 0x0000000000000000
1791330302,286.04, 585.00, 585.00, 2797, 3435, 13365, 58, 85, 42904, 0x0000000000000000
1791330303,278.52, 585.00, 585.00, 2797, 3435, 13365, 61, 90, 43364, 0x0000000000000000
1791330304,277.28, 585.00, 585.00, 2805, 3435, 13365, 57, 77, 44054, 0x0000000000000000
1791330305,276.49, 585.00, 585.00, 2797, 3435, 13365, 58, 52, 43040, 0x0000000000000000
1791330306,264.92, 585.00, 585.00, 2797, 3435, 13365, 57, 58, 43522, 0x0000000000000000
1791330307,279.41, 585.00, 585.00, 2805, 3435, 13365, 58, 88, 44080, 0x0000000000000000
1791330308,269.97, 585.00, 585.00, 2805, 3435, 13365, 58, 85, 44190, 0x0000000000000000
1791330309,278.67, 585.00, 585.00, 2805, 3435, 13365, 59, 81, 44220, 0x0000000000000000
1791330310,261.17, 585.00, 585.00, 2805, 3435, 13365, 60, 83, 43646, 0x0000000000000000
1791330311,274.85, 585.00, 585.00, 2805, 3435, 13365, 58, 75, 43676, 0x0000000000000000
1791330312,276.02, 585.00, 585.00, 2805, 3435, 13365, 59, 84, 44208, 0x0000000000000000
1791330313,273.71, 585.00, 585.00, 2805, 3435, 13365, 58, 92, 44314, 0x0000000000000000
1791330314,269.54, 585.00, 585.00, 2805, 3435, 13365, 58, 75, 44838, 0x0000000000000000
1791330315,273.86, 585.00, 585.00, 2805, 3435, 13365, 59, 87, 44864, 0x0000000000000000
1791330316,268.86, 585.00, 585.00, 2805, 3435, 13365, 61, 91, 44882, 0x0000000000000000
1791330317,269.36, 585.00, 585.00, 2805, 3435, 13365, 58, 77, 44912, 0x0000000000000000
1791330318,273.81, 585.00, 585.00, 2805, 3435, 13365, 58, 77, 44938, 0x0000000000000000
1791330320,268.21, 585.00, 585.00, 2805, 3435, 13365, 59, 83, 44970, 0x0000000000000000
1791330321,271.09, 585.00, 585.00, 2805, 3435, 13365, 59, 93, 43858, 0x0000000000000000
1791330322,276.40, 585.00, 585.00, 2805, 3435, 13365, 60, 55, 44488, 0x0000000000000000
1791330323,263.42, 585.00, 585.00, 2805, 3435, 13365, 58, 77, 43976, 0x0000000000000000
1791330324,274.50, 585.00, 585.00, 2805, 3435, 13365, 58, 77, 44458, 0x0000000000000000
1791330325,278.61, 585.00, 585.00, 2805, 3435, 13365, 60, 92, 43972, 0x0000000000000000
1791330326,263.33, 585.00, 585.00, 2805, 3435, 13365, 60, 74, 43510, 0x0000000000000000
1791330327,274.53, 585.00, 585.00, 2812, 3435, 13365, 58, 70, 43518, 0x0000000000000000
1791330328,272.05, 585.00, 585.00, 2805, 3435, 13365, 59, 77, 44610, 0x0000000000000000
1791330329,271.26, 585.00, 585.00, 2805, 3435, 13365, 59, 83, 44676, 0x0000000000000000
1791330330,269.72, 585.00, 585.00, 2812, 3435, 13365, 59, 75, 45202, 0x0000000000000000
1791330331,279.35, 585.00, 585.00, 2805, 3435, 13365, 59, 91, 43670, 0x0000000000000000
1791330332,279.11, 585.00, 585.00, 2812, 3435, 13365, 59, 94, 43694, 0x0000000000000000
1791330333,269.51, 585.00, 585.00, 2812, 3435, 13365, 59, 91, 44238, 0x0000000000000000
1791330334,262.14, 585.00, 585.00, 2812, 3435, 13365, 58, 88, 43736, 0x0000000000000000
1791330335,235.78, 585.00, 585.00, 2812, 3435, 13365, 58, 67, 43804, 0x0000000000000000
1791330336,173.35, 585.00, 585.00, 2812, 3435, 13365, 56, 37, 43934, 0x0000000000000000
1791330337,98.10, 585.00, 585.00, 2812, 3435, 13365, 55, 10, 44060, 0x0000000000000000
1791330338,94.07, 585.00, 585.00, 2805, 3435, 13365, 55, 9, 44188, 0x0000000000000000
1791330339,89.19, 585.00, 585.00, 2805, 3435, 13365, 55, 6, 44280, 0x0000000000000000
1791330340,78.54, 585.00, 585.00, 2610, 3435, 13365, 54, 0, 44280, 0x0000000000000000
1791330341,81.45, 585.00, 585.00, 2610, 3435, 13365, 54, 0, 87640, 0x0000000000000000
1791330343,184.38, 585.00, 585.00, 2820, 3435, 13365, 54, 0, 88880, 0x0000000000000000
1791330344,152.01, 585.00, 585.00, 2805, 3435, 13365, 60, 94, 89206, 0x0000000000000000
1791330345,285.38, 585.00, 585.00, 2790, 3435, 13365, 58, 93, 89120, 0x0000000000000000
1791330346,270.60, 585.00, 585.00, 2790, 3435, 13365, 58, 83, 88448, 0x0000000000000000
1791330347,280.41, 585.00, 585.00, 2797, 3435, 13365, 58, 68, 88526, 0x0000000000000000
1791330348,263.52, 585.00, 585.00, 2790, 3435, 13365, 58, 78, 89190, 0x0000000000000000
1791330349,268.86, 585.00, 585.00, 2812, 3435, 13365, 57, 63, 88024, 0x0000000000000000
1791330350,293.86, 585.00, 585.00, 2790, 3435, 13365, 61, 94, 89188, 0x0000000000000000
1791330351,296.91, 585.00, 585.00, 2790, 3435, 13365, 59, 79, 88442, 0x0000000000000000
1791330352,288.06, 585.00, 585.00, 2797, 3435, 13365, 61, 92, 87566, 0x0000000000000000
1791330353,301.05, 585.00, 585.00, 2790, 3435, 13365, 59, 78, 89256, 0x0000000000000000
1791330354,286.42, 585.00, 585.00, 2797, 3435, 13365, 61, 92, 87530, 0x0000000000000000
1791330355,292.56, 585.00, 585.00, 2797, 3435, 13365, 59, 78, 88524, 0x0000000000000000
1791330356,282.32, 585.00, 585.00, 2797, 3435, 13365, 59, 84, 89250, 0x0000000000000000
1791330357,300.81, 585.00, 585.00, 2790, 3435, 13365, 59, 79, 89240, 0x0000000000000000
1791330358,287.10, 585.00, 585.00, 2797, 3435, 13365, 59, 89, 87552, 0x0000000000000000
1791330359,274.91, 585.00, 585.00, 2797, 3435, 13365, 61, 82, 88470, 0x0000000000000000
1791330360,289.83, 585.00, 585.00, 2797, 3435, 13365, 59, 89, 89234, 0x0000000000000000
1791330362,281.50, 585.00, 585.00, 2797, 3435, 13365, 61, 80, 88546, 0x0000000000000000
1791330363,286.85, 585.00, 585.00, 2797, 3435, 13365, 59, 82, 88518, 0x0000000000000000
1791330364,286.51, 585.00, 585.00, 2797, 3435, 13365, 62, 89, 89216, 0x0000000000000000
1791330365,278.69, 585.00, 585.00, 2797, 3435, 13365, 59, 79, 88470, 0x0000000000000000
1791330366,286.35, 585.00, 585.00, 2797, 3435, 13365, 62, 92, 88052, 0x0000000000000000
1791330367,286.42, 585.00, 585.00, 2805, 3435, 13365, 58, 69, 89202, 0x0000000000000000
1791330368,288.24, 585.00, 585.00, 2797, 3435, 13365, 60, 95, 89200, 0x0000000000000000
1791330369,278.68, 585.00, 585.00, 2797, 3435, 13365, 62, 80, 87534, 0x0000000000000000
1791330370,286.44, 585.00, 585.00, 2797, 3435, 13365, 59, 78, 88514, 0x0000000000000000
1791330371,285.71, 585.00, 585.00, 2797, 3435, 13365, 62, 97, 88060, 0x0000000000000000
1791330372,285.24, 585.00, 585.00, 2805, 3435, 13365, 59, 80, 88672, 0x0000000000000000
1791330373,290.19, 585.00, 585.00, 2797, 3435, 13365, 60, 82, 88668, 0x0000000000000000
1791330374,285.76, 585.00, 585.00, 2797, 3435, 13365, 61, 94, 88666, 0x0000000000000000
1791330375,278.34, 585.00, 585.00, 2805, 3435, 13365, 61, 83, 88658, 0x0000000000000000
1791330376,278.92, 585.00, 585.00, 2805, 3435, 13365, 59, 78, 88658, 0x0000000000000000
1791330377,280.10, 585.00, 585.00, 2805, 3435, 13365, 62, 91, 87520, 0x0000000000000000
1791330378,276.54, 585.00, 585.00, 2805, 3435, 13365, 60, 72, 88032, 0x0000000000000000
1791330379,280.11, 585.00, 585.00, 2805, 3435, 13365, 60, 74, 87450, 0x0000000000000000
1791330380,277.93, 585.00, 585.00, 2805, 3435, 13365, 62, 90, 88558, 0x0000000000000000
1791330381,268.59, 585.00, 585.00, 2805, 3435, 13365, 59, 77, 88640, 0x0000000000000000
1791330383,276.44, 585.00, 585.00, 2805, 3435, 13365, 60, 83, 88638, 0x0000000000000000
1791330384,281.26, 585.00, 585.00, 2805, 3435, 13365, 60, 92, 88614, 0x0000000000000000
1791330385,277.08, 585.00, 585.00, 2805, 3435, 13365, 61, 91, 88628, 0x0000000000000000
1791330386,273.68, 585.00, 585.00, 2805, 3435, 13365, 62, 83, 89094, 0x0000000000000000
1791330387,273.32, 585.00, 585.00, 2805, 3435, 13365, 61, 77, 89052, 0x0000000000000000
1791330388,272.57, 585.00, 585.00, 2805, 3435, 13365, 59, 76, 87476, 0x0000000000000000
1791330389,272.61, 585.00, 585.00, 2805, 3435, 13365, 59, 46, 89112, 0x0000000000000000
1791330390,268.28, 585.00, 585.00, 2805, 3435, 13365, 62, 88, 87506, 0x0000000000000000
1791330391,272.19, 585.00, 585.00, 2805, 3435, 13365, 62, 82, 87506, 0x0000000000000000
1791330392,269.54, 585.00, 585.00, 2805, 3435, 13365, 60, 75, 87472, 0x0000000000000000
1791330393,267.97, 585.00, 585.00, 2805, 3435, 13365, 60, 67, 87452, 0x0000000000000000
1791330394,263.61, 585.00, 585.00, 2805, 3435, 13365, 61, 79, 88582, 0x0000000000000000
1791330395,287.29, 585.00, 585.00, 2805, 3435, 13365, 61, 92, 87452, 0x0000000000000000
1791330396,278.07, 585.00, 585.00, 2805, 3435, 13365, 62, 90, 87454, 0x0000000000000000
1791330397,282.59, 585.00, 585.00, 2805, 3435, 13365, 63, 88, 87454, 0x0000000000000000
1791330398,276.77, 585.00, 585.00, 2805, 3435, 13365, 60, 87, 87966, 0x0000000000000000
1791330399,275.51, 585.00, 585.00, 2805, 3435, 13365, 60, 72, 88000, 0x0000000000000000
1791330400,271.59, 585.00, 585.00, 2805, 3435, 13365, 60, 74, 87998, 0x0000000000000000
1791330401,272.83, 585.00, 585.00, 2805, 3435, 13365, 60, 74, 89048, 0x0000000000000000
1791330402,268.62, 585.00, 585.00, 2812, 3435, 13365, 60, 76, 88534, 0x0000000000000000
1791330403,272.60, 585.00, 585.00, 2812, 3435, 13365, 59, 77, 87474, 0x0000000000000000
1791330405,273.99, 585.00, 585.00, 2812, 3435, 13365, 62, 77, 88434, 0x0000000000000000
1791330406,276.25, 585.00, 585.00, 2812, 3435, 13365, 60, 79, 87474, 0x0000000000000000
1791330407,233.96, 585.00, 585.00, 2812, 3435, 13365, 59, 57, 87688, 0x0000000000000000
1791330408,138.50, 585.00, 585.00, 2812, 3435, 13365, 57, 11, 87462, 0x0000000000000000
1791330409,97.80, 585.00, 585.00, 2812, 3435, 13365, 56, 11, 87462, 0x0000000000000000
1791330410,95.41, 585.00, 585.00, 2790, 3435, 13365, 56, 3, 87464, 0x0000000000000000
1791330411,89.97, 585.00, 585.00, 2797, 3435, 13365, 56, 12, 87530, 0x0000000000000000
1791330412,97.46, 585.00, 585.00, 2715, 3435, 13365, 55, 13, 87618, 0x0000000000000000
1791330413,90.13, 585.00, 585.00, 2692, 3435, 13365, 55, 7, 87636, 0x0000000000000000
1791330414,76.24, 585.00, 585.00, 2610, 3435, 13365, 54, 0, 87636, 0x0000000000000000
1791330415,75.72, 585.00, 585.00, 2610, 3435, 13365, 54, 0, 87636, 0x0000000000000000
1791330416,86.49, 585.00, 585.00, 2610, 3435, 13365, 54, 28, 87640, 0x0000000000000000
1791330417,91.19, 585.00, 585.00, 2610, 3435, 13365, 54, 0, 87640, 0x0000000000000000
1791330418,75.08, 585.00, 585.00, 2610, 3435, 13365, 53, 0, 87640, 0x0000000000000000
1791330419,86.02, 585.00, 585.00, 2610, 3435, 13365, 53, 0, 87640, 0x0000000000000000
1791330420,91.71, 585.00, 585.00, 2610, 3435, 13365, 53, 0, 87640, 0x0000000000000000
1791330421,74.89, 585.00, 585.00, 2610, 3435, 13365, 53, 0, 87640, 0x0000000000000000
1791330422,74.76, 585.00, 585.00, 2610, 3435, 13365, 53, 0, 87640, 0x0000000000000000
1791330423,74.77, 585.00, 585.00, 2610, 3435, 13365, 52, 0, 87640, 0x0000000000000000
1791330424,279.73, 585.00, 585.00, 2752, 3435, 13365, 61, 90, 87640, 0x0000000000000000
1791330425,384.53, 585.00, 585.00, 2745, 3435, 13365, 61, 86, 87640, 0x0000000000000000
1791330426,380.89, 585.00, 585.00, 2752, 3435, 13365, 62, 84, 87640, 0x0000000000000000
1791330427,382.86, 585.00, 585.00, 2752, 3435, 13365, 62, 60, 87640, 0x0000000000000000
1791330429,372.70, 585.00, 585.00, 2752, 3435, 13365, 60, 86, 87640, 0x0000000000000000
1791330430,384.03, 585.00, 585.00, 2752, 3435, 13365, 64, 90, 87640, 0x0000000000000000
1791330431,386.40, 585.00, 585.00, 2752, 3435, 13365, 62, 86, 87640, 0x0000000000000000
1791330432,384.84, 585.00, 585.00, 2752, 3435, 13365, 62, 90, 87640, 0x0000000000000000
1791330433,379.54, 585.00, 585.00, 2752, 3435, 13365, 60, 87, 87640, 0x0000000000000000
1791330434,365.56, 585.00, 585.00, 2760, 3435, 13365, 63, 87, 87640, 0x0000000000000000
1791330435,376.59, 585.00, 585.00, 2760, 3435, 13365, 62, 91, 87640, 0x0000000000000000
1791330436,367.74, 585.00, 585.00, 2760, 3435, 13365, 63, 76, 87640, 0x0000000000000000
1791330437,364.88, 585.00, 585.00, 2760, 3435, 13365, 62, 79, 87640, 0x0000000000000000
1791330438,364.51, 585.00, 585.00, 2752, 3435, 13365, 61, 80, 87640, 0x0000000000000000
1791330439,364.09, 585.00, 585.00, 2767, 3435, 13365, 65, 76, 87640, 0x0000000000000000
1791330440,377.01, 585.00, 585.00, 2760, 3435, 13365, 65, 83, 87640, 0x0000000000000000
1791330441,379.62, 585.00, 585.00, 2760, 3435, 13365, 65, 83, 87640, 0x0000000000000000
1791330442,378.76, 585.00, 585.00, 2752, 3435, 13365, 64, 84, 87640, 0x0000000000000000
1791330443,379.86, 585.00, 585.00, 2752, 3435, 13365, 62, 84, 87640, 0x0000000000000000
1791330444,384.62, 585.00, 585.00, 2752, 3435, 13365, 65, 83, 87640, 0x0000000000000000
1791330446,386.96, 585.00, 585.00, 2760, 3435, 13365, 65, 90, 87640, 0x0000000000000000
1791330447,381.47, 585.00, 585.00, 2767, 3435, 13365, 66, 84, 87640, 0x0000000000000000
1791330448,380.15, 585.00, 585.00, 2760, 3435, 13365, 66, 88, 87640, 0x0000000000000000
1791330449,379.00, 585.00, 585.00, 2752, 3435, 13365, 66, 87, 87640, 0x0000000000000000
1791330450,380.36, 585.00, 585.00, 2752, 3435, 13365, 65, 77, 87640, 0x0000000000000000
1791330451,377.57, 585.00, 585.00, 2760, 3435, 13365, 65, 83, 87640, 0x0000000000000000
1791330452,380.96, 585.00, 585.00, 2760, 3435, 13365, 65, 85, 87640, 0x0000000000000000
1791330453,382.30, 585.00, 585.00, 2760, 3435, 13365, 66, 79, 87640, 0x0000000000000000
1791330454,373.39, 585.00, 585.00, 2752, 3435, 13365, 66, 87, 87640, 0x0000000000000000
1791330455,373.30, 585.00, 585.00, 2760, 3435, 13365, 66, 79, 87640, 0x0000000000000000
1791330456,384.89, 585.00, 585.00, 2760, 3435, 13365, 66, 85, 87640, 0x0000000000000000
1791330457,385.58, 585.00, 585.00, 2760, 3435, 13365, 66, 84, 87640, 0x0000000000000000
1791330458,384.35, 585.00, 585.00, 2752, 3435, 13365, 66, 90, 87640, 0x0000000000000000
1791330459,387.07, 585.00, 585.00, 2760, 3435, 13365, 66, 78, 87640, 0x0000000000000000
1791330460,388.58, 585.00, 585.00, 2752, 3435, 13365, 65, 86, 87640, 0x0000000000000000
1791330461,386.90, 585.00, 585.00, 2760, 3435, 13365, 68, 89, 87640, 0x0000000000000000
1791330462,381.96, 585.00, 585.00, 2760, 3435, 13365, 68, 82, 87640, 0x0000000000000000
1791330464,383.57, 585.00, 585.00, 2760, 3435, 13365, 68, 83, 87640, 0x0000000000000000
1791330465,394.63, 585.00, 585.00, 2752, 3435, 13365, 67, 89, 87640, 0x0000000000000000
1791330466,387.41, 585.00, 585.00, 2752, 3435, 13365, 68, 87, 87640, 0x0000000000000000
1791330467,378.68, 585.00, 585.00, 2760, 3435, 13365, 65, 90, 87640, 0x0000000000000000
1791330468,369.80, 585.00, 585.00, 2760, 3435, 13365, 65, 80, 87640, 0x0000000000000000
1791330469,377.52, 585.00, 585.00, 2767, 3435, 13365, 67, 85, 87640, 0x0000000000000000
1791330470,373.83, 585.00, 585.00, 2767, 3435, 13365, 68, 83, 87640, 0x0000000000000000
1791330471,376.74, 585.00, 585.00, 2752, 3435, 13365, 65, 87, 87640, 0x0000000000000000
1791330472,376.32, 585.00, 585.00, 2760, 3435, 13365, 67, 85, 87640, 0x0000000000000000
1791330473,387.31, 585.00, 585.00, 2752, 3435, 13365, 67, 89, 87640, 0x0000000000000000
1791330474,386.94, 585.00, 585.00, 2752, 3435, 13365, 67, 84, 87640, 0x0000000000000000
1791330475,386.29, 585.00, 585.00, 2760, 3435, 13365, 67, 87, 87640, 0x0000000000000000
1791330476,384.99, 585.00, 585.00, 2760, 3435, 13365, 67, 83, 87640, 0x0000000000000000
1791330477,388.99, 585.00, 585.00, 2760, 3435, 13365, 66, 85, 87640, 0x0000000000000000
1791330479,390.20, 585.00, 585.00, 2752, 3435, 13365, 69, 89, 87640, 0x0000000000000000
1791330480,397.65, 585.00, 585.00, 2760, 3435, 13365, 68, 82, 87640, 0x0000000000000000
1791330481,392.17, 585.00, 585.00, 2752, 3435, 13365, 69, 91, 87640, 0x0000000000000000
1791330482,392.34, 585.00, 585.00, 2760, 3435, 13365, 70, 85, 87640, 0x0000000000000000
1791330483,388.70, 585.00, 585.00, 2760, 3435, 13365, 69, 84, 87640, 0x0000000000000000
1791330484,381.58, 585.00, 585.00, 2752, 3435, 13365, 67, 88, 87640, 0x0000000000000000
1791330485,375.61, 585.00, 585.00, 2760, 3435, 13365, 69, 77, 87640, 0x0000000000000000
1791330486,371.11, 585.00, 585.00, 2760, 3435, 13365, 68, 75, 87640, 0x0000000000000000
1791330487,373.99, 585.00, 585.00, 2760, 3435, 13365, 68, 75, 87640, 0x0000000000000000
1791330488,378.29, 585.00, 585.00, 2760, 3435, 13365, 69, 85, 87640, 0x0000000000000000
1791330489,373.08, 585.00, 585.00, 2760, 3435, 13365, 69, 80, 87640, 0x0000000000000000
1791330490,399.10, 585.00, 585.00, 2752, 3435, 13365, 69, 89, 87640, 0x0000000000000000
1791330491,392.62, 585.00, 585.00, 2760, 3435, 13365, 70, 89, 87640, 0x0000000000000000
1791330492,396.22, 585.00, 585.00, 2752, 3435, 13365, 69, 81, 87640, 0x0000000000000000
1791330493,359.64, 585.00, 585.00, 2760, 3435, 13365, 66, 75, 87640, 0x0000000000000000
1791330495,317.11, 585.00, 585.00, 2775, 3435, 13365, 67, 75, 87640, 0x0000000000000000
1791330496,329.37, 585.00, 585.00, 2752, 3435, 13365, 69, 56, 87640, 0x0000000000000000
1791330497,394.22, 585.00, 585.00, 2760, 3435, 13365, 69, 81, 87640, 0x0000000000000000
1791330498,391.59, 585.00, 585.00, 2752, 3435, 13365, 68, 90, 87642, 0x0000000000000000
1791330499,391.77, 585.00, 585.00, 2760, 3435, 13365, 69, 90, 87642, 0x0000000000000000
1791330500,395.46, 585.00, 585.00, 2760, 3435, 13365, 69, 84, 87642, 0x0000000000000000
1791330501,386.89, 585.00, 585.00, 2760, 3435, 13365, 68, 89, 87642, 0x0000000000000000
1791330502,387.58, 585.00, 585.00, 2760, 3435, 13365, 69, 79, 87642, 0x0000000000000000
1791330503,371.84, 585.00, 585.00, 2767, 3435, 13365, 69, 74, 87642, 0x0000000000000000
1791330504,376.94, 585.00, 585.00, 2760, 3435, 13365, 70, 80, 87642, 0x0000000000000000
1791330505,379.99, 585.00, 585.00, 2760, 3435, 13365, 69, 78, 87642, 0x0000000000000000
1791330506,363.45, 585.00, 585.00, 2760, 3435, 13365, 69, 81, 87642, 0x0000000000000000
1791330507,393.43, 585.00, 585.00, 2760, 3435, 13365, 69, 82, 87642, 0x0000000000000000
1791330508,395.30, 585.00, 585.00, 2760, 3435, 13365, 70, 91, 87642, 0x0000000000000000
1791330509,391.26, 585.00, 585.00, 2760, 3435, 13365, 71, 84, 87642, 0x0000000000000000
1791330510,374.07, 585.00, 585.00, 2760, 3435, 13365, 70, 86, 87642, 0x0000000000000000
1791330512,374.07, 585.00, 585.00, 2760, 3435, 13365, 70, 81, 87642, 0x0000000000000000
1791330513,396.07, 585.00, 585.00, 2760, 3435, 13365, 70, 90, 87642, 0x0000000000000000
1791330514,394.05, 585.00, 585.00, 2752, 3435, 13365, 70, 84, 87642, 0x0000000000000000
1791330515,392.15, 585.00, 585.00, 2760, 3435, 13365, 70, 85, 87642, 0x0000000000000000
1791330516,392.43, 585.00, 585.00, 2760, 3435, 13365, 70, 85, 87642, 0x0000000000000000
1791330517,394.26, 585.00, 585.00, 2760, 3435, 13365, 70, 89, 87642, 0x0000000000000000
1791330518,378.41, 585.00, 585.00, 2760, 3435, 13365, 70, 75, 87642, 0x0000000000000000
1791330519,378.56, 585.00, 585.00, 2752, 3435, 13365, 69, 90, 87642, 0x0000000000000000
1791330520,385.76, 585.00, 585.00, 2760, 3435, 13365, 70, 91, 87642, 0x0000000000000000
1791330521,383.96, 585.00, 585.00, 2767, 3435, 13365, 69, 76, 87642, 0x0000000000000000
1791330522,383.80, 585.00, 585.00, 2760, 3435, 13365, 69, 87, 87642, 0x0000000000000000
1791330523,390.41, 585.00, 585.00, 2760, 3435, 13365, 70, 84, 87642, 0x0000000000000000
1791330524,400.09, 585.00, 585.00, 2760, 3435, 13365, 71, 87, 87642, 0x0000000000000000
1791330525,395.16, 585.00, 585.00, 2760, 3435, 13365, 71, 83, 87642, 0x0000000000000000
1791330526,390.87, 585.00, 585.00, 2752, 3435, 13365, 70, 89, 87642, 0x0000000000000000
1791330527,393.22, 585.00, 585.00, 2752, 3435, 13365, 71, 86, 87642, 0x0000000000000000
1791330528,389.40, 585.00, 585.00, 2752, 3435, 13365, 69, 82, 87642, 0x0000000000000000
1791330530,385.25, 585.00, 585.00, 2752, 3435, 13365, 70, 79, 87642, 0x0000000000000000
1791330531,394.25, 585.00, 585.00, 2760, 3435, 13365, 70, 88, 87642, 0x0000000000000000
1791330532,392.89, 585.00, 585.00, 2760, 3435, 13365, 71, 84, 87642, 0x0000000000000000
1791330533,397.95, 585.00, 585.00, 2760, 3435, 13365, 70, 90, 87642, 0x0000000000000000
1791330534,401.43, 585.00, 585.00, 2752, 3435, 13365, 70, 92, 87642, 0x0000000000000000
1791330535,391.83, 585.00, 585.00, 2752, 3435, 13365, 69, 91, 87642, 0x0000000000000000
1791330536,378.43, 585.00, 585.00, 2752, 3435, 13365, 70, 79, 87642, 0x0000000000000000
1791330537,382.86, 585.00, 585.00, 2752, 3435, 13365, 69, 77, 87642, 0x0000000000000000
1791330538,385.24, 585.00, 585.00, 2752, 3435, 13365, 70, 81, 87642, 0x0000000000000000
1791330539,384.52, 585.00, 585.00, 2760, 3435, 13365, 71, 90, 87642, 0x0000000000000000
1791330540,399.40, 585.00, 585.00, 2752, 3435, 13365, 71, 85, 87642, 0x0000000000000000
1791330541,400.60, 585.00, 585.00, 2752, 3435, 13365, 71, 90, 87642, 0x0000000000000000
1791330542,396.92, 585.00, 585.00, 2752, 3435, 13365, 70, 88, 87642, 0x0000000000000000
1791330543,400.56, 585.00, 585.00, 2752, 3435, 13365, 70, 88, 87642, 0x0000000000000000
1791330544,402.43, 585.00, 585.00, 2760, 3435, 13365, 70, 91, 87642, 0x0000000000000000
1791330546,398.56, 585.00, 585.00, 2752, 3435, 13365, 71, 85, 87642, 0x0000000000000000
1791330547,400.51, 585.00, 585.00, 2752, 3435, 13365, 70, 84, 87642, 0x0000000000000000
1791330548,397.33, 585.00, 585.00, 2752, 3435, 13365, 71, 77, 87642, 0x0000000000000000
1791330549,394.00, 585.00, 585.00, 2752, 3435, 13365, 70, 90, 87642, 0x0000000000000000
1791330550,391.08, 585.00, 585.00, 2760, 3435, 13365, 72, 84, 87642, 0x0000000000000000
1791330551,392.16, 585.00, 585.00, 2760, 3435, 13365, 71, 85, 87642, 0x0000000000000000
1791330552,393.00, 585.00, 585.00, 2752, 3435, 13365, 70, 79, 87642, 0x0000000000000000
1791330553,389.63, 585.00, 585.00, 2760, 3435, 13365, 70, 85, 87642, 0x0000000000000000
1791330554,389.57, 585.00, 585.00, 2752, 3435, 13365, 70, 83, 87642, 0x0000000000000000
1791330555,388.69, 585.00, 585.00, 2767, 3435, 13365, 71, 78, 87642, 0x0000000000000000
1791330556,389.52, 585.00, 585.00, 2752, 3435, 13365, 71, 84, 87642, 0x0000000000000000
1791330557,397.00, 585.00, 585.00, 2760, 3435, 13365, 72, 87, 87642, 0x0000000000000000
1791330558,393.49, 585.00, 585.00, 2760, 3435, 13365, 70, 77, 87642, 0x0000000000000000
1791330559,389.90, 585.00, 585.00, 2760, 3435, 13365, 72, 83, 87642, 0x0000000000000000
1791330560,390.82, 585.00, 585.00, 2760, 3435, 13365, 70, 86, 87642, 0x0000000000000000
1791330561,399.89, 585.00, 585.00, 2752, 3435, 13365, 70, 87, 87642, 0x0000000000000000
1791330562,396.59, 585.00, 585.00, 2752, 3435, 13365, 71, 87, 87642, 0x0000000000000000
1791330564,400.34, 585.00, 585.00, 2760, 3435, 13365, 70, 84, 87642, 0x0000000000000000
1791330565,402.95, 585.00, 585.00, 2760, 3435, 13365, 71, 92, 87642, 0x0000000000000000
1791330566,401.09, 585.00, 585.00, 2760, 3435, 13365, 71, 94, 87642, 0x0000000000000000
1791330567,404.77, 585.00, 585.00, 2760, 3435, 13365, 71, 91, 87642, 0x0000000000000000
1791330568,403.42, 585.00, 585.00, 2752, 3435, 13365, 72, 86, 87642, 0x0000000000000000
1791330569,401.22, 585.00, 585.00, 2767, 3435, 13365, 72, 82, 87642, 0x0000000000000000
1791330570,382.41, 585.00, 585.00, 2767, 3435, 13365, 69, 86, 87642, 0x0000000000000000
1791330571,377.76, 585.00, 585.00, 2760, 3435, 13365, 70, 78, 87642, 0x0000000000000000
1791330572,382.51, 585.00, 585.00, 2760, 3435, 13365, 71, 81, 87642, 0x0000000000000000
1791330573,376.49, 585.00, 585.00, 2752, 3435, 13365, 64, 64, 87642, 0x0000000000000000
1791330574,141.43, 585.00, 585.00, 2820, 3435, 13365, 64, 0, 87642, 0x0000000000000000
1791330575,88.16, 585.00, 585.00, 2625, 3435, 13365, 63, 0, 87642, 0x0000000000000000
1791330576,78.92, 585.00, 585.00, 2610, 3435, 13365, 62, 0, 87642, 0x0000000000000000
1791330577,78.96, 585.00, 585.00, 2610, 3435, 13365, 61, 0, 87642, 0x0000000000000000
1791330578,78.84, 585.00, 585.00, 2610, 3435, 13365, 61, 0, 87642, 0x0000000000000000
1791330579,78.95, 585.00, 585.00, 2610, 3435, 13365, 61, 0, 87642, 0x0000000000000000
1791330580,79.00, 585.00, 585.00, 2610, 3435, 13365, 60, 0, 87642, 0x0000000000000000
1791330581,78.65, 585.00, 585.00, 2610, 3435, 13365, 60, 0, 87642, 0x0000000000000000
1791330582,78.35, 585.00, 585.00, 2610, 3435, 13365, 59, 0, 87642, 0x0000000000000000
1791330583,77.98, 585.00, 585.00, 2610, 3435, 13365, 59, 0, 87642, 0x0000000000000000
1791330585,77.98, 585.00, 585.00, 2610, 3435, 13365, 58, 0, 87642, 0x0000000000000000
1791330586,78.05, 585.00, 585.00, 2610, 3435, 13365, 58, 0, 87642, 0x0000000000000000
1791330587,77.84, 585.00, 585.00, 2610, 3435, 13365, 58, 0, 87642, 0x0000000000000000
1791330588,77.50, 585.00, 585.00, 2610, 3435, 13365, 57, 0, 87642, 0x0000000000000000
1791330589,77.47, 585.00, 585.00, 2610, 3435, 13365, 57, 0, 87642, 0x0000000000000000
1791330590,77.47, 585.00, 585.00, 2610, 3435, 13365, 56, 0, 87642, 0x0000000000000000
1791330591,35.41, 585.00, 585.00, 525, 3435, 405, 55, 0, 87642, 0x0000000000000000
1791330592,19.74, 585.00, 585.00, 525, 3435, 405, 55, 0, 87642, 0x0000000000000000
1791330593,15.79, 585.00, 585.00, 525, 3435, 405, 55, 0, 87642, 0x0000000000000000
1791330594,15.62, 585.00, 585.00, 525, 3435, 405, 54, 0, 87642, 0x0000000000000000
1791330595,16.49, 585.00, 585.00, 525, 3435, 405, 54, 0, 87642, 0x0000000000000000
1791330596,19.17, 585.00, 585.00, 525, 3435, 405, 53, 0, 87642, 0x0000000000000000
1791330597,18.14, 585.00, 585.00, 525, 3435, 405, 53, 0, 87642, 0x0000000000000000
1791330598,16.13, 585.00, 585.00, 525, 3435, 405, 53, 0, 87642, 0x0000000000000000
1791330599,16.17, 585.00, 585.00, 525, 3435, 405, 52, 0, 87642, 0x0000000000000000
1791330600,16.58, 585.00, 585.00, 525, 3435, 405, 52, 0, 87642, 0x0000000000000000
1791330601,16.21, 585.00, 585.00, 525, 3435, 405, 52, 0, 87642, 0x0000000000000000
1791330603,17.05, 585.00, 585.00, 525, 3435, 405, 52, 0, 87642, 0x0000000000000000
1791330604,34.28, 585.00, 585.00, 1372, 3435, 14001, 52, 87, 1, 0x0000000000000000
1791330605,87.49, 585.00, 585.00, 2820, 3435, 14001, 52, 0, 1, 0x0000000000000000
1791330606,79.58, 585.00, 585.00, 2512, 3435, 14001, 52, 0, 1, 0x0000000000000000
1791330607,42.49, 585.00, 585.00, 2512, 3435, 14001, 51, 0, 1, 0x0000000000000000
1791330608,41.40, 585.00, 585.00, 525, 3435, 7001, 51, 0, 1, 0x0000000000000000
1791330609,27.49, 585.00, 585.00, 525, 3435, 810, 50, 0, 1, 0x0000000000000000
1791330610,21.46, 585.00, 585.00, 525, 3435, 405, 50, 0, 1, 0x0000000000000000
1791330611,15.15, 585.00, 585.00, 525, 3435, 405, 50, 0, 1, 0x0000000000000000
1791330612,15.15, 585.00, 585.00, 525, 3435, 405, 49, 0, 1, 0x0000000000000000
1791330613,15.47, 585.00, 585.00, 525, 3435, 405, 49, 0, 1, 0x0000000000000000
1791330614,15.55, 585.00, 585.00, 525, 3435, 405, 49, 0, 1, 0x0000000000000000
1791330615,15.06, 585.00, 585.00, 525, 3435, 405, 49, 0, 1, 0x0000000000000000
1791330616,14.54, 585.00, 585.00, 525, 3435, 405, 48, 0, 1, 0x0000000000000000
1791330617,14.54, 585.00, 585.00, 525, 3435, 405, 48, 0, 1, 0x0000000000000000
1791330618,14.62, 585.00, 585.00, 525, 3435, 405, 48, 0, 1, 0x0000000000000000
1791330620,14.68, 585.00, 585.00, 525, 3435, 405, 48, 0, 1, 0x0000000000000000
1791330621,14.39, 585.00, 585.00, 525, 3435, 405, 47, 0, 1, 0x0000000000000000
1791330622,14.45, 585.00, 585.00, 517, 3435, 405, 47, 0, 1, 0x0000000000000000
1791330623,14.38, 585.00, 585.00, 525, 3435, 405, 47, 0, 1, 0x0000000000000000
1791330624,14.56, 585.00, 585.00, 525, 3435, 405, 47, 0, 1, 0x0000000000000000
1791330625,14.40, 585.00, 585.00, 525, 3435, 405, 47, 0, 1, 0x0000000000000000
1791330626,14.35, 585.00, 585.00, 525, 3435, 405, 46, 0, 1, 0x0000000000000000
1791330627,14.61, 585.00, 585.00, 517, 3435, 405, 46, 0, 1, 0x0000000000000000
1791330628,14.49, 585.00, 585.00, 525, 3435, 405, 46, 0, 1, 0x0000000000000000
1791330629,14.51, 585.00, 585.00, 525, 3435, 405, 46, 0, 1, 0x0000000000000000
1791330630,27.92, 585.00, 585.00, 2625, 3435, 13365, 47, 0, 2852, 0x0000000000000000
1791330631,74.02, 585.00, 585.00, 2610, 3435, 13365, 47, 0, 27062, 0x0000000000000000
1791330632,77.41, 585.00, 585.00, 2632, 3435, 13365, 47, 25, 27062, 0x0000000000000000
1791330633,73.84, 585.00, 585.00, 2610, 3435, 13365, 47, 7, 24118, 0x0000000000000000
1791330634,70.96, 585.00, 585.00, 2610, 3435, 13365, 47, 0, 24400, 0x0000000000000000
1791330635,71.11, 585.00, 585.00, 2610, 3435, 13365, 47, 0, 24400, 0x0000000000000000
1791330636,70.23, 585.00, 585.00, 2610, 3435, 13365, 47, 0, 24400, 0x0000000000000000
1791330637,70.03, 585.00, 585.00, 2610, 3435, 13365, 46, 0, 24400, 0x0000000000000000
1791330638,70.15, 585.00, 585.00, 2610, 3435, 13365, 46, 0, 24400, 0x0000000000000000
1791330640,70.09, 585.00, 585.00, 2610, 3435, 13365, 46, 0, 24400, 0x0000000000000000
1791330641,70.30, 585.00, 585.00, 2625, 3435, 13365, 46, 0, 24400, 0x0000000000000000
1791330642,244.93, 585.00, 585.00, 2812, 3435, 13365, 51, 68, 25168, 0x0000000000000000
1791330643,146.21, 585.00, 585.00, 2820, 3435, 13365, 51, 43, 26560, 0x0000000000000000
1791330644,151.58, 585.00, 585.00, 2812, 3435, 13365, 51, 95, 26560, 0x0000000000000000
1791330645,238.22, 585.00, 585.00, 2805, 3435, 13365, 53, 99, 26560, 0x0000000000000000
1791330646,286.85, 585.00, 585.00, 2812, 3435, 13365, 50, 4, 26200, 0x0000000000000000
1791330647,116.55, 585.00, 585.00, 2812, 3435, 13365, 47, 0, 26200, 0x0000000000000000
1791330648,81.10, 585.00, 585.00, 2820, 3435, 13365, 47, 0, 26200, 0x0000000000000000
1791330649,78.65, 585.00, 585.00, 2790, 3435, 13365, 47, 0, 26200, 0x0000000000000000
1791330650,70.71, 585.00, 585.00, 2610, 3435, 13365, 47, 0, 26200, 0x0000000000000000
1791330651,397.90, 585.00, 585.00, 2325, 3435, 13365, 63, 100, 27172, 0x0000000000000004
1791330652,199.34, 585.00, 585.00, 2820, 3435, 13365, 48, 0, 27172, 0x0000000000000000
1791330653,79.33, 585.00, 585.00, 2820, 3435, 13365, 47, 0, 24790, 0x0000000000000000
1791330654,421.88, 585.00, 585.00, 2542, 3435, 13365, 64, 100, 26176, 0x0000000000000004
1791330655,585.13, 585.00, 585.00, 2542, 3435, 13365, 65, 100, 26192, 0x0000000000000004
1791330656,581.93, 585.00, 585.00, 2535, 3435, 13365, 66, 100, 25578, 0x0000000000000004
1791330657,577.00, 585.00, 585.00, 2535, 3435, 13365, 66, 100, 26214, 0x0000000000000004
1791330658,572.48, 585.00, 585.00, 2535, 3435, 13365, 65, 98, 26356, 0x0000000000000004
1791330659,584.09, 585.00, 585.00, 2557, 3435, 13365, 68, 85, 26376, 0x0000000000000004
1791330660,581.93, 585.00, 585.00, 2535, 3435, 13365, 68, 99, 26396, 0x0000000000000004
1791330661,576.72, 585.00, 585.00, 2520, 3435, 13365, 67, 100, 26504, 0x0000000000000004
1791330662,581.66, 585.00, 585.00, 2535, 3435, 13365, 69, 100, 26428, 0x0000000000000004
1791330664,572.10, 585.00, 585.00, 2550, 3435, 13365, 69, 95, 26442, 0x0000000000000004
1791330665,566.70, 585.00, 585.00, 2542, 3435, 13365, 66, 85, 26452, 0x0000000000000004
1791330666,580.37, 585.00, 585.00, 2550, 3435, 13365, 70, 100, 26484, 0x0000000000000004
1791330667,577.97, 585.00, 585.00, 2527, 3435, 13365, 71, 100, 26502, 0x0000000000000004
1791330668,582.07, 585.00, 585.00, 2520, 3435, 13365, 71, 100, 26510, 0x0000000000000004
1791330669,584.55, 585.00, 585.00, 2557, 3435, 13365, 71, 100, 26542, 0x0000000000000004
1791330670,577.86, 585.00, 585.00, 2572, 3435, 13365, 68, 97, 26144, 0x0000000000000004
1791330671,574.69, 585.00, 585.00, 2542, 3435, 13365, 72, 84, 26582, 0x0000000000000004
1791330672,571.74, 585.00, 585.00, 2572, 3435, 13365, 73, 100, 26608, 0x0000000000000004
1791330673,561.54, 585.00, 585.00, 2572, 3435, 13365, 73, 83, 26636, 0x0000000000000004
1791330674,551.84, 585.00, 585.00, 2572, 3435, 13365, 74, 100, 26650, 0x0000000000000004
1791330675,570.46, 585.00, 585.00, 2580, 3435, 13365, 74, 100, 26686, 0x0000000000000004
1791330676,562.97, 585.00, 585.00, 2572, 3435, 13365, 70, 100, 26328, 0x0000000000000004
1791330677,556.51, 585.00, 585.00, 2557, 3435, 13365, 74, 79, 26724, 0x0000000000000004
1791330678,558.96, 585.00, 585.00, 2587, 3435, 13365, 67, 88, 26416, 0x0000000000000004
1791330679,556.94, 585.00, 585.00, 2580, 3435, 13365, 68, 80, 26788, 0x0000000000000004
1791330680,551.12, 585.00, 585.00, 2572, 3435, 13365, 74, 84, 26832, 0x0000000000000004
1791330681,541.70, 585.00, 585.00, 2587, 3435, 13365, 71, 77, 26852, 0x0000000000000004
1791330682,538.76, 585.00, 585.00, 2587, 3435, 13365, 71, 96, 26620, 0x0000000000000004
1791330683,508.39, 585.00, 585.00, 2587, 3435, 13365, 72, 89, 26680, 0x0000000000000004
1791330685,506.01, 585.00, 585.00, 2602, 3435, 13365, 75, 77, 26994, 0x0000000000000004
1791330686,494.57, 585.00, 585.00, 2617, 3435, 13365, 75, 76, 26806, 0x0000000000000004
1791330687,468.96, 585.00, 585.00, 2617, 3435, 13365, 73, 74, 26878, 0x0000000000000004
1791330688,466.19, 585.00, 585.00, 2625, 3435, 13365, 68, 57, 27086, 0x0000000000000004
1791330689,432.64, 585.00, 585.00, 2647, 3435, 13365, 67, 54, 27126, 0x0000000000000004
1791330690,374.70, 585.00, 585.00, 2647, 3435, 13365, 66, 54, 27170, 0x0000000000000000
1791330691,287.71, 585.00, 585.00, 2767, 3435, 13365, 66, 43, 27346, 0x0000000000000000
1791330692,207.29, 585.00, 585.00, 2782, 3435, 13365, 62, 9, 27398, 0x0000000000000000
1791330693,109.37, 585.00, 585.00, 2820, 3435, 13365, 60, 0, 85042, 0x0000000000000000
1791330694,233.10, 585.00, 585.00, 2430, 3435, 13365, 73, 100, 87650, 0x0000000000000004
1791330695,488.76, 585.00, 585.00, 2730, 3435, 13365, 62, 0, 86210, 0x0000000000000000
1791330696,366.29, 585.00, 585.00, 2497, 3435, 13365, 75, 86, 86892, 0x0000000000000004
1791330697,577.77, 585.00, 585.00, 2497, 3435, 13365, 76, 86, 86882, 0x0000000000000004
1791330698,578.10, 585.00, 585.00, 2482, 3435, 13365, 76, 86, 86874, 0x0000000000000004
1791330699,585.04, 585.00, 585.00, 2482, 3435, 13365, 76, 86, 86354, 0x0000000000000004
1791330700,580.37, 585.00, 585.00, 2497, 3435, 13365, 77, 86, 86964, 0x0000000000000004
1791330701,587.60, 585.00, 585.00, 2490, 3435, 13365, 78, 91, 86954, 0x0000000000000004
1791330702,591.90, 585.00, 585.00, 2467, 3435, 13365, 78, 100, 86940, 0x0000000000000004
1791330703,577.96, 585.00, 585.00, 2460, 3435, 13365, 78, 90, 87024, 0x0000000000000004
1791330704,583.94, 585.00, 585.00, 2490, 3435, 13365, 78, 93, 86914, 0x0000000000000004
1791330705,575.46, 585.00, 585.00, 2490, 3435, 13365, 78, 100, 86904, 0x0000000000000004
1791330706,579.27, 585.00, 585.00, 2505, 3435, 13365, 79, 94, 86354, 0x0000000000000004
1791330707,562.98, 585.00, 585.00, 2505, 3435, 13365, 78, 84, 86880, 0x0000000000000004
1791330709,578.36, 585.00, 585.00, 2490, 3435, 13365, 80, 85, 86868, 0x0000000000000004
1791330710,580.34, 585.00, 585.00, 2490, 3435, 13365, 80, 84, 86356, 0x0000000000000004
1791330711,579.82, 585.00, 585.00, 2535, 3435, 13365, 81, 87, 86838, 0x0000000000000004
1791330712,578.10, 585.00, 585.00, 2512, 3435, 13365, 81, 87, 86828, 0x0000000000000004
1791330713,586.30, 585.00, 585.00, 2512, 3435, 13365, 80, 82, 86804, 0x0000000000000004
1791330714,567.79, 585.00, 585.00, 2520, 3435, 13365, 80, 94, 86878, 0x0000000000000004
1791330715,572.83, 585.00, 585.00, 2550, 3435, 13365, 81, 90, 86786, 0x0000000000000004
1791330716,569.32, 585.00, 585.00, 2557, 3435, 13365, 81, 95, 86760, 0x0000000000000004
1791330717,568.33, 585.00, 585.00, 2512, 3435, 13365, 80, 82, 86764, 0x0000000000000004
1791330718,565.89, 585.00, 585.00, 2527, 3435, 13365, 80, 80, 86752, 0x0000000000000004
1791330719,564.77, 585.00, 585.00, 2557, 3435, 13365, 81, 82, 86558, 0x0000000000000004
1791330720,545.42, 585.00, 585.00, 2565, 3435, 13365, 78, 58, 86718, 0x0000000000000000
1791330721,547.51, 585.00, 585.00, 2557, 3435, 13365, 78, 79, 86358, 0x0000000000000004
1791330722,556.17, 585.00, 585.00, 2550, 3435, 13365, 81, 77, 86678, 0x0000000000000004
1791330723,560.59, 585.00, 585.00, 2565, 3435, 13365, 82, 98, 86646, 0x0000000000000004
1791330724,549.09, 585.00, 585.00, 2572, 3435, 13365, 81, 83, 86362, 0x0000000000000004
1791330725,521.32, 585.00, 585.00, 2565, 3435, 13365, 82, 80, 86606, 0x0000000000000004
1791330726,525.09, 585.00, 585.00, 2595, 3435, 13365, 81, 76, 86360, 0x0000000000000004
1791330727,497.81, 585.00, 585.00, 2587, 3435, 13365, 74, 77, 86564, 0x0000000000000004
1791330728,495.59, 585.00, 585.00, 2602, 3435, 13365, 80, 75, 86540, 0x0000000000000004
1791330729,487.94, 585.00, 585.00, 2610, 3435, 13365, 79, 75, 86362, 0x0000000000000004
1791330731,438.15, 585.00, 585.00, 2640, 3435, 13365, 72, 54, 86364, 0x0000000000000004
1791330732,380.01, 585.00, 585.00, 2670, 3435, 13365, 75, 69, 86386, 0x0000000000000004
1791330733,342.70, 585.00, 585.00, 2730, 3435, 13365, 72, 46, 86372, 0x0000000000000000
1791330734,224.35, 585.00, 585.00, 2805, 3435, 13365, 74, 36, 86426, 0x0000000000000000
1791330735,331.24, 585.00, 585.00, 2820, 3435, 13365, 67, 69, 86442, 0x0000000000000000
1791330736,115.27, 585.00, 585.00, 2820, 3435, 13365, 65, 0, 86442, 0x0000000000000000
1791330737,89.37, 585.00, 585.00, 2820, 3435, 13365, 64, 0, 86442, 0x0000000000000000
1791330738,89.37, 585.00, 585.00, 2820, 3435, 13365, 64, 0, 86444, 0x0000000000000000
1791330739,96.96, 585.00, 585.00, 2610, 3435, 13365, 63, 0, 86444, 0x0000000000000000
1791330740,93.29, 585.00, 585.00, 2610, 3435, 13365, 63, 0, 86444, 0x0000000000000000
1791330741,79.35, 585.00, 585.00, 2610, 3435, 13365, 62, 0, 86444, 0x0000000000000000
1791330742,79.13, 585.00, 585.00, 2610, 3435, 13365, 62, 0, 86444, 0x0000000000000000
1791330743,89.17, 585.00, 585.00, 2632, 3435, 13365, 62, 43, 86444, 0x0000000000000000
1791330744,90.33, 585.00, 585.00, 2610, 3435, 13365, 61, 0, 86444, 0x0000000000000000
1791330745,90.33, 585.00, 585.00, 2610, 3435, 13365, 60, 0, 86444, 0x0000000000000000
1791330746,78.64, 585.00, 585.00, 2610, 3435, 13365, 60, 0, 86444, 0x0000000000000000
1791330747,78.53, 585.00, 585.00, 2610, 3435, 13365, 59, 0, 86444, 0x0000000000000000
1791330748,297.10, 585.00, 585.00, 2737, 3435, 13365, 69, 73, 86444, 0x0000000000000004
1791330749,434.07, 585.00, 585.00, 2722, 3435, 13365, 70, 70, 86444, 0x0000000000000000
1791330750,467.27, 585.00, 585.00, 2722, 3435, 13365, 72, 86, 86444, 0x0000000000000004
1791330752,455.49, 585.00, 585.00, 2722, 3435, 13365, 72, 70, 86444, 0x0000000000000004
1791330753,454.35, 585.00, 585.00, 2722, 3435, 13365, 72, 85, 86444, 0x0000000000000000
1791330754,458.09, 585.00, 585.00, 2722, 3435, 13365, 71, 73, 86444, 0x0000000000000000
1791330755,471.23, 585.00, 585.00, 2722, 3435, 13365, 71, 86, 86444, 0x0000000000000000
1791330756,442.18, 585.00, 585.00, 2737, 3435, 13365, 68, 67, 86444, 0x0000000000000000
1791330757,430.41, 585.00, 585.00, 2722, 3435, 13365, 72, 69, 86444, 0x0000000000000000
1791330758,453.15, 585.00, 585.00, 2722, 3435, 13365, 72, 78, 86444, 0x0000000000000000
1791330759,450.25, 585.00, 585.00, 2722, 3435, 13365, 73, 77, 86444, 0x0000000000000004
1791330760,449.84, 585.00, 585.00, 2715, 3435, 13365, 69, 71, 86444, 0x0000000000000000
1791330761,454.36, 585.00, 585.00, 2730, 3435, 13365, 70, 74, 86444, 0x0000000000000000
1791330762,452.35, 585.00, 585.00, 2722, 3435, 13365, 73, 76, 86444, 0x0000000000000004
1791330763,437.95, 585.00, 585.00, 2722, 3435, 13365, 73, 70, 86444, 0x0000000000000004
1791330764,447.37, 585.00, 585.00, 2722, 3435, 13365, 74, 82, 86444, 0x0000000000000004
1791330765,435.33, 585.00, 585.00, 2737, 3435, 13365, 73, 71, 86444, 0x0000000000000000
1791330766,419.87, 585.00, 585.00, 2737, 3435, 13365, 73, 74, 86444, 0x0000000000000004
1791330767,454.55, 585.00, 585.00, 2722, 3435, 13365, 73, 75, 86444, 0x0000000000000000
1791330768,465.51, 585.00, 585.00, 2722, 3435, 13365, 74, 74, 86444, 0x0000000000000000
1791330769,460.92, 585.00, 585.00, 2715, 3435, 13365, 70, 65, 86444, 0x0000000000000000
1791330771,472.56, 585.00, 585.00, 2722, 3435, 13365, 74, 86, 86444, 0x0000000000000000
1791330772,470.12, 585.00, 585.00, 2722, 3435, 13365, 75, 80, 86444, 0x0000000000000004
1791330773,458.48, 585.00, 585.00, 2722, 3435, 13365, 74, 78, 86444, 0x0000000000000004
1791330774,457.14, 585.00, 585.00, 2730, 3435, 13365, 73, 76, 86444, 0x0000000000000004
1791330775,462.53, 585.00, 585.00, 2722, 3435, 13365, 75, 75, 86444, 0x0000000000000000
1791330776,466.38, 585.00, 585.00, 2722, 3435, 13365, 75, 83, 86444, 0x0000000000000000
1791330777,459.01, 585.00, 585.00, 2730, 3435, 13365, 75, 73, 86444, 0x0000000000000000
1791330778,459.83, 585.00, 585.00, 2722, 3435, 13365, 75, 83, 86444, 0x0000000000000004
1791330779,459.51, 585.00, 585.00, 2692, 3435, 13365, 74, 72, 86444, 0x0000000000000004
1791330780,421.24, 585.00, 585.00, 2737, 3435, 13365, 71, 66, 86444, 0x0000000000000000
1791330781,420.11, 585.00, 585.00, 2730, 3435, 13365, 74, 68, 86444, 0x0000000000000000
1791330782,419.83, 585.00, 585.00, 2730, 3435, 13365, 74, 68, 86444, 0x0000000000000000
1791330783,424.67, 585.00, 585.00, 2730, 3435, 13365, 74, 77, 86444, 0x0000000000000004
1791330784,469.94, 585.00, 585.00, 2715, 3435, 13365, 74, 79, 86444, 0x0000000000000000
1791330785,477.03, 585.00, 585.00, 2715, 3435, 13365, 70, 66, 86444, 0x0000000000000004
1791330786,429.14, 585.00, 585.00, 2737, 3435, 13365, 74, 72, 86444, 0x0000000000000000
1791330787,456.76, 585.00, 585.00, 2722, 3435, 13365, 75, 71, 86444, 0x0000000000000000
1791330789,468.12, 585.00, 585.00, 2730, 3435, 13365, 74, 82, 86444, 0x0000000000000004
1791330790,443.64, 585.00, 585.00, 2737, 3435, 13365, 74, 71, 86444, 0x0000000000000000
1791330791,458.12, 585.00, 585.00, 2685, 3435, 13365, 77, 71, 86444, 0x0000000000000004
1791330792,476.43, 585.00, 585.00, 2692, 3435, 13365, 76, 77, 86444, 0x0000000000000000
1791330793,463.06, 585.00, 585.00, 2707, 3435, 13365, 72, 75, 86444, 0x0000000000000004
1791330794,456.81, 585.00, 585.00, 2692, 3435, 13365, 75, 77, 86444, 0x0000000000000004
1791330795,471.95, 585.00, 585.00, 2692, 3435, 13365, 75, 82, 86444, 0x0000000000000004
1791330796,456.74, 585.00, 585.00, 2707, 3435, 13365, 76, 71, 86444, 0x0000000000000000
1791330797,463.91, 585.00, 585.00, 2715, 3435, 13365, 73, 86, 86444, 0x0000000000000004
1791330798,427.71, 585.00, 585.00, 2707, 3435, 13365, 72, 65, 86444, 0x0000000000000000
1791330799,447.22, 585.00, 585.00, 2715, 3435, 13365, 73, 71, 86444, 0x0000000000000000
1791330800,433.91, 585.00, 585.00, 2700, 3435, 13365, 73, 69, 86444, 0x0000000000000004
1791330801,453.38, 585.00, 585.00, 2692, 3435, 13365, 74, 76, 86444, 0x0000000000000004
1791330802,455.51, 585.00, 585.00, 2685, 3435, 13365, 74, 68, 86444, 0x0000000000000004
1791330803,437.45, 585.00, 585.00, 2700, 3435, 13365, 75, 69, 86444, 0x0000000000000000
1791330804,439.93, 585.00, 585.00, 2685, 3435, 13365, 76, 71, 86444, 0x0000000000000000
1791330805,442.82, 585.00, 585.00, 2707, 3435, 13365, 72, 73, 86444, 0x0000000000000004
1791330807,450.13, 585.00, 585.00, 2685, 3435, 13365, 76, 78, 86444, 0x0000000000000000
1791330808,453.13, 585.00, 585.00, 2685, 3435, 13365, 76, 76, 86444, 0x0000000000000004
1791330809,469.12, 585.00, 585.00, 2685, 3435, 13365, 76, 71, 86444, 0x0000000000000004
1791330810,462.30, 585.00, 585.00, 2685, 3435, 13365, 77, 80, 86444, 0x0000000000000000
1791330811,452.76, 585.00, 585.00, 2692, 3435, 13365, 75, 68, 86444, 0x0000000000000004
1791330812,477.46, 585.00, 585.00, 2692, 3435, 13365, 76, 76, 86444, 0x0000000000000004
1791330813,461.06, 585.00, 585.00, 2685, 3435, 13365, 76, 75, 86444, 0x0000000000000000
1791330814,453.71, 585.00, 585.00, 2692, 3435, 13365, 73, 76, 86444, 0x0000000000000004
1791330815,455.40, 585.00, 585.00, 2692, 3435, 13365, 77, 76, 86444, 0x0000000000000004
1791330816,436.96, 585.00, 585.00, 2692, 3435, 13365, 75, 68, 86444, 0x0000000000000000
1791330817,446.09, 585.00, 585.00, 2677, 3435, 13365, 77, 89, 86444, 0x0000000000000004
1791330818,477.63, 585.00, 585.00, 2692, 3435, 13365, 73, 76, 86444, 0x0000000000000004
1791330819,469.27, 585.00, 585.00, 2700, 3435, 13365, 74, 68, 86444, 0x0000000000000004
1791330820,471.13, 585.00, 585.00, 2670, 3435, 13365, 74, 83, 86444, 0x0000000000000004
1791330821,467.25, 585.00, 585.00, 2655, 3435, 13365, 74, 75, 86444, 0x0000000000000004
1791330822,480.71, 585.00, 585.00, 2662, 3435, 13365, 76, 79, 86444, 0x0000000000000004
1791330823,455.69, 585.00, 585.00, 2707, 3435, 13365, 76, 69, 86444, 0x0000000000000000
1791330825,255.05, 585.00, 585.00, 2820, 3435, 13365, 67, 0, 86444, 0x0000000000000000
1791330826,155.05, 585.00, 585.00, 2820, 3435, 13365, 66, 0, 86444, 0x0000000000000000
1791330827,91.28, 585.00, 585.00, 2752, 3435, 13365, 65, 0, 86444, 0x0000000000000000
1791330828,85.35, 585.00, 585.00, 2610, 3435, 13365, 64, 0, 86444, 0x0000000000000000
1791330829,79.78, 585.00, 585.00, 2610, 3435, 13365, 64, 0, 86444, 0x0000000000000000
1791330830,79.95, 585.00, 585.00, 2610, 3435, 13365, 63, 0, 86444, 0x0000000000000000
1791330831,79.67, 585.00, 585.00, 2610, 3435, 13365, 63, 0, 86444, 0x0000000000000000
1791330832,79.19, 585.00, 585.00, 2610, 3435, 13365, 62, 0, 86444, 0x0000000000000000
1791330833,78.97, 585.00, 585.00, 2610, 3435, 13365, 62, 0, 86444, 0x0000000000000000
1791330834,79.02, 585.00, 585.00, 2610, 3435, 13365, 62, 0, 86444, 0x0000000000000000
1791330835,78.94, 585.00, 585.00, 2610, 3435, 13365, 61, 0, 86444, 0x0000000000000000
1791330836,78.75, 585.00, 585.00, 2610, 3435, 13365, 60, 0, 86444, 0x0000000000000000
1791330837,78.39, 585.00, 585.00, 2610, 3435, 13365, 60, 0, 86444, 0x0000000000000000
1791330838,78.29, 585.00, 585.00, 2610, 3435, 13365, 60, 0, 86444, 0x0000000000000000
1791330839,78.14, 585.00, 585.00, 2610, 3435, 13365, 59, 0, 86444, 0x0000000000000000
1791330840,78.14, 585.00, 585.00, 2610, 3435, 13365, 59, 0, 86444, 0x0000000000000000
1791330841,78.24, 585.00, 585.00, 2610, 3435, 810, 58, 0, 86444, 0x0000000000000000
1791330842,26.12, 585.00, 585.00, 525, 3435, 810, 57, 0, 86444, 0x0000000000000000
1791330843,23.34, 585.00, 585.00, 525, 3435, 405, 57, 0, 86444, 0x0000000000000000
1791330844,15.99, 585.00, 585.00, 525, 3435, 405, 56, 0, 86444, 0x0000000000000000
1791330845,15.99, 585.00, 585.00, 525, 3435, 405, 56, 0, 86444, 0x0000000000000000
1791330847,17.88, 585.00, 585.00, 525, 3435, 405, 55, 0, 86444, 0x0000000000000000
1791330848,19.93, 585.00, 585.00, 525, 3435, 405, 55, 0, 86444, 0x0000000000000000
1791330849,15.52, 585.00, 585.00, 525, 3435, 405, 55, 0, 86444, 0x0000000000000000
1791330850,15.60, 585.00, 585.00, 525, 3435, 405, 54, 0, 86444, 0x0000000000000000
1791330851,15.44, 585.00, 585.00, 525, 3435, 405, 54, 0, 86444, 0x0000000000000000
1791330852,15.31, 585.00, 585.00, 525, 3435, 405, 54, 0, 86444, 0x0000000000000000
1791330853,16.13, 585.00, 585.00, 525, 3435, 405, 53, 0, 86444, 0x0000000000000000
1791330854,15.61, 585.00, 585.00, 525, 3435, 405, 53, 0, 86444, 0x0000000000000000
1791330855,18.12, 585.00, 585.00, 525, 3435, 405, 53, 100, 1, 0x0000000000000000
1791330856,87.83, 585.00, 585.00, 2820, 3435, 14001, 54, 0, 1, 0x0000000000000000
1791330857,87.83, 585.00, 585.00, 2820, 3435, 14001, 54, 0, 1, 0x0000000000000000
1791330858,61.79, 585.00, 585.00, 1725, 3435, 14001, 52, 0, 1, 0x0000000000000000
1791330859,40.40, 585.00, 585.00, 525, 3435, 7001, 52, 0, 1, 0x0000000000000000
1791330860,40.40, 585.00, 585.00, 525, 3435, 7001, 52, 0, 1, 0x0000000000000000
1791330861,40.36, 585.00, 585.00, 525, 3435, 7001, 52, 0, 1, 0x0000000000000000
1791330862,40.36, 585.00, 585.00, 525, 3435, 7001, 51, 0, 1, 0x0000000000000000
1791330863,18.29, 585.00, 585.00, 525, 3435, 810, 51, 0, 1, 0x0000000000000000
1791330864,17.70, 585.00, 585.00, 525, 3435, 810, 50, 0, 1, 0x0000000000000000
1791330865,14.82, 585.00, 585.00, 525, 3435, 405, 50, 0, 1, 0x0000000000000000
1791330867,15.03, 585.00, 585.00, 525, 3435, 405, 50, 0, 1, 0x0000000000000000
1791330868,15.07, 585.00, 585.00, 525, 3435, 405, 50, 0, 1, 0x0000000000000000
1791330869,15.25, 585.00, 585.00, 525, 3435, 405, 50, 0, 1, 0x0000000000000000
1791330870,14.84, 585.00, 585.00, 525, 3435, 405, 49, 0, 1, 0x0000000000000000
1791330871,14.72, 585.00, 585.00, 525, 3435, 405, 49, 0, 1, 0x0000000000000000
1791330872,14.76, 585.00, 585.00, 525, 3435, 405, 49, 0, 1, 0x0000000000000000
1791330873,14.63, 585.00, 585.00, 525, 3435, 405, 49, 0, 1, 0x0000000000000000
1791330874,14.76, 585.00, 585.00, 525, 3435, 405, 48, 0, 1, 0x0000000000000000
1791330875,15.36, 585.00, 585.00, 525, 3435, 405, 48, 0, 1, 0x0000000000000000
1791330876,14.48, 585.00, 585.00, 525, 3435, 405, 48, 0, 1, 0x0000000000000000
1791330877,14.40, 585.00, 585.00, 525, 3435, 405, 48, 0, 1, 0x0000000000000000
1791330878,14.40, 585.00, 585.00, 525, 3435, 405, 47, 0, 1, 0x0000000000000000
1791330879,14.40, 585.00, 585.00, 525, 3435, 405, 47, 0, 1, 0x0000000000000000
1791330880,14.51, 585.00, 585.00, 525, 3435, 405, 47, 0, 1, 0x0000000000000000
1791330881,14.46, 585.00, 585.00, 525, 3435, 405, 47, 0, 1, 0x0000000000000000
1791330882,16.35, 585.00, 585.00, 525, 3435, 405, 47, 0, 722, 0x0000000000000000
1791330883,62.18, 585.00, 585.00, 2715, 3435, 13365, 48, 1, 5076, 0x0000000000000000
1791330884,72.25, 585.00, 585.00, 2610, 3435, 13365, 48, 0, 5076, 0x0000000000000000
1791330885,71.83, 600.00, 600.00, 2610, 3090, 13365, 48, 27, 11020, 0x0000000000000000
1791330886,102.68, 600.00, 600.00, 2632, 3090, 13365, 48, 25, 17696, 0x0000000000000000
1791330887,83.78, 585.00, 585.00, 2632, 3435, 13365, 48, 27, 24260, 0x0000000000000000
1791330889,83.52, 585.00, 585.00, 2632, 3435, 13365, 48, 28, 30142, 0x0000000000000000
1791330890,74.15, 585.00, 585.00, 2625, 3435, 13365, 48, 0, 32594, 0x0000000000000000
1791330891,80.16, 585.00, 585.00, 2625, 3435, 13365, 47, 25, 36600, 0x0000000000000000
1791330892,72.02, 585.00, 585.00, 2610, 3435, 13365, 47, 0, 32348, 0x0000000000000000
1791330893,71.62, 585.00, 585.00, 2610, 3435, 13365, 47, 0, 32348, 0x0000000000000000
1791330894,71.69, 585.00, 585.00, 2610, 3435, 13365, 47, 0, 32348, 0x0000000000000000
1791330895,71.14, 585.00, 585.00, 2610, 3435, 13365, 47, 0, 32348, 0x0000000000000000
1791330896,70.67, 585.00, 585.00, 2610, 3435, 13365, 47, 0, 32348, 0x0000000000000000
1791330897,70.86, 585.00, 585.00, 2610, 3435, 13365, 47, 0, 32348, 0x0000000000000000
1791330898,70.63, 585.00, 585.00, 2610, 3435, 13365, 47, 0, 32348, 0x0000000000000000
1791330899,70.61, 585.00, 585.00, 2610, 3435, 13365, 47, 0, 32348, 0x0000000000000000
1791330900,70.59, 585.00, 585.00, 2610, 3435, 13365, 47, 0, 32348, 0x0000000000000000
1791330901,70.68, 585.00, 585.00, 2610, 3435, 13365, 46, 0, 32348, 0x0000000000000000
1791330902,70.67, 585.00, 585.00, 2610, 3435, 13365, 46, 0, 32348, 0x0000000000000000
1791330903,70.96, 585.00, 585.00, 2610, 3435, 13365, 46, 0, 32348, 0x0000000000000000
1791330904,70.64, 585.00, 585.00, 2610, 3435, 13365, 46, 0, 32348, 0x0000000000000000
1791330905,70.45, 585.00, 585.00, 2610, 3435, 13365, 46, 0, 32348, 0x0000000000000000
1791330906,70.27, 585.00, 585.00, 2610, 3435, 13365, 46, 0, 32348, 0x0000000000000000
1791330907,70.31, 585.00, 585.00, 2610, 3435, 13365, 46, 0, 32348, 0x0000000000000000
1791330908,135.92, 585.00, 585.00, 2805, 3435, 13365, 48, 31, 33372, 0x0000000000000000
1791330909,281.74, 585.00, 585.00, 2812, 3435, 13365, 48, 0, 35456, 0x0000000000000000
1791330910,138.81, 585.00, 585.00, 2820, 3435, 13365, 47, 0, 35458, 0x0000000000000000
1791330911,182.25, 585.00, 585.00, 2820, 3435, 13365, 47, 0, 35458, 0x0000000000000000
1791330913,237.46, 585.00, 585.00, 2805, 3435, 13365, 53, 98, 35458, 0x0000000000000000
1791330914,206.07, 585.00, 585.00, 2820, 3435, 13365, 47, 99, 35678, 0x0000000000000000
1791330915,104.80, 585.00, 585.00, 2820, 3435, 13365, 47, 0, 35678, 0x0000000000000000
1791330916,81.51, 585.00, 585.00, 2820, 3435, 13365, 47, 0, 35678, 0x0000000000000000
1791330917,81.35, 585.00, 585.00, 2820, 3435, 13365, 47, 0, 35678, 0x0000000000000000
1791330918,72.42, 585.00, 585.00, 2610, 3435, 13365, 46, 0, 35678, 0x0000000000000000
1791330919,70.12, 585.00, 585.00, 2610, 3435, 13365, 46, 0, 35678, 0x0000000000000000
1791330920,70.61, 585.00, 585.00, 2610, 3435, 13365, 46, 0, 35678, 0x0000000000000000
1791330921,71.00, 585.00, 585.00, 2610, 3435, 13365, 46, 0, 35678, 0x0000000000000000
1791330922,70.78, 585.00, 585.00, 2610, 3435, 13365, 46, 0, 35678, 0x0000000000000000
1791330923,70.70, 585.00, 585.00, 2610, 3435, 13365, 46, 0, 35678, 0x0000000000000000
1791330924,110.46, 585.00, 585.00, 2595, 3435, 13365, 54, 0, 36014, 0x0000000000000004
1791330925,585.46, 585.00, 585.00, 2280, 3435, 13365, 63, 100, 36026, 0x0000000000000004
1791330926,133.29, 585.00, 585.00, 2820, 3435, 13365, 48, 0, 36026, 0x0000000000000000
1791330927,77.74, 585.00, 585.00, 2707, 3435, 13365, 47, 0, 32528, 0x0000000000000000
1791330928,90.24, 585.00, 585.00, 2610, 3435, 13365, 57, 40, 34250, 0x0000000000000004
1791330929,323.26, 585.00, 585.00, 2467, 3435, 13365, 64, 100, 35474, 0x0000000000000004
1791330930,570.46, 585.00, 585.00, 2415, 3435, 13365, 66, 84, 35404, 0x0000000000000004
1791330931,575.34, 585.00, 585.00, 2497, 3435, 13365, 66, 100, 35406, 0x0000000000000004
1791330932,576.33, 585.00, 585.00, 2430, 3435, 13365, 67, 100, 35504, 0x0000000000000004
1791330933,581.23, 585.00, 585.00, 2385, 3435, 13365, 61, 94, 35434, 0x0000000000000004
1791330934,579.45, 585.00, 585.00, 2475, 3435, 13365, 67, 100, 34674, 0x0000000000000004
1791330936,571.99, 585.00, 585.00, 2422, 3435, 13365, 68, 96, 35528, 0x0000000000000004
1791330937,583.17, 585.00, 585.00, 2400, 3435, 13365, 69, 94, 35466, 0x0000000000000004
1791330938,571.60, 585.00, 585.00, 2385, 3435, 13365, 67, 100, 35550, 0x0000000000000004
1791330939,577.42, 585.00, 585.00, 2482, 3435, 13365, 69, 100, 35494, 0x0000000000000004
1791330940,576.47, 585.00, 585.00, 2475, 3435, 13365, 70, 84, 35506, 0x0000000000000004
1791330941,577.56, 585.00, 585.00, 2452, 3435, 13365, 70, 90, 35590, 0x0000000000000004
1791330942,577.56, 585.00, 585.00, 2452, 3435, 13365, 70, 100, 35528, 0x0000000000000004
1791330943,570.72, 585.00, 585.00, 2392, 3435, 13365, 70, 100, 35540, 0x0000000000000004
1791330944,576.39, 585.00, 585.00, 2467, 3435, 13365, 65, 100, 35624, 0x0000000000000004
1791330945,577.85, 585.00, 585.00, 2430, 3435, 13365, 70, 100, 35568, 0x0000000000000004
1791330946,573.61, 585.00, 585.00, 2467, 3435, 13365, 72, 100, 35644, 0x0000000000000004
1791330947,586.10, 585.00, 585.00, 2437, 3435, 13365, 73, 100, 35588, 0x0000000000000004
1791330948,579.53, 585.00, 585.00, 2452, 3435, 13365, 73, 100, 34754, 0x0000000000000004
1791330949,582.25, 585.00, 585.00, 2460, 3435, 13365, 73, 100, 35690, 0x0000000000000004
1791330950,580.01, 585.00, 585.00, 2467, 3435, 13365, 73, 100, 35634, 0x0000000000000004
1791330951,568.56, 585.00, 585.00, 2407, 3435, 13365, 73, 83, 34840, 0x0000000000000004
1791330952,577.43, 585.00, 585.00, 2430, 3435, 13365, 75, 96, 35662, 0x0000000000000004
1791330953,576.35, 585.00, 585.00, 2460, 3435, 13365, 74, 100, 35674, 0x0000000000000004
1791330954,577.00, 585.00, 585.00, 2460, 3435, 13365, 69, 94, 35694, 0x0000000000000004
1791330955,562.70, 585.00, 585.00, 2437, 3435, 13365, 75, 92, 35706, 0x0000000000000004
1791330957,579.38, 585.00, 585.00, 2437, 3435, 13365, 75, 100, 35780, 0x0000000000000004
1791330958,573.69, 585.00, 585.00, 2415, 3435, 13365, 76, 96, 35736, 0x0000000000000004
1791330959,580.21, 585.00, 585.00, 2445, 3435, 13365, 76, 91, 35814, 0x0000000000000004
1791330960,576.07, 585.00, 585.00, 2437, 3435, 13365, 77, 100, 35776, 0x0000000000000004
1791330961,576.23, 585.00, 585.00, 2437, 3435, 13365, 77, 97, 35842, 0x0000000000000004
1791330962,568.60, 585.00, 585.00, 2445, 3435, 13365, 76, 82, 35810, 0x0000000000000004
1791330963,569.60, 585.00, 585.00, 2452, 3435, 13365, 71, 82, 35876, 0x0000000000000004
1791330964,569.03, 585.00, 585.00, 2452, 3435, 13365, 72, 96, 35840, 0x0000000000000004
1791330965,557.03, 585.00, 585.00, 2437, 3435, 13365, 70, 95, 35626, 0x0000000000000004
1791330966,554.23, 585.00, 585.00, 2437, 3435, 13365, 77, 77, 35876, 0x0000000000000000
1791330967,567.76, 585.00, 585.00, 2430, 3435, 13365, 78, 83, 35896, 0x0000000000000004
1791330968,569.16, 585.00, 585.00, 2475, 3435, 13365, 78, 82, 35376, 0x0000000000000004
1791330969,558.69, 585.00, 585.00, 2422, 3435, 13365, 77, 81, 35942, 0x0000000000000004
1791330970,564.57, 585.00, 585.00, 2437, 3435, 13365, 72, 90, 35486, 0x0000000000000004
1791330971,558.75, 585.00, 585.00, 2452, 3435, 13365, 79, 100, 36014, 0x0000000000000004
1791330972,549.19, 585.00, 585.00, 2437, 3435, 13365, 74, 80, 35998, 0x0000000000000004
1791330973,549.55, 585.00, 585.00, 2452, 3435, 13365, 79, 77, 36026, 0x0000000000000004
1791330974,555.79, 585.00, 585.00, 2437, 3435, 13365, 76, 78, 36082, 0x0000000000000004
1791330975,540.60, 585.00, 585.00, 2497, 3435, 13365, 79, 100, 36076, 0x0000000000000004
1791330976,548.48, 585.00, 585.00, 2497, 3435, 13365, 75, 99, 35752, 0x0000000000000004
1791330977,516.20, 585.00, 585.00, 2452, 3435, 13365, 77, 74, 36126, 0x0000000000000000
1791330979,517.58, 585.00, 585.00, 2505, 3435, 13365, 78, 100, 36156, 0x0000000000000004
1791330980,488.11, 585.00, 585.00, 2497, 3435, 13365, 78, 89, 35934, 0x0000000000000004
1791330981,498.27, 585.00, 585.00, 2520, 3435, 13365, 77, 73, 36220, 0x0000000000000000
1791330982,473.75, 585.00, 585.00, 2527, 3435, 13365, 71, 82, 36254, 0x0000000000000004
1791330983,433.52, 585.00, 585.00, 2520, 3435, 13365, 75, 71, 36304, 0x0000000000000000
1791330984,415.97, 585.00, 585.00, 2580, 3435, 13365, 76, 72, 36338, 0x0000000000000004
1791330985,368.86, 585.00, 585.00, 2692, 3435, 13365, 74, 71, 36380, 0x0000000000000000
1791330986,328.76, 585.00, 585.00, 2760, 3435, 13365, 69, 51, 36526, 0x0000000000000000
1791330987,243.18, 585.00, 585.00, 2760, 3435, 13365, 67, 42, 36606, 0x0000000000000000
1791330988,168.42, 585.00, 585.00, 2820, 3435, 13365, 64, 0, 36606, 0x0000000000000000
1791330989,94.31, 585.00, 585.00, 2655, 3435, 13365, 63, 0, 83778, 0x0000000000000000
1791330990,329.76, 585.00, 585.00, 2295, 3435, 13365, 75, 100, 88078, 0x0000000000000004
1791330991,585.28, 585.00, 585.00, 2227, 3435, 13365, 77, 100, 88082, 0x0000000000000004
1791330992,272.06, 585.00, 585.00, 2317, 3435, 13365, 75, 0, 86398, 0x0000000000000004
1791330993,498.42, 585.00, 585.00, 2377, 3435, 13365, 79, 100, 86394, 0x0000000000000004
1791330994,576.82, 585.00, 585.00, 2317, 3435, 13365, 72, 100, 86300, 0x0000000000000004
1791330995,580.75, 585.00, 585.00, 2422, 3435, 13365, 79, 96, 86368, 0x0000000000000004
1791330996,587.85, 585.00, 585.00, 2385, 3435, 13365, 79, 100, 86360, 0x0000000000000004
1791330997,583.75, 585.00, 585.00, 2407, 3435, 13365, 79, 100, 86262, 0x0000000000000004
1791330998,580.12, 585.00, 585.00, 2340, 3435, 13365, 81, 100, 86326, 0x0000000000000004
1791330999,589.47, 585.00, 585.00, 2355, 3435, 13365, 80, 100, 86234, 0x0000000000000004
1791331000,581.73, 585.00, 585.00, 2415, 3435, 13365, 80, 85, 86230, 0x0000000000000004
1791331001,579.47, 585.00, 585.00, 2332, 3435, 13365, 81, 100, 86290, 0x0000000000000004
1791331003,583.64, 585.00, 585.00, 2362, 3435, 13365, 81, 100, 86204, 0x0000000000000004
1791331004,585.24, 585.00, 585.00, 2340, 3435, 13365, 75, 91, 86194, 0x0000000000000004
1791331005,582.79, 585.00, 585.00, 2422, 3435, 13365, 82, 100, 86252, 0x0000000000000004
1791331006,571.91, 585.00, 585.00, 2415, 3435, 13365, 82, 100, 86162, 0x0000000000000004
1791331007,579.68, 585.00, 585.00, 2377, 3435, 13365, 82, 100, 86150, 0x0000000000000004
1791331008,581.89, 585.00, 585.00, 2355, 3435, 13365, 82, 85, 86210, 0x0000000000000004
1791331009,579.73, 585.00, 585.00, 2325, 3435, 13365, 81, 85, 86132, 0x0000000000000000
1791331010,584.70, 585.00, 585.00, 2347, 3435, 13365, 76, 89, 86180, 0x0000000000000004
1791331011,583.16, 585.00, 585.00, 2340, 3435, 13365, 76, 88, 86102, 0x0000000000000004
1791331012,584.02, 585.00, 585.00, 2340, 3435, 13365, 79, 85, 86092, 0x0000000000000004
1791331013,587.56, 585.00, 585.00, 2332, 3435, 13365, 81, 84, 86146, 0x0000000000000004
1791331014,571.58, 585.00, 585.00, 2415, 3435, 13365, 83, 84, 86064, 0x0000000000000004
1791331015,575.71, 585.00, 585.00, 2415, 3435, 13365, 83, 94, 86112, 0x0000000000000004
1791331016,576.20, 585.00, 585.00, 2347, 3435, 13365, 82, 100, 86036, 0x0000000000000004
1791331017,580.14, 585.00, 585.00, 2377, 3435, 13365, 84, 100, 86020, 0x0000000000000004
1791331018,578.20, 585.00, 585.00, 2407, 3435, 13365, 83, 97, 86068, 0x0000000000000004
1791331019,572.53, 585.00, 585.00, 2415, 3435, 13365, 79, 85, 86000, 0x0000000000000004
1791331020,583.95, 585.00, 585.00, 2355, 3435, 13365, 85, 100, 86040, 0x0000000000000004
1791331021,579.78, 585.00, 585.00, 2347, 3435, 13365, 84, 84, 85962, 0x0000000000000004
1791331022,573.83, 585.00, 585.00, 2370, 3435, 13365, 84, 100, 85240, 0x0000000000000004
1791331023,575.39, 585.00, 585.00, 2407, 3435, 13365, 84, 82, 85934, 0x0000000000000004
1791331025,581.52, 585.00, 585.00, 2385, 3435, 13365, 84, 100, 85972, 0x0000000000000004
1791331026,576.40, 585.00, 585.00, 2385, 3435, 13365, 84, 83, 85900, 0x0000000000000004
1791331027,580.22, 585.00, 585.00, 2400, 3435, 13365, 82, 83, 85936, 0x0000000000000004
1791331028,579.13, 585.00, 585.00, 2407, 3435, 13365, 78, 91, 85872, 0x0000000000000004
1791331029,569.43, 585.00, 585.00, 2400, 3435, 13365, 80, 99, 85848, 0x0000000000000004
1791331030,565.16, 585.00, 585.00, 2392, 3435, 13365, 77, 87, 85832, 0x0000000000000004
1791331031,562.20, 585.00, 585.00, 2400, 3435, 13365, 84, 82, 85856, 0x0000000000000004
1791331032,566.25, 585.00, 585.00, 2392, 3435, 13365, 85, 100, 85798, 0x0000000000000004
1791331033,573.08, 585.00, 585.00, 2385, 3435, 13365, 84, 79, 85774, 0x0000000000000004
1791331034,563.90, 585.00, 585.00, 2407, 3435, 13365, 85, 100, 85242, 0x0000000000000004
1791331035,559.64, 585.00, 585.00, 2422, 3435, 13365, 85, 100, 85244, 0x0000000000000004
1791331036,559.51, 585.00, 585.00, 2467, 3435, 13365, 85, 86, 85742, 0x0000000000000004
1791331037,545.78, 585.00, 585.00, 2467, 3435, 13365, 85, 93, 85688, 0x0000000000000004
1791331038,562.76, 585.00, 585.00, 2460, 3435, 13365, 86, 100, 85668, 0x0000000000000004
1791331039,558.79, 585.00, 585.00, 2445, 3435, 13365, 85, 76, 85640, 0x0000000000000004
1791331040,552.82, 585.00, 585.00, 2437, 3435, 13365, 84, 75, 85648, 0x0000000000000000
1791331041,550.93, 585.00, 585.00, 2437, 3435, 13365, 84, 73, 85600, 0x0000000000000004
1791331042,511.65, 585.00, 585.00, 2490, 3435, 13365, 85, 98, 85248, 0x0000000000000004
1791331043,498.33, 585.00, 585.00, 2430, 3435, 13365, 83, 74, 85248, 0x0000000000000004
1791331044,499.71, 585.00, 585.00, 2497, 3435, 13365, 84, 73, 85248, 0x0000000000000004
1791331045,492.66, 585.00, 585.00, 2535, 3435, 13365, 83, 71, 85460, 0x0000000000000004
1791331047,476.28, 585.00, 585.00, 2520, 3435, 13365, 76, 77, 85248, 0x0000000000000004
1791331048,428.85, 585.00, 585.00, 2512, 3435, 13365, 79, 71, 85366, 0x0000000000000004
1791331049,401.76, 585.00, 585.00, 2640, 3435, 13365, 80, 57, 85248, 0x0000000000000000
1791331050,349.54, 585.00, 585.00, 2692, 3435, 13365, 74, 50, 85292, 0x0000000000000004
1791331051,270.87, 585.00, 585.00, 2805, 3435, 13365, 72, 46, 85254, 0x0000000000000000
1791331052,366.28, 585.00, 585.00, 2632, 3435, 13365, 77, 50, 85330, 0x0000000000000004
1791331053,298.03, 585.00, 585.00, 2820, 3435, 13365, 70, 71, 85334, 0x0000000000000000
1791331054,126.75, 585.00, 585.00, 2820, 3435, 13365, 69, 0, 85334, 0x0000000000000000
1791331055,95.13, 585.00, 585.00, 2820, 3435, 13365, 67, 0, 85334, 0x0000000000000000
1791331056,88.18, 585.00, 585.00, 2610, 3435, 13365, 67, 0, 85334, 0x0000000000000000
1791331057,88.18, 585.00, 585.00, 2610, 3435, 13365, 66, 0, 85336, 0x0000000000000000
1791331058,102.91, 585.00, 585.00, 2610, 3435, 13365, 65, 71, 85336, 0x0000000000000000
1791331059,80.34, 585.00, 585.00, 2610, 3435, 13365, 65, 0, 85336, 0x0000000000000000
1791331060,79.72, 585.00, 585.00, 2610, 3435, 13365, 64, 0, 85336, 0x0000000000000000
1791331061,79.72, 585.00, 585.00, 2610, 3435, 13365, 64, 0, 85336, 0x0000000000000000
1791331062,79.75, 585.00, 585.00, 2610, 3435, 13365, 63, 0, 85336, 0x0000000000000000
1791331063,79.42, 585.00, 585.00, 2610, 3435, 13365, 63, 0, 85336, 0x0000000000000000
1791331064,79.28, 585.00, 585.00, 2610, 3435, 13365, 62, 0, 85336, 0x0000000000000000
1791331065,91.79, 585.00, 585.00, 2610, 3435, 13365, 62, 0, 85336, 0x0000000000000000
1791331066,93.61, 585.00, 585.00, 2610, 3435, 13365, 62, 0, 85336, 0x0000000000000000
1791331067,78.67, 585.00, 585.00, 2610, 3435, 13365, 61, 0, 85336, 0x0000000000000000
1791331069,78.46, 585.00, 585.00, 2610, 3435, 13365, 61, 0, 85336, 0x0000000000000000
1791331070,106.11, 585.00, 585.00, 2610, 3435, 13365, 66, 98, 85336, 0x0000000000000000
1791331071,463.02, 585.00, 585.00, 2677, 3435, 13365, 69, 68, 85336, 0x0000000000000004
1791331072,455.98, 585.00, 585.00, 2670, 3435, 13365, 71, 72, 85336, 0x0000000000000004
1791331073,456.93, 585.00, 585.00, 2647, 3435, 13365, 71, 68, 85336, 0x0000000000000004
1791331074,457.41, 585.00, 585.00, 2662, 3435, 13365, 73, 73, 85336, 0x0000000000000000
1791331075,472.88, 585.00, 585.00, 2632, 3435, 13365, 72, 84, 85336, 0x0000000000000004
1791331076,512.84, 585.00, 585.00, 2625, 3435, 13365, 74, 85, 85336, 0x0000000000000004
1791331077,515.69, 585.00, 585.00, 2640, 3435, 13365, 74, 86, 85336, 0x0000000000000004
1791331078,516.70, 585.00, 585.00, 2625, 3435, 13365, 73, 86, 85336, 0x0000000000000004
1791331079,508.44, 585.00, 585.00, 2655, 3435, 13365, 74, 84, 85336, 0x0000000000000000
1791331080,504.05, 585.00, 585.00, 2655, 3435, 13365, 74, 75, 85336, 0x0000000000000000
1791331081,470.11, 585.00, 585.00, 2670, 3435, 13365, 72, 72, 85336, 0x0000000000000004
1791331082,488.08, 585.00, 585.00, 2662, 3435, 13365, 71, 83, 85336, 0x0000000000000004
1791331083,487.56, 585.00, 585.00, 2640, 3435, 13365, 75, 82, 85336, 0x0000000000000000
1791331084,491.05, 585.00, 585.00, 2647, 3435, 13365, 75, 82, 85336, 0x0000000000000000
1791331085,479.75, 585.00, 585.00, 2670, 3435, 13365, 75, 80, 85336, 0x0000000000000000
1791331086,500.33, 585.00, 585.00, 2625, 3435, 13365, 76, 85, 85336, 0x0000000000000000
1791331087,492.50, 585.00, 585.00, 2640, 3435, 13365, 75, 84, 85336, 0x0000000000000000
1791331089,469.37, 585.00, 585.00, 2677, 3435, 13365, 75, 75, 85336, 0x0000000000000000
1791331090,476.91, 585.00, 585.00, 2662, 3435, 13365, 75, 74, 85336, 0x0000000000000004
1791331091,483.91, 585.00, 585.00, 2647, 3435, 13365, 75, 75, 85336, 0x0000000000000000
1791331092,496.39, 585.00, 585.00, 2632, 3435, 13365, 77, 89, 85336, 0x0000000000000004
1791331093,512.55, 585.00, 585.00, 2632, 3435, 13365, 76, 83, 85336, 0x0000000000000004
1791331094,529.23, 585.00, 585.00, 2610, 3435, 13365, 77, 89, 85336, 0x0000000000000004
1791331095,504.84, 585.00, 585.00, 2625, 3435, 13365, 76, 93, 85336, 0x0000000000000004
1791331096,512.99, 585.00, 585.00, 2632, 3435, 13365, 74, 84, 85336, 0x0000000000000004
1791331097,512.99, 585.00, 585.00, 2632, 3435, 13365, 77, 86, 85336, 0x0000000000000000
1791331098,470.64, 585.00, 585.00, 2647, 3435, 13365, 77, 81, 85336, 0x0000000000000004
1791331099,481.62, 585.00, 585.00, 2655, 3435, 13365, 75, 71, 85336, 0x0000000000000004
1791331100,475.62, 585.00, 585.00, 2632, 3435, 13365, 76, 77, 85336, 0x0000000000000000
1791331101,468.00, 585.00, 585.00, 2670, 3435, 13365, 73, 76, 85336, 0x0000000000000004
1791331102,466.88, 585.00, 585.00, 2640, 3435, 13365, 77, 89, 85336, 0x0000000000000004
1791331103,484.25, 585.00, 585.00, 2647, 3435, 13365, 77, 73, 85336, 0x0000000000000000
1791331104,473.43, 585.00, 585.00, 2655, 3435, 13365, 77, 85, 85336, 0x0000000000000004
1791331105,474.68, 585.00, 585.00, 2655, 3435, 13365, 77, 81, 85336, 0x0000000000000004
1791331107,472.21, 585.00, 585.00, 2670, 3435, 13365, 77, 73, 85336, 0x0000000000000000
1791331108,461.98, 585.00, 585.00, 2677, 3435, 13365, 77, 77, 85336, 0x0000000000000000
1791331109,516.51, 585.00, 585.00, 2610, 3435, 13365, 77, 90, 85336, 0x0000000000000004
1791331110,513.25, 585.00, 585.00, 2625, 3435, 13365, 76, 86, 85336, 0x0000000000000000
1791331111,524.63, 585.00, 585.00, 2602, 3435, 13365, 78, 92, 85336, 0x0000000000000004
1791331112,525.78, 585.00, 585.00, 2632, 3435, 13365, 78, 89, 85336, 0x0000000000000004
1791331113,519.89, 585.00, 585.00, 2617, 3435, 13365, 76, 83, 85336, 0x0000000000000004
1791331114,517.30, 585.00, 585.00, 2617, 3435, 13365, 77, 84, 85336, 0x0000000000000004
1791331115,474.92, 585.00, 585.00, 2670, 3435, 13365, 74, 79, 85336, 0x0000000000000004
1791331116,478.28, 585.00, 585.00, 2647, 3435, 13365, 78, 80, 85336, 0x0000000000000004
1791331117,481.32, 585.00, 585.00, 2670, 3435, 13365, 77, 81, 85336, 0x0000000000000004
1791331118,482.89, 585.00, 585.00, 2632, 3435, 13365, 74, 74, 85336, 0x0000000000000004
1791331119,479.00, 585.00, 585.00, 2640, 3435, 13365, 77, 72, 85336, 0x0000000000000004
1791331120,480.37, 585.00, 585.00, 2647, 3435, 13365, 78, 85, 85336, 0x0000000000000004
1791331121,486.40, 585.00, 585.00, 2640, 3435, 13365, 77, 77, 85336, 0x0000000000000000
1791331122,485.92, 585.00, 585.00, 2655, 3435, 13365, 78, 82, 85336, 0x0000000000000004
1791331124,463.18, 585.00, 585.00, 2655, 3435, 13365, 78, 74, 85336, 0x0000000000000004
1791331125,464.53, 585.00, 585.00, 2647, 3435, 13365, 80, 80, 85336, 0x0000000000000004
1791331126,517.19, 585.00, 585.00, 2602, 3435, 13365, 79, 90, 85336, 0x0000000000000004
1791331127,519.59, 585.00, 585.00, 2602, 3435, 13365, 79, 82, 85336, 0x0000000000000004
1791331128,513.63, 585.00, 585.00, 2587, 3435, 13365, 80, 83, 85336, 0x0000000000000004
1791331129,531.96, 585.00, 585.00, 2595, 3435, 13365, 79, 89, 85336, 0x0000000000000004
1791331130,518.84, 585.00, 585.00, 2595, 3435, 13365, 76, 79, 85336, 0x0000000000000004
1791331131,500.05, 585.00, 585.00, 2610, 3435, 13365, 80, 78, 85336, 0x0000000000000004
1791331132,494.94, 585.00, 585.00, 2602, 3435, 13365, 80, 79, 85336, 0x0000000000000004
1791331133,488.67, 585.00, 585.00, 2595, 3435, 13365, 76, 76, 85336, 0x0000000000000004
1791331134,508.88, 585.00, 585.00, 2632, 3435, 13365, 80, 90, 85336, 0x0000000000000004
1791331135,478.87, 585.00, 585.00, 2625, 3435, 13365, 79, 78, 85336, 0x0000000000000004
1791331136,482.29, 585.00, 585.00, 2617, 3435, 13365, 78, 74, 85336, 0x0000000000000004
1791331137,511.93, 585.00, 585.00, 2617, 3435, 13365, 77, 84, 85336, 0x0000000000000004
1791331138,480.79, 585.00, 585.00, 2610, 3435, 13365, 80, 80, 85336, 0x0000000000000004
1791331139,485.64, 585.00, 585.00, 2625, 3435, 13365, 76, 75, 85336, 0x0000000000000004
1791331140,471.81, 585.00, 585.00, 2617, 3435, 13365, 76, 75, 85336, 0x0000000000000000
1791331141,472.35, 585.00, 585.00, 2632, 3435, 13365, 80, 80, 85336, 0x0000000000000000
1791331143,510.71, 585.00, 585.00, 2625, 3435, 13365, 80, 75, 85336, 0x0000000000000004
1791331144,521.84, 585.00, 585.00, 2595, 3435, 13365, 80, 86, 85336, 0x0000000000000004
1791331145,531.58, 585.00, 585.00, 2602, 3435, 13365, 78, 91, 85336, 0x0000000000000004
1791331146,531.61, 585.00, 585.00, 2587, 3435, 13365, 78, 90, 85336, 0x0000000000000004
1791331147,533.60, 585.00, 585.00, 2587, 3435, 13365, 80, 83, 85336, 0x0000000000000004
1791331148,537.66, 585.00, 585.00, 2587, 3435, 13365, 80, 78, 85336, 0x0000000000000004
1791331149,477.37, 585.00, 585.00, 2632, 3435, 13365, 80, 73, 85336, 0x0000000000000004
1791331150,479.22, 585.00, 585.00, 2625, 3435, 13365, 78, 73, 85336, 0x0000000000000000
1791331151,478.15, 585.00, 585.00, 2640, 3435, 13365, 79, 78, 85336, 0x0000000000000004
1791331152,478.19, 585.00, 585.00, 2617, 3435, 13365, 76, 74, 85336, 0x0000000000000000
1791331153,487.07, 585.00, 585.00, 2625, 3435, 13365, 79, 73, 85336, 0x0000000000000004
1791331154,490.26, 585.00, 585.00, 2602, 3435, 13365, 79, 81, 85336, 0x0000000000000004
1791331155,484.66, 585.00, 585.00, 2602, 3435, 13365, 77, 80, 85336, 0x0000000000000004
1791331156,482.62, 585.00, 585.00, 2602, 3435, 13365, 81, 76, 85336, 0x0000000000000000
1791331157,481.89, 585.00, 585.00, 2610, 3435, 13365, 77, 70, 85336, 0x0000000000000004
1791331158,509.49, 585.00, 585.00, 2595, 3435, 13365, 77, 78, 85336, 0x0000000000000004
1791331159,498.67, 585.00, 585.00, 2617, 3435, 13365, 78, 75, 85336, 0x0000000000000004
1791331160,523.18, 585.00, 585.00, 2602, 3435, 13365, 81, 88, 85336, 0x0000000000000004
1791331162,536.45, 585.00, 585.00, 2572, 3435, 13365, 81, 89, 85336, 0x0000000000000004
1791331163,531.17, 585.00, 585.00, 2602, 3435, 13365, 82, 84, 85336, 0x0000000000000004
1791331164,527.18, 585.00, 585.00, 2602, 3435, 13365, 81, 80, 85336, 0x0000000000000004
1791331165,527.17, 585.00, 585.00, 2580, 3435, 13365, 81, 91, 85336, 0x0000000000000004
1791331166,497.52, 585.00, 585.00, 2617, 3435, 13365, 80, 76, 85336, 0x0000000000000004
1791331167,475.60, 585.00, 585.00, 2625, 3435, 13365, 78, 68, 85336, 0x0000000000000004
1791331168,490.51, 585.00, 585.00, 2602, 3435, 13365, 80, 82, 85336, 0x0000000000000004
1791331169,479.59, 585.00, 585.00, 2617, 3435, 13365, 82, 74, 85336, 0x0000000000000000
1791331170,482.18, 585.00, 585.00, 2602, 3435, 13365, 81, 80, 85336, 0x0000000000000004
1791331171,483.41, 585.00, 585.00, 2625, 3435, 13365, 79, 84, 85336, 0x0000000000000004
1791331172,480.01, 585.00, 585.00, 2632, 3435, 13365, 81, 73, 85336, 0x0000000000000000
1791331173,480.40, 585.00, 585.00, 2625, 3435, 13365, 81, 73, 85336, 0x0000000000000004
1791331174,471.55, 585.00, 585.00, 2625, 3435, 13365, 81, 73, 85336, 0x0000000000000004
1791331175,475.86, 585.00, 585.00, 2617, 3435, 13365, 79, 72, 85336, 0x0000000000000004
1791331176,475.86, 585.00, 585.00, 2617, 3435, 13365, 81, 72, 85336, 0x0000000000000004
1791331177,530.11, 585.00, 585.00, 2580, 3435, 13365, 82, 84, 85336, 0x0000000000000004
1791331178,523.15, 585.00, 585.00, 2595, 3435, 13365, 81, 82, 85336, 0x0000000000000004
1791331180,526.35, 585.00, 585.00, 2587, 3435, 13365, 81, 91, 85336, 0x0000000000000004
1791331181,528.79, 585.00, 585.00, 2572, 3435, 13365, 82, 77, 85336, 0x0000000000000004
1791331182,534.33, 585.00, 585.00, 2587, 3435, 13365, 82, 91, 85336, 0x0000000000000000
1791331183,479.51, 585.00, 585.00, 2610, 3435, 13365, 81, 68, 85336, 0x0000000000000004
1791331184,494.97, 585.00, 585.00, 2632, 3435, 13365, 81, 78, 85336, 0x0000000000000004
1791331185,489.97, 585.00, 585.00, 2610, 3435, 13365, 80, 78, 85336, 0x0000000000000004
1791331186,497.40, 585.00, 585.00, 2610, 3435, 13365, 81, 78, 85336, 0x0000000000000004
1791331187,162.11, 585.00, 585.00, 2820, 3435, 13365, 70, 0, 85336, 0x0000000000000000
1791331188,156.25, 585.00, 585.00, 2820, 3435, 13365, 70, 0, 85336, 0x0000000000000000
1791331189,96.14, 585.00, 585.00, 2752, 3435, 13365, 69, 0, 85336, 0x0000000000000000
1791331190,89.76, 585.00, 585.00, 2610, 3435, 13365, 68, 0, 85336, 0x0000000000000000
1791331191,82.31, 585.00, 585.00, 2610, 3435, 13365, 67, 0, 85336, 0x0000000000000000
1791331192,81.37, 585.00, 585.00, 2610, 3435, 13365, 66, 0, 85336, 0x0000000000000000
1791331193,81.25, 585.00, 585.00, 2610, 3435, 13365, 66, 0, 85336, 0x0000000000000000
1791331194,81.25, 585.00, 585.00, 2610, 3435, 13365, 65, 0, 85336, 0x0000000000000000
1791331195,80.97, 585.00, 585.00, 2610, 3435, 13365, 65, 0, 85336, 0x0000000000000000
1791331196,80.18, 585.00, 585.00, 2610, 3435, 13365, 64, 0, 85336, 0x0000000000000000
1791331197,79.71, 585.00, 585.00, 2610, 3435, 13365, 64, 0, 85336, 0x0000000000000000
1791331198,79.51, 585.00, 585.00, 2610, 3435, 13365, 63, 0, 85336, 0x0000000000000000
1791331199,79.51, 585.00, 585.00, 2610, 3435, 13365, 63, 0, 85336, 0x0000000000000000
1791331201,79.76, 585.00, 585.00, 2610, 3435, 13365, 63, 0, 85336, 0x0000000000000000
1791331202,79.19, 585.00, 585.00, 2610, 3435, 13365, 62, 0, 85336, 0x0000000000000000
1791331203,79.14, 585.00, 585.00, 2610, 3435, 13365, 62, 0, 85336, 0x0000000000000000
1791331204,78.97, 585.00, 585.00, 2610, 3435, 13365, 61, 0, 85336, 0x0000000000000000
1791331205,33.84, 585.00, 585.00, 525, 3435, 810, 60, 0, 85336, 0x0000000000000000
1791331206,27.53, 585.00, 585.00, 525, 3435, 405, 59, 0, 85336, 0x0000000000000000
1791331207,16.02, 585.00, 585.00, 517, 3435, 405, 59, 0, 85336, 0x0000000000000000
1791331208,16.23, 585.00, 585.00, 525, 3435, 405, 58, 0, 85336, 0x0000000000000000
1791331209,17.74, 585.00, 585.00, 525, 3435, 405, 58, 0, 85336, 0x0000000000000000
1791331210,19.93, 585.00, 585.00, 525, 3435, 405, 58, 0, 85336, 0x0000000000000000
1791331211,16.99, 585.00, 585.00, 525, 3435, 405, 57, 0, 85336, 0x0000000000000000
1791331212,17.87, 585.00, 585.00, 525, 3435, 405, 57, 0, 85336, 0x0000000000000000
1791331213,16.62, 585.00, 585.00, 517, 3435, 405, 56, 0, 85336, 0x0000000000000000
1791331214,16.77, 585.00, 585.00, 525, 3435, 405, 56, 0, 85336, 0x0000000000000000
1791331215,17.20, 585.00, 585.00, 525, 3435, 405, 55, 0, 85336, 0x0000000000000000
1791331216,17.20, 585.00, 585.00, 525, 3435, 405, 55, 0, 85336, 0x0000000000000000
1791331217,19.80, 585.00, 585.00, 525, 3435, 405, 56, 65, 1, 0x0000000000000000
1791331218,89.52, 585.00, 585.00, 2820, 3435, 14001, 56, 0, 1, 0x0000000000000000
1791331219,76.58, 585.00, 585.00, 1717, 3435, 14001, 55, 0, 1, 0x0000000000000000
1791331221,47.44, 585.00, 585.00, 525, 3435, 810, 54, 0, 1, 0x0000000000000000
1791331222,25.49, 585.00, 585.00, 525, 3435, 810, 54, 0, 1, 0x0000000000000000
1791331223,21.88, 585.00, 585.00, 525, 3435, 405, 53, 0, 1, 0x0000000000000000
1791331224,16.88, 585.00, 585.00, 525, 3435, 405, 53, 0, 1, 0x0000000000000000
1791331225,15.19, 585.00, 585.00, 517, 3435, 405, 53, 0, 1, 0x0000000000000000
1791331226,15.66, 585.00, 585.00, 525, 3435, 405, 53, 0, 1, 0x0000000000000000
1791331227,26.50, 585.00, 585.00, 1117, 3435, 13365, 53, 0, 722, 0x0000000000000000
1791331228,78.16, 585.00, 585.00, 2692, 3435, 13365, 53, 0, 34890, 0x0000000000000000
1791331229,81.56, 585.00, 585.00, 2797, 3435, 13365, 53, 8, 34890, 0x0000000000000000
1791331230,84.51, 585.00, 585.00, 2797, 3435, 13365, 53, 9, 34890, 0x0000000000000000
1791331231,84.79, 585.00, 585.00, 2805, 3435, 13365, 53, 9, 34890, 0x0000000000000000
1791331232,84.43, 585.00, 585.00, 2805, 3435, 13365, 53, 7, 34890, 0x0000000000000000
1791331233,84.15, 585.00, 585.00, 2790, 3435, 13365, 53, 8, 34890, 0x0000000000000000
1791331234,83.75, 585.00, 585.00, 2790, 3435, 13365, 52, 9, 34890, 0x0000000000000000
1791331235,84.12, 585.00, 585.00, 2797, 3435, 13365, 52, 6, 34890, 0x0000000000000000
1791331236,76.68, 585.00, 585.00, 2625, 3435, 13365, 52, 0, 34826, 0x0000000000000000
1791331237,74.98, 585.00, 585.00, 2617, 3435, 13365, 52, 0, 35096, 0x0000000000000000
1791331238,75.51, 585.00, 585.00, 2610, 3435, 13365, 52, 0, 35782, 0x0000000000000000
1791331239,74.80, 585.00, 585.00, 2610, 3435, 13365, 51, 0, 35782, 0x0000000000000000
1791331240,74.28, 585.00, 585.00, 2610, 3435, 13365, 51, 0, 35782, 0x0000000000000000
1791331241,73.87, 585.00, 585.00, 2610, 3435, 13365, 51, 0, 35782, 0x0000000000000000
1791331242,73.90, 585.00, 585.00, 2610, 3435, 13365, 51, 0, 35782, 0x0000000000000000
1791331243,73.57, 585.00, 585.00, 2610, 3435, 13365, 51, 0, 35782, 0x0000000000000000
1791331244,117.89, 585.00, 585.00, 2745, 3435, 13365, 55, 98, 37382, 0x0000000000000000
1791331246,214.60, 585.00, 585.00, 2820, 3435, 13365, 51, 0, 36230, 0x0000000000000000
1791331247,80.60, 585.00, 585.00, 2820, 3435, 13365, 51, 0, 42878, 0x0000000000000000
1791331248,77.14, 585.00, 585.00, 2610, 3435, 13365, 51, 0, 42878, 0x0000000000000000
1791331249,73.96, 585.00, 585.00, 2610, 3435, 13365, 50, 0, 42878, 0x0000000000000000
1791331250,182.43, 585.00, 585.00, 2797, 3435, 13365, 55, 70, 42978, 0x0000000000000000
1791331251,269.72, 585.00, 585.00, 2805, 3435, 13365, 55, 69, 43754, 0x0000000000000000
1791331252,271.18, 585.00, 585.00, 2790, 3435, 13365, 55, 71, 43774, 0x0000000000000000
1791331253,277.78, 585.00, 585.00, 2805, 3435, 13365, 55, 69, 43796, 0x0000000000000000
1791331254,256.15, 585.00, 585.00, 2790, 3435, 13365, 58, 99, 42056, 0x0000000000000000
1791331255,284.07, 585.00, 585.00, 2805, 3435, 13365, 56, 85, 43090, 0x0000000000000000
1791331256,274.07, 585.00, 585.00, 2805, 3435, 13365, 55, 69, 43856, 0x0000000000000000
1791331257,264.21, 585.00, 585.00, 2790, 3435, 13365, 55, 68, 42682, 0x0000000000000000
1791331258,282.34, 585.00, 585.00, 2797, 3435, 13365, 56, 67, 42150, 0x0000000000000000
1791331259,293.04, 585.00, 585.00, 2790, 3435, 13365, 59, 91, 42260, 0x0000000000000000
1791331260,290.97, 585.00, 585.00, 2797, 3435, 13365, 56, 78, 44024, 0x0000000000000000
1791331261,286.39, 585.00, 585.00, 2790, 3435, 13365, 60, 90, 42354, 0x0000000000000000
1791331262,292.48, 585.00, 585.00, 2797, 3435, 13365, 56, 76, 43346, 0x0000000000000000
1791331263,292.45, 585.00, 585.00, 2790, 3435, 13365, 60, 90, 44100, 0x0000000000000000
1791331264,287.02, 585.00, 585.00, 2790, 3435, 13365, 56, 71, 43346, 0x0000000000000000
1791331265,277.34, 585.00, 585.00, 2790, 3435, 13365, 59, 94, 44140, 0x0000000000000000
1791331266,278.33, 585.00, 585.00, 2790, 3435, 13365, 58, 44, 42478, 0x0000000000000000
1791331267,289.25, 585.00, 585.00, 2797, 3435, 13365, 57, 83, 43420, 0x0000000000000000
1791331269,294.17, 585.00, 585.00, 2797, 3435, 13365, 58, 73, 44204, 0x0000000000000000
1791331270,284.39, 585.00, 585.00, 2797, 3435, 13365, 56, 87, 42516, 0x0000000000000000
1791331271,267.43, 585.00, 585.00, 2797, 3435, 13365, 58, 49, 44180, 0x0000000000000000
1791331272,291.51, 585.00, 585.00, 2797, 3435, 13365, 57, 85, 44278, 0x0000000000000000
1791331273,287.44, 585.00, 585.00, 2797, 3435, 13365, 60, 87, 42594, 0x0000000000000000
1791331274,282.09, 585.00, 585.00, 2797, 3435, 13365, 57, 77, 42654, 0x0000000000000000
1791331275,290.60, 585.00, 585.00, 2797, 3435, 13365, 59, 96, 43192, 0x0000000000000000
1791331276,284.96, 585.00, 585.00, 2797, 3435, 13365, 59, 75, 44368, 0x0000000000000000
1791331277,292.87, 585.00, 585.00, 2805, 3435, 13365, 58, 76, 44398, 0x0000000000000000
1791331278,283.95, 585.00, 585.00, 2797, 3435, 13365, 59, 94, 43268, 0x0000000000000000
1791331279,284.23, 585.00, 585.00, 2797, 3435, 13365, 60, 79, 43214, 0x0000000000000000
1791331280,287.34, 585.00, 585.00, 2805, 3435, 13365, 58, 78, 43242, 0x0000000000000000
1791331281,286.48, 585.00, 585.00, 2797, 3435, 13365, 59, 89, 43350, 0x0000000000000000
1791331282,262.48, 585.00, 585.00, 2797, 3435, 13365, 57, 89, 43994, 0x0000000000000000
1791331283,282.28, 585.00, 585.00, 2805, 3435, 13365, 58, 73, 44024, 0x0000000000000000
1791331284,278.77, 585.00, 585.00, 2805, 3435, 13365, 60, 86, 44054, 0x0000000000000000
1791331285,276.76, 585.00, 585.00, 2805, 3435, 13365, 58, 77, 42918, 0x0000000000000000
1791331286,277.48, 585.00, 585.00, 2805, 3435, 13365, 57, 78, 43416, 0x0000000000000000
1791331287,259.03, 585.00, 585.00, 2805, 3435, 13365, 61, 89, 43444, 0x0000000000000000
1791331289,270.40, 585.00, 585.00, 2805, 3435, 13365, 58, 67, 42960, 0x0000000000000000
1791331290,273.84, 585.00, 585.00, 2805, 3435, 13365, 58, 74, 44176, 0x0000000000000000
1791331291,273.48, 585.00, 585.00, 2805, 3435, 13365, 61, 84, 44196, 0x0000000000000000
1791331292,272.20, 585.00, 585.00, 2805, 3435, 13365, 58, 76, 44226, 0x0000000000000000
1791331293,278.00, 585.00, 585.00, 2805, 3435, 13365, 58, 76, 43124, 0x0000000000000000
1791331294,275.79, 585.00, 585.00, 2805, 3435, 13365, 59, 83, 43152, 0x0000000000000000
1791331295,276.33, 585.00, 585.00, 2805, 3435, 13365, 59, 91, 43716, 0x0000000000000000
1791331296,281.49, 585.00, 585.00, 2805, 3435, 13365, 60, 93, 43212, 0x0000000000000000
1791331297,266.07, 585.00, 585.00, 2805, 3435, 13365, 60, 81, 44288, 0x0000000000000000
1791331298,269.89, 585.00, 585.00, 2805, 3435, 13365, 59, 76, 44250, 0x0000000000000000
1791331299,269.92, 585.00, 585.00, 2805, 3435, 13365, 58, 77, 43298, 0x0000000000000000
1791331300,272.60, 585.00, 585.00, 2805, 3435, 13365, 59, 78, 43858, 0x0000000000000000
1791331301,267.17, 585.00, 585.00, 2805, 3435, 13365, 59, 87, 44382, 0x0000000000000000
1791331302,279.62, 585.00, 585.00, 2805, 3435, 13365, 61, 89, 43858, 0x0000000000000000
1791331303,279.45, 585.00, 585.00, 2805, 3435, 13365, 61, 88, 43944, 0x0000000000000000
1791331304,276.63, 585.00, 585.00, 2805, 3435, 13365, 61, 83, 44488, 0x0000000000000000
1791331305,267.04, 585.00, 585.00, 2805, 3435, 13365, 57, 76, 44000, 0x0000000000000000
1791331306,264.15, 585.00, 585.00, 2805, 3435, 13365, 59, 78, 44524, 0x0000000000000000
1791331307,276.33, 585.00, 585.00, 2805, 3435, 13365, 59, 77, 44552, 0x0000000000000000
1791331308,271.48, 585.00, 585.00, 2805, 3435, 13365, 59, 80, 43526, 0x0000000000000000
1791331309,272.47, 585.00, 585.00, 2805, 3435, 13365, 59, 76, 44640, 0x0000000000000000
1791331310,276.37, 585.00, 585.00, 2812, 3435, 13365, 59, 78, 44654, 0x0000000000000000
1791331311,272.48, 585.00, 585.00, 2812, 3435, 13365, 59, 74, 43646, 0x0000000000000000
1791331313,259.87, 585.00, 585.00, 2812, 3435, 13365, 59, 77, 43666, 0x0000000000000000
1791331314,187.60, 585.00, 585.00, 2805, 3435, 13365, 56, 23, 43756, 0x0000000000000000
1791331315,100.09, 585.00, 585.00, 2812, 3435, 13365, 55, 11, 43918, 0x0000000000000000
1791331316,95.23, 585.00, 585.00, 2805, 3435, 13365, 55, 7, 44054, 0x0000000000000000
1791331317,88.59, 585.00, 585.00, 2805, 3435, 13365, 54, 4, 44184, 0x0000000000000000
1791331318,84.43, 585.00, 585.00, 2632, 3435, 13365, 54, 0, 44184, 0x0000000000000000
1791331319,189.01, 585.00, 585.00, 2722, 3435, 13365, 56, 44, 88722, 0x0000000000000000
1791331320,197.43, 585.00, 585.00, 2820, 3435, 13365, 57, 47, 87426, 0x0000000000000000
1791331321,259.81, 585.00, 585.00, 2805, 3435, 13365, 58, 74, 87442, 0x0000000000000000
1791331322,270.87, 585.00, 585.00, 2797, 3435, 13365, 58, 70, 89188, 0x0000000000000000
1791331323,269.46, 585.00, 585.00, 2790, 3435, 13365, 58, 67, 89134, 0x0000000000000000
1791331324,273.73, 585.00, 585.00, 2790, 3435, 13365, 60, 70, 87424, 0x0000000000000000
1791331325,265.23, 585.00, 585.00, 2805, 3435, 13365, 58, 79, 87422, 0x0000000000000000
1791331326,288.77, 585.00, 585.00, 2790, 3435, 13365, 62, 95, 87422, 0x0000000000000000
1791331327,296.33, 585.00, 585.00, 2797, 3435, 13365, 59, 78, 89172, 0x0000000000000000
1791331328,288.73, 585.00, 585.00, 2790, 3435, 13365, 61, 97, 87944, 0x0000000000000000
1791331329,298.13, 585.00, 585.00, 2797, 3435, 13365, 59, 78, 88456, 0x0000000000000000
1791331330,286.13, 585.00, 585.00, 2790, 3435, 13365, 61, 96, 87944, 0x0000000000000000
1791331331,286.63, 585.00, 585.00, 2790, 3435, 13365, 60, 85, 88456, 0x0000000000000000
1791331332,294.30, 585.00, 585.00, 2797, 3435, 13365, 59, 84, 89236, 0x0000000000000000
1791331334,300.31, 585.00, 585.00, 2790, 3435, 13365, 60, 81, 87446, 0x0000000000000000
1791331335,292.39, 585.00, 585.00, 2790, 3435, 13365, 59, 83, 88456, 0x0000000000000000
1791331336,297.14, 585.00, 585.00, 2797, 3435, 13365, 59, 74, 89224, 0x0000000000000000
1791331337,299.18, 585.00, 585.00, 2797, 3435, 13365, 59, 85, 88456, 0x0000000000000000
1791331338,277.84, 585.00, 585.00, 2797, 3435, 13365, 57, 41, 87510, 0x0000000000000000
1791331339,290.92, 585.00, 585.00, 2797, 3435, 13365, 60, 94, 89204, 0x0000000000000000
1791331340,288.71, 585.00, 585.00, 2797, 3435, 13365, 61, 80, 87504, 0x0000000000000000
1791331341,288.11, 585.00, 585.00, 2797, 3435, 13365, 62, 95, 88456, 0x0000000000000000
1791331342,290.64, 585.00, 585.00, 2797, 3435, 13365, 59, 78, 89198, 0x0000000000000000
1791331343,289.72, 585.00, 585.00, 2797, 3435, 13365, 59, 67, 87522, 0x0000000000000000
1791331344,265.08, 585.00, 585.00, 2797, 3435, 13365, 59, 78, 88500, 0x0000000000000000
1791331345,287.01, 585.00, 585.00, 2797, 3435, 13365, 60, 87, 89184, 0x0000000000000000
1791331346,287.02, 585.00, 585.00, 2797, 3435, 13365, 63, 88, 89184, 0x0000000000000000
1791331347,288.39, 585.00, 585.00, 2805, 3435, 13365, 59, 77, 89160, 0x0000000000000000
1791331348,285.81, 585.00, 585.00, 2805, 3435, 13365, 60, 85, 88518, 0x0000000000000000
1791331349,269.78, 585.00, 585.00, 2797, 3435, 13365, 60, 83, 88046, 0x0000000000000000
1791331350,289.26, 585.00, 585.00, 2805, 3435, 13365, 60, 78, 87434, 0x0000000000000000
1791331351,287.35, 585.00, 585.00, 2797, 3435, 13365, 60, 86, 88458, 0x0000000000000000
1791331352,286.09, 585.00, 585.00, 2797, 3435, 13365, 62, 93, 87946, 0x0000000000000000
1791331353,282.12, 585.00, 585.00, 2797, 3435, 13365, 59, 80, 88566, 0x0000000000000000
1791331354,285.25, 585.00, 585.00, 2805, 3435, 13365, 60, 73, 88638, 0x0000000000000000
1791331356,286.49, 585.00, 585.00, 2805, 3435, 13365, 61, 91, 87558, 0x0000000000000000
1791331357,269.42, 585.00, 585.00, 2805, 3435, 13365, 59, 37, 87504, 0x0000000000000000
1791331358,282.38, 585.00, 585.00, 2805, 3435, 13365, 60, 85, 88460, 0x0000000000000000
1791331359,266.90, 585.00, 585.00, 2805, 3435, 13365, 62, 83, 87948, 0x0000000000000000
1791331360,276.48, 585.00, 585.00, 2805, 3435, 13365, 60, 78, 88544, 0x0000000000000000
1791331361,278.71, 585.00, 585.00, 2805, 3435, 13365, 59, 66, 87950, 0x0000000000000000
1791331362,268.17, 585.00, 585.00, 2805, 3435, 13365, 61, 93, 87438, 0x0000000000000000
1791331363,270.43, 585.00, 585.00, 2805, 3435, 13365, 62, 86, 87498, 0x0000000000000000
1791331364,267.67, 585.00, 585.00, 2805, 3435, 13365, 59, 78, 87950, 0x0000000000000000
1791331365,272.88, 585.00, 585.00, 2805, 3435, 13365, 60, 77, 88462, 0x0000000000000000
1791331366,277.57, 585.00, 585.00, 2805, 3435, 13365, 60, 85, 87494, 0x0000000000000000
1791331367,278.99, 585.00, 585.00, 2805, 3435, 13365, 60, 91, 87492, 0x0000000000000000
1791331368,278.80, 585.00, 585.00, 2805, 3435, 13365, 62, 91, 88462, 0x0000000000000000
1791331369,273.42, 585.00, 585.00, 2805, 3435, 13365, 62, 84, 87950, 0x0000000000000000
1791331370,276.25, 585.00, 585.00, 2805, 3435, 13365, 62, 84, 87438, 0x0000000000000000
1791331371,269.82, 585.00, 585.00, 2805, 3435, 13365, 60, 78, 88502, 0x0000000000000000
1791331372,283.60, 585.00, 585.00, 2805, 3435, 13365, 60, 77, 87990, 0x0000000000000000
1791331373,276.48, 585.00, 585.00, 2805, 3435, 13365, 60, 77, 88008, 0x0000000000000000
1791331374,267.76, 585.00, 585.00, 2805, 3435, 13365, 60, 87, 89054, 0x0000000000000000
1791331376,282.83, 585.00, 585.00, 2805, 3435, 13365, 61, 87, 88538, 0x0000000000000000
1791331377,280.80, 585.00, 585.00, 2805, 3435, 13365, 62, 91, 87474, 0x0000000000000000
1791331378,273.09, 585.00, 585.00, 2812, 3435, 13365, 61, 92, 87440, 0x0000000000000000
1791331379,275.14, 585.00, 585.00, 2812, 3435, 13365, 62, 82, 87440, 0x0000000000000000
1791331380,278.60, 585.00, 585.00, 2812, 3435, 13365, 62, 87, 87440, 0x0000000000000000
1791331381,280.97, 585.00, 585.00, 2812, 3435, 13365, 61, 91, 88506, 0x0000000000000000
1791331382,270.96, 585.00, 585.00, 2812, 3435, 13365, 60, 80, 87846, 0x0000000000000000
1791331383,243.75, 585.00, 585.00, 2812, 3435, 13365, 61, 56, 87802, 0x0000000000000000
1791331384,172.36, 585.00, 585.00, 2805, 3435, 13365, 57, 12, 87480, 0x0000000000000000
1791331385,100.68, 585.00, 585.00, 2812, 3435, 13365, 56, 12, 87448, 0x0000000000000000
1791331386,95.24, 585.00, 585.00, 2797, 3435, 13365, 56, 7, 87452, 0x0000000000000000
1791331387,90.52, 585.00, 585.00, 2805, 3435, 13365, 56, 8, 87516, 0x0000000000000000
1791331388,98.38, 585.00, 585.00, 2707, 3435, 13365, 55, 11, 87578, 0x0000000000000000
1791331389,82.91, 585.00, 585.00, 2610, 3435, 13365, 55, 8, 87624, 0x0000000000000000
1791331390,75.86, 585.00, 585.00, 2610, 3435, 13365, 54, 0, 87624, 0x0000000000000000
1791331391,135.10, 585.00, 585.00, 2745, 3435, 13365, 55, 21, 87626, 0x0000000000000000
1791331392,110.90, 585.00, 585.00, 2820, 3435, 13365, 54, 0, 87626, 0x0000000000000000
1791331393,110.90, 585.00, 585.00, 2820, 3435, 13365, 54, 0, 87626, 0x0000000000000000
1791331394,74.96, 585.00, 585.00, 2610, 3435, 13365, 53, 0, 87626, 0x0000000000000000
1791331395,74.40, 585.00, 585.00, 2610, 3435, 13365, 53, 0, 87626, 0x0000000000000000
1791331396,74.47, 585.00, 585.00, 2610, 3435, 13365, 53, 0, 87626, 0x0000000000000000
1791331398,74.61, 585.00, 585.00, 2610, 3435, 13365, 53, 0, 87626, 0x0000000000000000
1791331399,74.61, 585.00, 585.00, 2610, 3435, 13365, 53, 0, 87626, 0x0000000000000000
1791331400,74.76, 585.00, 585.00, 2610, 3435, 13365, 52, 0, 87626, 0x0000000000000000
1791331401,74.28, 585.00, 585.00, 2610, 3435, 13365, 52, 0, 87626, 0x0000000000000000
1791331402,73.72, 585.00, 585.00, 2610, 3435, 13365, 52, 0, 87626, 0x0000000000000000
1791331403,73.34, 585.00, 585.00, 2610, 3435, 13365, 52, 0, 87626, 0x0000000000000000
1791331404,73.34, 585.00, 585.00, 2610, 3435, 13365, 51, 0, 87626, 0x0000000000000000
1791331405,73.28, 585.00, 585.00, 2610, 3435, 13365, 51, 0, 87626, 0x0000000000000000
1791331406,72.92, 585.00, 585.00, 2610, 3435, 13365, 51, 0, 87626, 0x0000000000000000
1791331407,72.87, 585.00, 585.00, 2610, 3435, 13365, 51, 0, 87626, 0x0000000000000000
1791331408,73.36, 585.00, 585.00, 2610, 3435, 13365, 51, 0, 87626, 0x0000000000000000
1791331409,73.61, 585.00, 585.00, 2610, 3435, 13365, 50, 0, 87626, 0x0000000000000000
1791331410,34.56, 585.00, 585.00, 525, 3435, 810, 49, 0, 87626, 0x0000000000000000
1791331411,26.97, 585.00, 585.00, 525, 3435, 405, 49, 0, 87626, 0x0000000000000000
1791331412,15.55, 585.00, 585.00, 517, 3435, 405, 49, 0, 87626, 0x0000000000000000
1791331413,14.88, 585.00, 585.00, 525, 3435, 405, 48, 0, 87626, 0x0000000000000000
1791331414,14.55, 585.00, 585.00, 525, 3435, 405, 48, 0, 87626, 0x0000000000000000
1791331415,14.98, 585.00, 585.00, 525, 3435, 405, 48, 0, 87626, 0x0000000000000000
1791331416,14.95, 585.00, 585.00, 525, 3435, 405, 48, 0, 87626, 0x0000000000000000
1791331417,14.69, 585.00, 585.00, 525, 3435, 405, 47, 0, 87626, 0x0000000000000000
1791331418,14.74, 585.00, 585.00, 525, 3435, 405, 47, 0, 87626, 0x0000000000000000
1791331419,14.64, 585.00, 585.00, 525, 3435, 405, 47, 0, 87626, 0x0000000000000000
1791331420,14.80, 585.00, 585.00, 525, 3435, 405, 47, 0, 87626, 0x0000000000000000
1791331422,14.68, 585.00, 585.00, 525, 3435, 405, 47, 0, 87626, 0x0000000000000000
1791331423,14.85, 585.00, 585.00, 525, 3435, 405, 46, 0, 87626, 0x0000000000000000
1791331424,14.72, 585.00, 585.00, 525, 3435, 405, 46, 0, 87626, 0x0000000000000000
1791331425,14.65, 585.00, 585.00, 525, 3435, 405, 46, 0, 87626, 0x0000000000000000
1791331426,14.86, 585.00, 585.00, 525, 3435, 405, 46, 0, 87626, 0x0000000000000000
1791331427,14.52, 585.00, 585.00, 525, 3435, 405, 45, 0, 87626, 0x0000000000000000
1791331428,14.39, 585.00, 585.00, 525, 3435, 405, 45, 0, 87626, 0x0000000000000000
1791331429,15.18, 585.00, 585.00, 525, 3435, 405, 45, 0, 87626, 0x0000000000000000
1791331430,14.36, 585.00, 585.00, 525, 3435, 405, 45, 0, 87626, 0x0000000000000000
1791331431,15.00, 585.00, 585.00, 525, 3435, 405, 45, 0, 87626, 0x0000000000000000
1791331432,14.72, 585.00, 585.00, 525, 3435, 405, 44, 0, 87626, 0x0000000000000000
1791331433,14.21, 585.00, 585.00, 525, 3435, 405, 44, 0, 87626, 0x0000000000000000
1791331434,14.36, 585.00, 585.00, 517, 3435, 405, 44, 0, 87626, 0x0000000000000000
1791331435,14.51, 585.00, 585.00, 525, 3435, 405, 44, 0, 87626, 0x0000000000000000
1791331436,14.25, 585.00, 585.00, 525, 3435, 405, 44, 0, 87626, 0x0000000000000000
1791331437,14.16, 585.00, 585.00, 525, 3435, 405, 44, 0, 87626, 0x0000000000000000
1791331438,14.08, 585.00, 585.00, 525, 3435, 405, 44, 0, 87626, 0x0000000000000000
1791331439,14.18, 585.00, 585.00, 525, 3435, 405, 43, 0, 87626, 0x0000000000000000
1791331440,14.23, 585.00, 585.00, 525, 3435, 405, 43, 0, 87626, 0x0000000000000000
1791331441,13.95, 585.00, 585.00, 525, 3435, 405, 43, 0, 87626, 0x0000000000000000
1791331443,14.22, 585.00, 585.00, 525, 3435, 405, 43, 0, 87626, 0x0000000000000000
1791331444,14.01, 585.00, 585.00, 525, 3435, 405, 43, 0, 87626, 0x0000000000000000
1791331445,13.88, 585.00, 585.00, 525, 3435, 405, 42, 0, 87626, 0x0000000000000000
1791331446,13.98, 585.00, 585.00, 525, 3435, 405, 42, 0, 87626, 0x0000000000000000
1791331447,14.22, 585.00, 585.00, 517, 3435, 405, 42, 0, 87626, 0x0000000000000000
1791331448,14.36, 585.00, 585.00, 525, 3435, 405, 42, 0, 87626, 0x0000000000000000
1791331449,14.19, 585.00, 585.00, 525, 3435, 405, 42, 0, 87626, 0x0000000000000000
1791331450,13.91, 585.00, 585.00, 525, 3435, 405, 42, 0, 87626, 0x0000000000000000
1791331451,14.11, 585.00, 585.00, 525, 3435, 405, 42, 0, 87626, 0x0000000000000000
1791331452,14.25, 600.00, 600.00, 517, 3090, 405, 42, 0, 87626, 0x0000000000000000
1791331453,14.12, 600.00, 600.00, 180, 3090, 405, 42, 0, 87626, 0x0000000000000000
1791331454,13.90, 600.00, 600.00, 180, 3090, 405, 41, 0, 87626, 0x0000000000000000
1791331455,13.88, 600.00, 600.00, 180, 3090, 405, 41, 0, 87626, 0x0000000000000000
1791331456,13.62, 600.00, 600.00, 180, 3090, 405, 41, 0, 87626, 0x0000000000000000
1791331457,13.72, 600.00, 600.00, 180, 3090, 405, 41, 0, 87626, 0x0000000000000000
1791331458,13.76, 600.00, 600.00, 180, 3090, 405, 41, 0, 87626, 0x0000000000000000
1791331459,13.76, 600.00, 600.00, 180, 3090, 405, 41, 0, 87626, 0x0000000000000000
1791331460,13.93, 600.00, 600.00, 180, 3090, 405, 41, 0, 87626, 0x0000000000000000
1791331461,13.87, 600.00, 600.00, 180, 3090, 405, 41, 0, 87626, 0x0000000000000000
1791331462,13.55, 600.00, 600.00, 180, 3090, 405, 40, 0, 87626, 0x0000000000000000
1791331464,13.70, 600.00, 600.00, 180, 3090, 405, 40, 0, 87626, 0x0000000000000000
1791331465,13.70, 600.00, 600.00, 180, 3090, 405, 40, 0, 87626, 0x0000000000000000
1791331466,14.15, 600.00, 600.00, 180, 3090, 405, 40, 0, 87626, 0x0000000000000000
1791331467,13.85, 600.00, 600.00, 180, 3090, 405, 40, 0, 87626, 0x0000000000000000
1791331468,13.45, 600.00, 600.00, 180, 3090, 405, 40, 0, 87626, 0x0000000000000000
1791331469,13.55, 600.00, 600.00, 180, 3090, 405, 40, 0, 87626, 0x0000000000000000
1791331470,13.93, 600.00, 600.00, 180, 3090, 405, 40, 0, 87626, 0x0000000000000000
1791331471,13.99, 600.00, 600.00, 180, 3090, 405, 40, 0, 87626, 0x0000000000000000
1791331472,13.63, 600.00, 600.00, 180, 3090, 405, 39, 0, 87626, 0x0000000000000000
1791331473,13.68, 600.00, 600.00, 180, 3090, 405, 39, 0, 87626, 0x0000000000000000
1791331474,14.10, 600.00, 600.00, 180, 3090, 405, 39, 0, 87626, 0x0000000000000000
1791331475,14.03, 600.00, 600.00, 180, 3090, 405, 39, 0, 87626, 0x0000000000000000
1791331476,13.98, 600.00, 600.00, 180, 3090, 405, 39, 0, 87626, 0x0000000000000000
1791331477,14.11, 600.00, 600.00, 180, 3090, 405, 39, 0, 87626, 0x0000000000000000
1791331478,13.84, 600.00, 600.00, 180, 3090, 405, 39, 0, 87626, 0x0000000000000000
1791331479,13.67, 600.00, 600.00, 180, 3090, 405, 39, 0, 87626, 0x0000000000000000
1791331480,13.96, 600.00, 600.00, 180, 3090, 405, 39, 0, 87626, 0x0000000000000000
1791331481,13.96, 600.00, 600.00, 180, 3090, 405, 39, 0, 87626, 0x0000000000000000
1791331482,13.73, 600.00, 600.00, 180, 3090, 405, 39, 0, 87626, 0x0000000000000000
1791331484,13.96, 600.00, 600.00, 180, 3090, 405, 39, 0, 87626, 0x0000000000000000
1791331485,13.75, 600.00, 600.00, 180, 3090, 405, 38, 0, 87626, 0x0000000000000000
1791331486,13.75, 600.00, 600.00, 180, 3090, 405, 38, 0, 87626, 0x0000000000000000
1791331487,13.87, 600.00, 600.00, 180, 3090, 405, 38, 0, 87626, 0x0000000000000000
1791331488,13.85, 600.00, 600.00, 180, 3090, 405, 38, 0, 87626, 0x0000000000000000
1791331489,13.24, 600.00, 600.00, 180, 3090, 405, 38, 0, 87626, 0x0000000000000000
1791331490,13.41, 600.00, 600.00, 180, 3090, 405, 38, 0, 87626, 0x0000000000000000
1791331491,247.14, 600.00, 600.00, 2662, 3090, 13365, 55, 92, 87626, 0x0000000000000000
1791331492,470.48, 585.00, 585.00, 2662, 3435, 13365, 52, 92, 87626, 0x0000000000000004
1791331493,456.42, 585.00, 585.00, 2670, 3435, 13365, 50, 91, 87626, 0x0000000000000004
1791331494,452.20, 585.00, 585.00, 2662, 3435, 13365, 54, 86, 87626, 0x0000000000000000
1791331495,458.39, 585.00, 585.00, 2662, 3435, 13365, 55, 92, 87626, 0x0000000000000000
1791331496,457.43, 585.00, 585.00, 2662, 3435, 13365, 55, 94, 87626, 0x0000000000000000
1791331497,464.02, 585.00, 585.00, 2662, 3435, 13365, 56, 93, 87626, 0x0000000000000004
1791331498,463.59, 585.00, 585.00, 2670, 3435, 13365, 52, 94, 87626, 0x0000000000000004
1791331499,459.72, 585.00, 585.00, 2662, 3435, 13365, 57, 89, 87626, 0x0000000000000000
1791331500,464.48, 585.00, 585.00, 2662, 3435, 13365, 55, 89, 87626, 0x0000000000000004
1791331501,459.09, 585.00, 585.00, 2662, 3435, 13365, 57, 93, 87626, 0x0000000000000000
1791331503,462.50, 585.00, 585.00, 2662, 3435, 13365, 59, 93, 87626, 0x0000000000000004
1791331504,453.84, 585.00, 585.00, 2670, 3435, 13365, 55, 94, 87626, 0x0000000000000004
1791331505,458.58, 585.00, 585.00, 2662, 3435, 13365, 59, 86, 87626, 0x0000000000000000
1791331506,462.96, 585.00, 585.00, 2662, 3435, 13365, 60, 94, 87626, 0x0000000000000000
1791331507,435.70, 585.00, 585.00, 2670, 3435, 13365, 57, 84, 87626, 0x0000000000000004
1791331508,419.05, 585.00, 585.00, 2670, 3435, 13365, 58, 84, 87626, 0x0000000000000004
1791331509,420.29, 585.00, 585.00, 2670, 3435, 13365, 59, 84, 87626, 0x0000000000000004
1791331510,419.43, 585.00, 585.00, 2670, 3435, 13365, 61, 84, 87626, 0x0000000000000004
1791331511,423.56, 585.00, 585.00, 2670, 3435, 13365, 61, 84, 87626, 0x0000000000000004
1791331512,422.45, 585.00, 585.00, 2685, 3435, 13365, 61, 84, 87626, 0x0000000000000004
1791331513,425.25, 585.00, 585.00, 2670, 3435, 13365, 60, 84, 87626, 0x0000000000000004
1791331514,423.79, 585.00, 585.00, 2685, 3435, 13365, 60, 84, 87626, 0x0000000000000000
1791331515,423.58, 585.00, 585.00, 2685, 3435, 13365, 61, 83, 87626, 0x0000000000000000
1791331516,436.72, 585.00, 585.00, 2670, 3435, 13365, 63, 84, 87626, 0x0000000000000004
1791331517,436.72, 585.00, 585.00, 2670, 3435, 13365, 60, 83, 87626, 0x0000000000000004
1791331518,459.76, 585.00, 585.00, 2655, 3435, 13365, 63, 85, 87626, 0x0000000000000000
1791331519,467.58, 585.00, 585.00, 2655, 3435, 13365, 64, 92, 87626, 0x0000000000000004
1791331521,469.36, 585.00, 585.00, 2662, 3435, 13365, 62, 93, 87626, 0x0000000000000004
1791331522,470.82, 585.00, 585.00, 2655, 3435, 13365, 64, 90, 87626, 0x0000000000000000
1791331523,471.03, 585.00, 585.00, 2655, 3435, 13365, 61, 93, 87626, 0x0000000000000004
1791331524,460.40, 585.00, 585.00, 2655, 3435, 13365, 64, 86, 87626, 0x0000000000000004
1791331525,462.20, 585.00, 585.00, 2655, 3435, 13365, 65, 92, 87626, 0x0000000000000000
1791331526,466.92, 585.00, 585.00, 2655, 3435, 13365, 66, 92, 87626, 0x0000000000000004
1791331527,466.55, 585.00, 585.00, 2662, 3435, 13365, 63, 92, 87626, 0x0000000000000004
1791331528,464.36, 585.00, 585.00, 2662, 3435, 13365, 63, 92, 87626, 0x0000000000000004
1791331529,462.33, 585.00, 585.00, 2662, 3435, 13365, 66, 87, 87626, 0x0000000000000004
1791331530,461.39, 585.00, 585.00, 2655, 3435, 13365, 67, 93, 87626, 0x0000000000000000
1791331531,475.98, 585.00, 585.00, 2662, 3435, 13365, 63, 94, 87626, 0x0000000000000004
1791331532,470.38, 585.00, 585.00, 2655, 3435, 13365, 67, 91, 87626, 0x0000000000000000
1791331533,476.54, 585.00, 585.00, 2655, 3435, 13365, 64, 94, 87626, 0x0000000000000004
1791331534,469.10, 585.00, 585.00, 2655, 3435, 13365, 67, 90, 87626, 0x0000000000000000
1791331535,470.85, 585.00, 585.00, 2655, 3435, 13365, 68, 94, 87626, 0x0000000000000004
1791331536,474.69, 585.00, 585.00, 2662, 3435, 13365, 65, 94, 87626, 0x0000000000000004
1791331537,469.15, 585.00, 585.00, 2655, 3435, 13365, 68, 88, 87626, 0x0000000000000000
1791331538,471.19, 585.00, 585.00, 2655, 3435, 13365, 69, 92, 87626, 0x0000000000000004
1791331540,476.64, 585.00, 585.00, 2655, 3435, 13365, 66, 91, 87626, 0x0000000000000004
1791331541,470.99, 585.00, 585.00, 2662, 3435, 13365, 64, 92, 87626, 0x0000000000000004
1791331542,190.55, 585.00, 585.00, 2820, 3435, 14001, 58, 78, 1, 0x0000000000000000
1791331543,87.94, 585.00, 585.00, 2820, 3435, 14001, 57, 0, 1, 0x0000000000000000
1791331544,78.47, 585.00, 585.00, 2512, 3435, 14001, 56, 0, 1, 0x0000000000000000
1791331545,60.30, 585.00, 585.00, 517, 3435, 7001, 55, 0, 1, 0x0000000000000000
1791331546,41.51, 585.00, 585.00, 525, 3435, 7001, 54, 0, 1, 0x0000000000000000
1791331547,40.81, 585.00, 585.00, 525, 3435, 7001, 54, 0, 1, 0x0000000000000000
1791331548,36.35, 585.00, 585.00, 525, 3435, 7001, 53, 0, 1, 0x0000000000000000
1791331549,26.66, 585.00, 585.00, 525, 3435, 810, 53, 0, 1, 0x0000000000000000
1791331550,16.30, 585.00, 585.00, 517, 3435, 405, 52, 0, 1, 0x0000000000000000
1791331551,15.35, 585.00, 585.00, 525, 3435, 405, 52, 0, 1, 0x0000000000000000
1791331552,15.05, 585.00, 585.00, 525, 3435, 405, 51, 0, 1, 0x0000000000000000
1791331553,15.05, 585.00, 585.00, 525, 3435, 405, 51, 0, 1, 0x0000000000000000
1791331554,15.64, 585.00, 585.00, 525, 3435, 405, 51, 0, 1, 0x0000000000000000
1791331555,14.79, 585.00, 585.00, 525, 3435, 405, 50, 0, 1, 0x0000000000000000
1791331556,16.20, 585.00, 585.00, 525, 3435, 405, 50, 0, 23, 0x0000000000000000
1791331557,60.78, 585.00, 585.00, 2640, 3435, 13365, 51, 1, 27062, 0x0000000000000000
1791331558,77.01, 585.00, 585.00, 2610, 3435, 13365, 51, 28, 27062, 0x0000000000000000
1791331559,78.67, 585.00, 585.00, 2625, 3435, 13365, 51, 26, 27062, 0x0000000000000000
1791331561,74.14, 585.00, 585.00, 2610, 3435, 13365, 50, 0, 24400, 0x0000000000000000
1791331562,73.62, 585.00, 585.00, 2610, 3435, 13365, 50, 0, 27050, 0x0000000000000000
1791331563,528.60, 585.00, 585.00, 2310, 3435, 13365, 66, 99, 27052, 0x0000000000000004
1791331564,205.04, 585.00, 585.00, 2820, 3435, 13365, 52, 0, 24762, 0x0000000000000000
1791331565,502.58, 585.00, 585.00, 2542, 3435, 13365, 61, 95, 26148, 0x0000000000000004
1791331566,578.92, 585.00, 585.00, 2535, 3435, 13365, 62, 97, 26164, 0x0000000000000004
1791331567,586.19, 585.00, 585.00, 2520, 3435, 13365, 67, 87, 25550, 0x0000000000000004
1791331568,585.47, 585.00, 585.00, 2520, 3435, 13365, 69, 87, 26186, 0x0000000000000004
1791331569,585.14, 585.00, 585.00, 2520, 3435, 13365, 70, 87, 26328, 0x0000000000000004
1791331570,586.06, 585.00, 585.00, 2520, 3435, 13365, 70, 100, 26348, 0x0000000000000004
1791331571,586.06, 585.00, 585.00, 2520, 3435, 13365, 65, 100, 26368, 0x0000000000000004
1791331572,584.83, 585.00, 585.00, 2497, 3435, 13365, 72, 87, 26476, 0x0000000000000004
1791331573,584.68, 585.00, 585.00, 2527, 3435, 13365, 67, 100, 26400, 0x0000000000000004
1791331574,585.97, 585.00, 585.00, 2512, 3435, 13365, 72, 100, 26424, 0x0000000000000004
1791331575,580.95, 585.00, 585.00, 2535, 3435, 13365, 72, 87, 26424, 0x0000000000000004
1791331576,565.88, 585.00, 585.00, 2535, 3435, 13365, 72, 100, 26456, 0x0000000000000004
1791331577,583.43, 585.00, 585.00, 2520, 3435, 13365, 72, 100, 26474, 0x0000000000000004
1791331578,591.71, 585.00, 585.00, 2497, 3435, 13365, 73, 100, 26482, 0x0000000000000004
1791331579,583.56, 585.00, 585.00, 2542, 3435, 13365, 74, 100, 26514, 0x0000000000000004
1791331580,578.14, 585.00, 585.00, 2527, 3435, 13365, 74, 96, 26540, 0x0000000000000004
1791331581,585.28, 585.00, 585.00, 2535, 3435, 13365, 74, 87, 26106, 0x0000000000000004
1791331582,572.15, 585.00, 585.00, 2550, 3435, 13365, 75, 100, 26568, 0x0000000000000004
1791331584,567.48, 585.00, 585.00, 2580, 3435, 13365, 75, 62, 26608, 0x0000000000000004
1791331585,577.73, 585.00, 585.00, 2572, 3435, 13365, 72, 86, 26222, 0x0000000000000004
1791331586,580.63, 585.00, 585.00, 2550, 3435, 13365, 75, 84, 26664, 0x0000000000000004
1791331587,577.84, 585.00, 585.00, 2572, 3435, 13365, 76, 85, 26688, 0x0000000000000004
1791331588,564.87, 585.00, 585.00, 2557, 3435, 13365, 73, 74, 26702, 0x0000000000000004
1791331589,561.73, 585.00, 585.00, 2572, 3435, 13365, 72, 100, 26416, 0x0000000000000004
1791331590,563.46, 585.00, 585.00, 2557, 3435, 13365, 75, 82, 26762, 0x0000000000000004
1791331591,556.68, 585.00, 585.00, 2565, 3435, 13365, 77, 82, 26808, 0x0000000000000004
1791331592,557.56, 585.00, 585.00, 2572, 3435, 13365, 77, 82, 26552, 0x0000000000000004
1791331593,543.56, 585.00, 585.00, 2565, 3435, 13365, 77, 88, 26608, 0x0000000000000004
1791331594,526.79, 585.00, 585.00, 2602, 3435, 13365, 77, 81, 26904, 0x0000000000000004
1791331595,513.97, 585.00, 585.00, 2587, 3435, 13365, 77, 81, 26944, 0x0000000000000004
1791331596,509.45, 585.00, 585.00, 2572, 3435, 13365, 74, 80, 26992, 0x0000000000000004
1791331597,500.61, 585.00, 585.00, 2610, 3435, 13365, 74, 66, 26882, 0x0000000000000004
1791331598,466.19, 585.00, 585.00, 2625, 3435, 13365, 76, 79, 26998, 0x0000000000000000
1791331599,417.45, 585.00, 585.00, 2647, 3435, 13365, 71, 56, 27152, 0x0000000000000004
1791331600,326.00, 585.00, 585.00, 2722, 3435, 13365, 70, 54, 27228, 0x0000000000000004
1791331601,279.35, 585.00, 585.00, 2782, 3435, 13365, 65, 39, 27370, 0x0000000000000000
1791331602,116.93, 585.00, 585.00, 2820, 3435, 13365, 62, 0, 85314, 0x0000000000000000
1791331603,370.00, 585.00, 585.00, 2332, 3435, 13365, 76, 0, 87922, 0x0000000000000004
1791331604,346.96, 585.00, 585.00, 2805, 3435, 13365, 63, 100, 87166, 0x0000000000000000
1791331605,548.71, 585.00, 585.00, 2475, 3435, 13365, 76, 100, 87158, 0x0000000000000004
1791331607,587.56, 585.00, 585.00, 2467, 3435, 13365, 78, 100, 87148, 0x0000000000000004
1791331608,584.99, 585.00, 585.00, 2460, 3435, 13365, 78, 100, 87140, 0x0000000000000004
1791331609,583.44, 585.00, 585.00, 2460, 3435, 13365, 78, 100, 87348, 0x0000000000000004
1791331610,579.96, 585.00, 585.00, 2467, 3435, 13365, 78, 100, 87230, 0x0000000000000004
1791331611,584.79, 585.00, 585.00, 2452, 3435, 13365, 78, 88, 87220, 0x0000000000000004
1791331612,585.16, 585.00, 585.00, 2452, 3435, 13365, 80, 89, 87212, 0x0000000000000004
1791331613,580.00, 585.00, 585.00, 2475, 3435, 13365, 79, 100, 87194, 0x0000000000000004
1791331614,584.97, 585.00, 585.00, 2460, 3435, 13365, 80, 88, 87184, 0x0000000000000004
1791331615,583.64, 585.00, 585.00, 2505, 3435, 13365, 80, 100, 87174, 0x0000000000000004
1791331616,589.00, 585.00, 585.00, 2482, 3435, 13365, 81, 94, 87248, 0x0000000000000004
1791331617,584.61, 585.00, 585.00, 2497, 3435, 13365, 80, 88, 87150, 0x0000000000000004
1791331618,585.74, 585.00, 585.00, 2475, 3435, 13365, 78, 88, 87136, 0x0000000000000004
1791331619,588.08, 585.00, 585.00, 2460, 3435, 13365, 78, 90, 87200, 0x0000000000000004
1791331620,586.02, 585.00, 585.00, 2497, 3435, 13365, 80, 87, 86628, 0x0000000000000004
1791331621,586.48, 585.00, 585.00, 2497, 3435, 13365, 81, 88, 87098, 0x0000000000000004
1791331622,583.23, 585.00, 585.00, 2497, 3435, 13365, 81, 100, 87152, 0x0000000000000004
1791331623,582.44, 585.00, 585.00, 2550, 3435, 13365, 74, 87, 87068, 0x0000000000000004
1791331624,579.00, 585.00, 585.00, 2535, 3435, 13365, 82, 100, 87044, 0x0000000000000004
1791331625,580.17, 585.00, 585.00, 2527, 3435, 13365, 82, 85, 86670, 0x0000000000000004
1791331626,574.94, 585.00, 585.00, 2535, 3435, 13365, 82, 85, 87032, 0x0000000000000004
1791331627,574.14, 585.00, 585.00, 2527, 3435, 13365, 82, 87, 86996, 0x0000000000000004
1791331629,577.04, 585.00, 585.00, 2542, 3435, 13365, 81, 100, 86992, 0x0000000000000004
1791331630,583.74, 585.00, 585.00, 2527, 3435, 13365, 78, 84, 86982, 0x0000000000000004
1791331631,560.89, 585.00, 585.00, 2542, 3435, 13365, 76, 83, 86864, 0x0000000000000004
1791331632,567.10, 585.00, 585.00, 2542, 3435, 13365, 81, 97, 86942, 0x0000000000000004
1791331633,561.14, 585.00, 585.00, 2550, 3435, 13365, 81, 90, 86910, 0x0000000000000004
1791331634,534.10, 585.00, 585.00, 2557, 3435, 13365, 82, 81, 86884, 0x0000000000000004
1791331635,543.55, 585.00, 585.00, 2572, 3435, 13365, 82, 80, 86866, 0x0000000000000004
1791331636,533.16, 585.00, 585.00, 2542, 3435, 13365, 82, 64, 86632, 0x0000000000000004
1791331637,511.18, 585.00, 585.00, 2595, 3435, 13365, 80, 80, 86820, 0x0000000000000004
1791331638,515.27, 585.00, 585.00, 2587, 3435, 13365, 81, 79, 86636, 0x0000000000000004
1791331639,477.41, 585.00, 585.00, 2610, 3435, 13365, 81, 64, 86634, 0x0000000000000004
1791331640,458.21, 585.00, 585.00, 2625, 3435, 13365, 73, 52, 86698, 0x0000000000000004
1791331641,395.62, 585.00, 585.00, 2640, 3435, 13365, 75, 45, 86644, 0x0000000000000004
1791331642,263.62, 585.00, 585.00, 2812, 3435, 13365, 74, 45, 86696, 0x0000000000000000
1791331643,272.46, 585.00, 585.00, 2820, 3435, 13365, 68, 69, 86714, 0x0000000000000000
1791331644,96.21, 585.00, 585.00, 2820, 3435, 13365, 66, 0, 86714, 0x0000000000000000
1791331645,105.22, 585.00, 585.00, 2610, 3435, 13365, 65, 0, 86716, 0x0000000000000004
1791331646,359.10, 585.00, 585.00, 2805, 3435, 13365, 77, 84, 86724, 0x0000000000000000
1791331647,363.10, 585.00, 585.00, 2782, 3435, 13365, 74, 78, 86724, 0x0000000000000000
1791331648,353.45, 585.00, 585.00, 2730, 3435, 13365, 71, 60, 86724, 0x0000000000000000
1791331649,215.93, 585.00, 585.00, 2820, 3435, 13365, 66, 0, 86724, 0x0000000000000000
1791331651,224.26, 585.00, 585.00, 2670, 3435, 13365, 67, 11, 86724, 0x0000000000000000
1791331652,106.17, 585.00, 585.00, 2820, 3435, 13365, 65, 0, 86724, 0x0000000000000000
1791331653,200.72, 585.00, 585.00, 2820, 3435, 13365, 64, 0, 86724, 0x0000000000000000
1791331654,105.90, 585.00, 585.00, 2820, 3435, 13365, 65, 1, 86724, 0x0000000000000000
1791331655,221.81, 585.00, 585.00, 2625, 3435, 13365, 64, 0, 86724, 0x0000000000000000
1791331656,103.09, 585.00, 585.00, 2820, 3435, 13365, 63, 0, 86724, 0x0000000000000000
1791331657,100.21, 585.00, 585.00, 2820, 3435, 13365, 62, 0, 86724, 0x0000000000000000
1791331658,100.21, 585.00, 585.00, 2820, 3435, 13365, 61, 0, 86724, 0x0000000000000000
1791331659,79.37, 585.00, 585.00, 2610, 3435, 13365, 61, 0, 86724, 0x0000000000000000
1791331660,78.89, 585.00, 585.00, 2610, 3435, 13365, 60, 0, 86724, 0x0000000000000000
1791331661,79.24, 585.00, 585.00, 2610, 3435, 13365, 60, 0, 86724, 0x0000000000000000
1791331662,78.86, 585.00, 585.00, 2610, 3435, 13365, 59, 0, 86724, 0x0000000000000000
1791331663,78.34, 585.00, 585.00, 2610, 3435, 13365, 59, 0, 86724, 0x0000000000000000
1791331664,78.08, 585.00, 585.00, 2610, 3435, 13365, 59, 0, 86724, 0x0000000000000000
1791331665,77.70, 585.00, 585.00, 2610, 3435, 13365, 58, 0, 86724, 0x0000000000000000
1791331666,78.11, 585.00, 585.00, 2610, 3435, 13365, 58, 0, 86724, 0x0000000000000000
1791331667,77.95, 585.00, 585.00, 2610, 3435, 13365, 58, 0, 86724, 0x0000000000000000
1791331668,77.59, 585.00, 585.00, 2610, 3435, 13365, 57, 0, 86724, 0x0000000000000000
1791331669,242.58, 585.00, 585.00, 2602, 3435, 13365, 71, 100, 86724, 0x0000000000000004
1791331670,546.29, 585.00, 585.00, 2610, 3435, 13365, 66, 100, 86724, 0x0000000000000004
1791331671,543.18, 585.00, 585.00, 2595, 3435, 13365, 69, 81, 86724, 0x0000000000000004
1791331672,548.30, 585.00, 585.00, 2595, 3435, 13365, 74, 83, 86724, 0x0000000000000004
1791331673,543.89, 585.00, 585.00, 2587, 3435, 13365, 74, 74, 86724, 0x0000000000000000
1791331675,548.12, 585.00, 585.00, 2580, 3435, 13365, 74, 83, 86724, 0x0000000000000000
1791331676,545.79, 585.00, 585.00, 2580, 3435, 13365, 75, 88, 86724, 0x0000000000000004
1791331677,548.54, 585.00, 585.00, 2602, 3435, 13365, 75, 100, 86724, 0x0000000000000004
1791331678,548.04, 585.00, 585.00, 2587, 3435, 13365, 76, 100, 86724, 0x0000000000000004
1791331679,550.16, 585.00, 585.00, 2587, 3435, 13365, 76, 100, 86724, 0x0000000000000004
1791331680,555.53, 585.00, 585.00, 2580, 3435, 13365, 75, 100, 86724, 0x0000000000000004
1791331681,553.72, 585.00, 585.00, 2580, 3435, 13365, 76, 100, 86724, 0x0000000000000004
1791331682,552.55, 585.00, 585.00, 2580, 3435, 13365, 74, 100, 86724, 0x0000000000000004
1791331683,545.14, 585.00, 585.00, 2572, 3435, 13365, 73, 87, 86724, 0x0000000000000004
1791331684,538.86, 585.00, 585.00, 2572, 3435, 13365, 78, 83, 86724, 0x0000000000000000
1791331685,543.49, 585.00, 585.00, 2580, 3435, 13365, 78, 96, 86724, 0x0000000000000004
1791331686,540.70, 585.00, 585.00, 2580, 3435, 13365, 78, 100, 86724, 0x0000000000000004
1791331687,547.54, 585.00, 585.00, 2580, 3435, 13365, 77, 100, 86724, 0x0000000000000004
1791331688,536.79, 585.00, 585.00, 2580, 3435, 13365, 73, 86, 86724, 0x0000000000000004
1791331689,403.28, 585.00, 585.00, 2820, 3435, 13365, 67, 70, 86724, 0x0000000000000000
1791331690,104.56, 585.00, 585.00, 2820, 3435, 14001, 64, 100, 1, 0x0000000000000000
1791331691,101.69, 585.00, 585.00, 2820, 3435, 14001, 63, 0, 1, 0x0000000000000000
1791331692,87.92, 585.00, 585.00, 2062, 3435, 14001, 62, 0, 1, 0x0000000000000000
1791331693,67.64, 585.00, 585.00, 2062, 3435, 14001, 61, 0, 1, 0x0000000000000000
1791331695,45.04, 585.00, 585.00, 525, 3435, 7001, 60, 0, 1, 0x0000000000000000
1791331696,44.70, 585.00, 585.00, 517, 3435, 7001, 59, 0, 1, 0x0000000000000000
1791331697,44.69, 585.00, 585.00, 525, 3435, 7001, 59, 0, 1, 0x0000000000000000
1791331698,19.31, 585.00, 585.00, 525, 3435, 810, 58, 0, 1, 0x0000000000000000
1791331699,18.50, 585.00, 585.00, 525, 3435, 810, 58, 0, 4, 0x0000000000000000
1791331700,38.09, 585.00, 585.00, 2662, 3435, 13365, 58, 1, 25142, 0x0000000000000000
1791331701,81.10, 585.00, 585.00, 2617, 3435, 13365, 58, 25, 27062, 0x0000000000000000
1791331702,82.91, 585.00, 585.00, 2625, 3435, 13365, 58, 0, 27062, 0x0000000000000000
1791331703,78.38, 585.00, 585.00, 2617, 3435, 13365, 57, 0, 24400, 0x0000000000000000
1791331704,161.70, 585.00, 585.00, 2640, 3435, 13365, 67, 99, 27050, 0x0000000000000000
1791331705,540.07, 585.00, 585.00, 2467, 3435, 13365, 66, 1, 27052, 0x0000000000000000
1791331706,90.60, 585.00, 585.00, 2820, 3435, 13365, 58, 0, 25448, 0x0000000000000000
1791331707,399.46, 585.00, 585.00, 2505, 3435, 13365, 72, 100, 26152, 0x0000000000000004
1791331708,590.20, 585.00, 585.00, 2490, 3435, 13365, 72, 100, 26168, 0x0000000000000004
1791331709,585.43, 585.00, 585.00, 2490, 3435, 13365, 73, 100, 26186, 0x0000000000000004
1791331710,590.80, 585.00, 585.00, 2482, 3435, 13365, 74, 100, 25692, 0x0000000000000004
1791331711,590.57, 585.00, 585.00, 2490, 3435, 13365, 75, 100, 26334, 0x0000000000000004
1791331712,590.00, 585.00, 585.00, 2467, 3435, 13365, 76, 100, 26348, 0x0000000000000004
1791331713,582.58, 585.00, 585.00, 2467, 3435, 13365, 76, 87, 26366, 0x0000000000000004
1791331714,588.20, 585.00, 585.00, 2467, 3435, 13365, 76, 100, 26476, 0x0000000000000004
1791331715,579.91, 585.00, 585.00, 2482, 3435, 13365, 76, 93, 26400, 0x0000000000000004
1791331716,583.07, 585.00, 585.00, 2497, 3435, 13365, 77, 100, 26424, 0x0000000000000004
1791331718,576.85, 585.00, 585.00, 2527, 3435, 13365, 77, 87, 26528, 0x0000000000000004
1791331719,585.18, 585.00, 585.00, 2497, 3435, 13365, 78, 100, 25938, 0x0000000000000004
1791331720,569.78, 585.00, 585.00, 2535, 3435, 13365, 78, 73, 26482, 0x0000000000000004
1791331721,579.88, 585.00, 585.00, 2467, 3435, 13365, 78, 100, 26482, 0x0000000000000004
1791331722,586.22, 585.00, 585.00, 2505, 3435, 13365, 78, 100, 26514, 0x0000000000000004
1791331723,584.98, 585.00, 585.00, 2490, 3435, 13365, 78, 93, 26540, 0x0000000000000004
1791331724,577.20, 585.00, 585.00, 2475, 3435, 13365, 79, 88, 26108, 0x0000000000000004
1791331725,567.35, 585.00, 585.00, 2542, 3435, 13365, 74, 100, 26580, 0x0000000000000004
1791331726,578.30, 585.00, 585.00, 2542, 3435, 13365, 80, 86, 26608, 0x0000000000000004
1791331727,583.67, 585.00, 585.00, 2520, 3435, 13365, 80, 89, 26622, 0x0000000000000004
1791331728,581.15, 585.00, 585.00, 2520, 3435, 13365, 80, 98, 26664, 0x0000000000000004
1791331729,562.53, 585.00, 585.00, 2542, 3435, 13365, 80, 86, 26688, 0x0000000000000004
1791331730,577.47, 585.00, 585.00, 2550, 3435, 13365, 76, 85, 26702, 0x0000000000000004
1791331731,574.35, 585.00, 585.00, 2550, 3435, 13365, 81, 100, 26748, 0x0000000000000004
1791331732,564.09, 585.00, 585.00, 2550, 3435, 13365, 80, 100, 26762, 0x0000000000000004
1791331733,559.86, 585.00, 585.00, 2557, 3435, 13365, 81, 82, 26808, 0x0000000000000004
1791331734,560.97, 585.00, 585.00, 2557, 3435, 13365, 81, 81, 26828, 0x0000000000000004
1791331735,546.42, 585.00, 585.00, 2550, 3435, 13365, 81, 81, 26870, 0x0000000000000004
1791331736,534.86, 585.00, 585.00, 2595, 3435, 13365, 81, 81, 26898, 0x0000000000000004
1791331737,539.31, 585.00, 585.00, 2550, 3435, 13365, 80, 80, 26940, 0x0000000000000000
1791331738,515.10, 585.00, 585.00, 2595, 3435, 13365, 80, 79, 26984, 0x0000000000000004
1791331740,513.39, 585.00, 585.00, 2602, 3435, 13365, 80, 78, 27036, 0x0000000000000004
1791331741,479.34, 585.00, 585.00, 2625, 3435, 13365, 74, 60, 26984, 0x0000000000000004
1791331742,440.47, 585.00, 585.00, 2632, 3435, 13365, 78, 58, 27114, 0x0000000000000000
1791331743,333.15, 585.00, 585.00, 2752, 3435, 13365, 73, 54, 27202, 0x0000000000000000
1791331744,249.74, 585.00, 585.00, 2820, 3435, 13365, 68, 50, 27366, 0x0000000000000000
1791331745,119.70, 585.00, 585.00, 2820, 3435, 13365, 66, 0, 27370, 0x0000000000000000
1791331746,353.08, 585.00, 585.00, 2257, 3435, 13365, 79, 51, 87922, 0x0000000000000004
1791331747,386.13, 585.00, 585.00, 2257, 3435, 13365, 67, 89, 86482, 0x0000000000000000
1791331748,535.67, 585.00, 585.00, 2460, 3435, 13365, 80, 100, 87164, 0x0000000000000004
1791331749,585.09, 585.00, 585.00, 2445, 3435, 13365, 81, 100, 87154, 0x0000000000000004
1791331750,586.35, 585.00, 585.00, 2437, 3435, 13365, 81, 100, 87140, 0x0000000000000004
1791331751,588.27, 585.00, 585.00, 2437, 3435, 13365, 81, 100, 87348, 0x0000000000000004
1791331752,585.03, 585.00, 585.00, 2437, 3435, 13365, 82, 100, 87236, 0x0000000000000004
1791331753,587.54, 585.00, 585.00, 2445, 3435, 13365, 82, 100, 86626, 0x0000000000000004
1791331754,588.99, 585.00, 585.00, 2430, 3435, 13365, 77, 88, 87212, 0x0000000000000004
1791331755,583.38, 585.00, 585.00, 2430, 3435, 13365, 82, 100, 86626, 0x0000000000000004
1791331756,579.00, 585.00, 585.00, 2452, 3435, 13365, 82, 88, 87186, 0x0000000000000004
1791331757,583.57, 585.00, 585.00, 2460, 3435, 13365, 83, 100, 87176, 0x0000000000000004
1791331758,579.93, 585.00, 585.00, 2475, 3435, 13365, 82, 88, 87250, 0x0000000000000004
1791331759,579.45, 585.00, 585.00, 2467, 3435, 13365, 83, 100, 87152, 0x0000000000000004
1791331760,588.45, 585.00, 585.00, 2430, 3435, 13365, 82, 100, 87142, 0x0000000000000004
1791331762,584.50, 585.00, 585.00, 2422, 3435, 13365, 82, 100, 87110, 0x0000000000000004
1791331763,584.14, 585.00, 585.00, 2482, 3435, 13365, 82, 100, 87110, 0x0000000000000004
1791331764,591.93, 585.00, 585.00, 2467, 3435, 13365, 83, 100, 87098, 0x0000000000000004
1791331765,584.41, 585.00, 585.00, 2482, 3435, 13365, 83, 87, 87076, 0x0000000000000004
1791331766,575.71, 585.00, 585.00, 2527, 3435, 13365, 84, 87, 87068, 0x0000000000000004
1791331767,584.71, 585.00, 585.00, 2520, 3435, 13365, 84, 94, 87056, 0x0000000000000004
1791331768,586.55, 585.00, 585.00, 2535, 3435, 13365, 77, 100, 87032, 0x0000000000000004
1791331769,584.97, 585.00, 585.00, 2512, 3435, 13365, 80, 90, 87034, 0x0000000000000004
1791331770,574.67, 585.00, 585.00, 2520, 3435, 13365, 83, 98, 87018, 0x0000000000000004
1791331771,568.32, 585.00, 585.00, 2527, 3435, 13365, 85, 100, 86764, 0x0000000000000004
1791331772,577.71, 585.00, 585.00, 2527, 3435, 13365, 83, 84, 86984, 0x0000000000000004
1791331773,576.72, 585.00, 585.00, 2535, 3435, 13365, 79, 83, 86954, 0x0000000000000004
1791331774,566.90, 585.00, 585.00, 2520, 3435, 13365, 84, 82, 86948, 0x0000000000000004
1791331775,572.96, 585.00, 585.00, 2542, 3435, 13365, 79, 99, 86916, 0x0000000000000004
1791331776,550.09, 585.00, 585.00, 2542, 3435, 13365, 82, 99, 86632, 0x0000000000000004
1791331777,533.66, 585.00, 585.00, 2565, 3435, 13365, 84, 76, 86632, 0x0000000000000004
1791331778,528.41, 585.00, 585.00, 2542, 3435, 13365, 79, 80, 86886, 0x0000000000000004
1791331779,518.52, 585.00, 585.00, 2557, 3435, 13365, 78, 71, 86828, 0x0000000000000004
1791331780,504.20, 585.00, 585.00, 2580, 3435, 13365, 79, 69, 86804, 0x0000000000000004
1791331781,475.79, 585.00, 585.00, 2580, 3435, 13365, 77, 60, 86756, 0x0000000000000004
1791331782,446.89, 585.00, 585.00, 2617, 3435, 13365, 81, 65, 86714, 0x0000000000000000
1791331783,383.09, 585.00, 585.00, 2647, 3435, 13365, 79, 52, 86636, 0x0000000000000004
1791331785,301.20, 585.00, 585.00, 2812, 3435, 13365, 74, 40, 86644, 0x0000000000000000
1791331786,305.23, 585.00, 585.00, 2715, 3435, 13365, 78, 71, 86700, 0x0000000000000004
1791331787,129.52, 585.00, 585.00, 2820, 3435, 13365, 68, 0, 86714, 0x0000000000000000
1791331788,96.90, 585.00, 585.00, 2820, 3435, 13365, 68, 0, 86714, 0x0000000000000000
1791331789,200.53, 585.00, 585.00, 2662, 3435, 13365, 74, 38, 86716, 0x0000000000000000
1791331790,149.48, 585.00, 585.00, 2820, 3435, 13365, 67, 0, 86716, 0x0000000000000000
1791331791,149.48, 585.00, 585.00, 2820, 3435, 13365, 66, 0, 86716, 0x0000000000000000
1791331792,80.32, 585.00, 585.00, 2610, 3435, 13365, 65, 0, 86716, 0x0000000000000000
1791331793,80.13, 585.00, 585.00, 2610, 3435, 13365, 64, 0, 86716, 0x0000000000000000
1791331794,79.48, 585.00, 585.00, 2610, 3435, 13365, 64, 0, 86716, 0x0000000000000000
1791331795,79.48, 585.00, 585.00, 2610, 3435, 13365, 64, 0, 86716, 0x0000000000000000
1791331796,79.57, 585.00, 585.00, 2610, 3435, 13365, 63, 0, 86716, 0x0000000000000000
1791331797,79.35, 585.00, 585.00, 2610, 3435, 13365, 62, 0, 86716, 0x0000000000000000
1791331798,79.19, 585.00, 585.00, 2610, 3435, 13365, 62, 0, 86716, 0x0000000000000000
1791331799,78.93, 585.00, 585.00, 2610, 3435, 13365, 62, 0, 86716, 0x0000000000000000
1791331800,78.91, 585.00, 585.00, 2610, 3435, 13365, 61, 0, 86716, 0x0000000000000000
1791331801,79.05, 585.00, 585.00, 2610, 3435, 13365, 61, 0, 86716, 0x0000000000000000
1791331802,204.99, 585.00, 585.00, 2595, 3435, 13365, 74, 0, 86716, 0x0000000000000004
1791331803,564.06, 585.00, 585.00, 2587, 3435, 13365, 76, 100, 86716, 0x0000000000000004
1791331804,564.58, 585.00, 585.00, 2580, 3435, 13365, 76, 100, 86716, 0x0000000000000004
1791331805,558.49, 585.00, 585.00, 2587, 3435, 13365, 77, 100, 86716, 0x0000000000000004
1791331807,554.81, 585.00, 585.00, 2580, 3435, 13365, 74, 100, 86716, 0x0000000000000004
1791331808,560.78, 585.00, 585.00, 2572, 3435, 13365, 74, 100, 86716, 0x0000000000000004
1791331809,558.10, 585.00, 585.00, 2572, 3435, 13365, 73, 91, 86716, 0x0000000000000004
1791331810,543.75, 585.00, 585.00, 2572, 3435, 13365, 79, 81, 86716, 0x0000000000000004
1791331811,551.99, 585.00, 585.00, 2565, 3435, 13365, 79, 80, 86716, 0x0000000000000004
1791331812,559.94, 585.00, 585.00, 2572, 3435, 13365, 79, 94, 86716, 0x0000000000000004
1791331813,557.25, 585.00, 585.00, 2580, 3435, 13365, 79, 100, 86716, 0x0000000000000004
1791331814,560.87, 585.00, 585.00, 2565, 3435, 13365, 79, 100, 86716, 0x0000000000000004
1791331815,564.17, 585.00, 585.00, 2565, 3435, 13365, 80, 100, 86716, 0x0000000000000004
1791331816,559.52, 585.00, 585.00, 2565, 3435, 13365, 79, 100, 86716, 0x0000000000000004
1791331817,562.39, 585.00, 585.00, 2565, 3435, 13365, 79, 100, 86716, 0x0000000000000004
1791331818,561.42, 585.00, 585.00, 2565, 3435, 13365, 78, 100, 86716, 0x0000000000000004
1791331819,553.82, 585.00, 585.00, 2572, 3435, 13365, 76, 89, 86716, 0x0000000000000004
1791331820,548.89, 585.00, 585.00, 2565, 3435, 13365, 80, 81, 86716, 0x0000000000000000
1791331821,560.61, 585.00, 585.00, 2550, 3435, 13365, 80, 85, 86716, 0x0000000000000004
1791331822,449.56, 585.00, 585.00, 2812, 3435, 13365, 72, 100, 86716, 0x0000000000000000
1791331823,107.59, 585.00, 585.00, 2820, 3435, 14001, 66, 34, 1, 0x0000000000000000
1791331824,102.99, 585.00, 585.00, 2820, 3435, 14001, 65, 0, 1, 0x0000000000000000
1791331826,86.94, 585.00, 585.00, 2092, 3435, 14001, 64, 0, 1, 0x0000000000000000
1791331827,69.43, 585.00, 585.00, 525, 3435, 7001, 63, 0, 1, 0x0000000000000000
1791331828,48.23, 585.00, 585.00, 525, 3435, 7001, 62, 0, 1, 0x0000000000000000
1791331829,47.50, 585.00, 585.00, 525, 3435, 7001, 62, 0, 1, 0x0000000000000000
1791331830,46.59, 585.00, 585.00, 525, 3435, 7001, 61, 0, 1, 0x0000000000000000
1791331831,46.05, 585.00, 585.00, 525, 3435, 810, 61, 0, 1, 0x0000000000000000
1791331832,22.74, 585.00, 585.00, 525, 3435, 810, 60, 0, 1, 0x0000000000000000
1791331833,30.48, 585.00, 585.00, 2617, 3435, 13365, 60, 0, 4050, 0x0000000000000000
1791331834,84.39, 585.00, 585.00, 2625, 3435, 13365, 60, 30, 10672, 0x0000000000000000
1791331835,90.48, 585.00, 585.00, 2632, 3435, 13365, 60, 25, 17236, 0x0000000000000000
1791331836,89.75, 585.00, 585.00, 2632, 3435, 13365, 59, 26, 23926, 0x0000000000000000
1791331837,90.07, 585.00, 585.00, 2632, 3435, 13365, 59, 27, 30142, 0x0000000000000000
1791331838,82.41, 585.00, 585.00, 2610, 3435, 13365, 58, 0, 31434, 0x0000000000000000
1791331839,87.06, 585.00, 585.00, 2632, 3435, 13365, 58, 25, 36600, 0x0000000000000000
1791331840,79.14, 585.00, 585.00, 2610, 3435, 13365, 58, 0, 32348, 0x0000000000000000
1791331841,280.69, 585.00, 585.00, 2490, 3435, 13365, 71, 0, 36650, 0x0000000000000004
1791331842,512.93, 585.00, 585.00, 2235, 3435, 13365, 72, 100, 36650, 0x0000000000000004
1791331843,231.97, 585.00, 585.00, 2820, 3435, 13365, 59, 0, 32444, 0x0000000000000000
1791331844,173.46, 585.00, 585.00, 2602, 3435, 13365, 71, 0, 34186, 0x0000000000000004
1791331845,580.94, 585.00, 585.00, 2325, 3435, 13365, 73, 100, 35410, 0x0000000000000004
1791331846,575.04, 585.00, 585.00, 2445, 3435, 13365, 75, 84, 35340, 0x0000000000000004
1791331847,581.15, 585.00, 585.00, 2332, 3435, 13365, 75, 100, 35342, 0x0000000000000004
1791331849,580.22, 585.00, 585.00, 2437, 3435, 13365, 75, 83, 35440, 0x0000000000000004
1791331850,572.48, 585.00, 585.00, 2355, 3435, 13365, 75, 100, 35370, 0x0000000000000004
1791331851,579.99, 585.00, 585.00, 2422, 3435, 13365, 76, 100, 35374, 0x0000000000000004
1791331852,579.43, 585.00, 585.00, 2445, 3435, 13365, 77, 100, 35464, 0x0000000000000004
1791331853,576.08, 585.00, 585.00, 2407, 3435, 13365, 77, 93, 35402, 0x0000000000000004
1791331854,586.20, 585.00, 585.00, 2325, 3435, 13365, 72, 100, 35486, 0x0000000000000004
1791331855,578.90, 585.00, 585.00, 2422, 3435, 13365, 77, 100, 35430, 0x0000000000000004
1791331856,577.82, 585.00, 585.00, 2437, 3435, 13365, 78, 100, 35442, 0x0000000000000004
1791331857,572.34, 585.00, 585.00, 2392, 3435, 13365, 78, 82, 35504, 0x0000000000000004
1791331858,576.59, 585.00, 585.00, 2340, 3435, 13365, 73, 99, 35464, 0x0000000000000004
1791331859,577.90, 585.00, 585.00, 2392, 3435, 13365, 78, 100, 35474, 0x0000000000000004
1791331860,576.04, 585.00, 585.00, 2430, 3435, 13365, 78, 100, 35560, 0x0000000000000004
1791331861,575.29, 585.00, 585.00, 2430, 3435, 13365, 80, 100, 35500, 0x0000000000000004
1791331862,577.42, 585.00, 585.00, 2347, 3435, 13365, 79, 100, 35308, 0x0000000000000004
1791331863,585.28, 585.00, 585.00, 2415, 3435, 13365, 80, 100, 35524, 0x0000000000000004
1791331864,581.08, 585.00, 585.00, 2340, 3435, 13365, 75, 100, 35540, 0x0000000000000004
1791331865,576.27, 585.00, 585.00, 2347, 3435, 13365, 77, 100, 35620, 0x0000000000000004
1791331866,571.30, 585.00, 585.00, 2377, 3435, 13365, 80, 100, 35566, 0x0000000000000004
1791331867,582.69, 585.00, 585.00, 2385, 3435, 13365, 81, 100, 35644, 0x0000000000000004
1791331868,573.13, 585.00, 585.00, 2422, 3435, 13365, 81, 100, 35594, 0x0000000000000004
1791331870,576.87, 585.00, 585.00, 2437, 3435, 13365, 81, 83, 35610, 0x0000000000000004
1791331871,575.41, 585.00, 585.00, 2355, 3435, 13365, 75, 89, 35684, 0x0000000000000004
1791331872,567.15, 585.00, 585.00, 2400, 3435, 13365, 82, 100, 35638, 0x0000000000000004
1791331873,575.49, 585.00, 585.00, 2362, 3435, 13365, 82, 93, 35714, 0x0000000000000004
1791331874,571.02, 585.00, 585.00, 2407, 3435, 13365, 81, 100, 34946, 0x0000000000000004
1791331875,573.37, 585.00, 585.00, 2392, 3435, 13365, 83, 88, 35738, 0x0000000000000004
1791331876,578.07, 585.00, 585.00, 2400, 3435, 13365, 75, 92, 35700, 0x0000000000000004
1791331877,576.50, 585.00, 585.00, 2415, 3435, 13365, 82, 100, 35770, 0x0000000000000004
1791331878,571.59, 585.00, 585.00, 2415, 3435, 13365, 83, 100, 35734, 0x0000000000000004
1791331879,567.86, 585.00, 585.00, 2407, 3435, 13365, 83, 82, 35800, 0x0000000000000004
1791331880,560.70, 585.00, 585.00, 2415, 3435, 13365, 82, 82, 35770, 0x0000000000000000
1791331881,559.99, 585.00, 585.00, 2415, 3435, 13365, 81, 81, 35828, 0x0000000000000004
1791331882,557.03, 585.00, 585.00, 2407, 3435, 13365, 82, 82, 35802, 0x0000000000000000
1791331883,569.74, 585.00, 585.00, 2415, 3435, 13365, 84, 82, 35862, 0x0000000000000004
1791331884,579.70, 585.00, 585.00, 2407, 3435, 13365, 81, 100, 35844, 0x0000000000000004
1791331885,569.59, 585.00, 585.00, 2415, 3435, 13365, 84, 62, 35332, 0x0000000000000004
1791331886,563.08, 585.00, 585.00, 2422, 3435, 13365, 83, 100, 35868, 0x0000000000000004
1791331887,552.52, 585.00, 585.00, 2452, 3435, 13365, 82, 100, 35412, 0x0000000000000004
1791331888,558.93, 585.00, 585.00, 2430, 3435, 13365, 81, 100, 35956, 0x0000000000000004
1791331889,548.17, 585.00, 585.00, 2460, 3435, 13365, 82, 100, 35944, 0x0000000000000004
1791331890,564.43, 585.00, 585.00, 2392, 3435, 13365, 84, 100, 35972, 0x0000000000000004
1791331892,563.98, 585.00, 585.00, 2475, 3435, 13365, 84, 77, 35996, 0x0000000000000004
1791331893,545.51, 585.00, 585.00, 2482, 3435, 13365, 83, 75, 36054, 0x0000000000000004
1791331894,538.95, 585.00, 585.00, 2497, 3435, 13365, 84, 71, 36066, 0x0000000000000004
1791331895,533.08, 585.00, 585.00, 2445, 3435, 13365, 80, 77, 35762, 0x0000000000000004
1791331896,503.88, 585.00, 585.00, 2475, 3435, 13365, 82, 74, 35822, 0x0000000000000004
1791331897,511.34, 585.00, 585.00, 2505, 3435, 13365, 83, 72, 35894, 0x0000000000000004
1791331898,497.89, 585.00, 585.00, 2520, 3435, 13365, 76, 87, 36176, 0x0000000000000004
1791331899,468.66, 585.00, 585.00, 2527, 3435, 13365, 77, 79, 36036, 0x0000000000000004
1791331900,419.14, 585.00, 585.00, 2565, 3435, 13365, 77, 71, 36246, 0x0000000000000004
1791331901,400.51, 585.00, 585.00, 2655, 3435, 13365, 74, 52, 36240, 0x0000000000000004
1791331902,350.55, 585.00, 585.00, 2692, 3435, 13365, 75, 38, 36356, 0x0000000000000000
1791331903,286.17, 585.00, 585.00, 2805, 3435, 13365, 73, 34, 36514, 0x0000000000000000
1791331904,234.96, 585.00, 585.00, 2805, 3435, 13365, 68, 0, 36542, 0x0000000000000000
1791331905,102.94, 585.00, 585.00, 2820, 3435, 13365, 68, 0, 88698, 0x0000000000000000
1791331906,585.04, 585.00, 585.00, 2212, 3435, 13365, 82, 100, 88698, 0x0000000000000004
1791331907,372.10, 585.00, 585.00, 2212, 3435, 13365, 81, 0, 85814, 0x0000000000000004
1791331908,570.72, 585.00, 585.00, 2302, 3435, 13365, 81, 100, 87014, 0x0000000000000004
1791331909,591.55, 585.00, 585.00, 2400, 3435, 13365, 83, 100, 86920, 0x0000000000000004
1791331910,589.47, 585.00, 585.00, 2332, 3435, 13365, 77, 100, 86906, 0x0000000000000004
1791331911,583.55, 585.00, 585.00, 2385, 3435, 13365, 83, 87, 86980, 0x0000000000000004
1791331912,577.27, 585.00, 585.00, 2272, 3435, 13365, 82, 100, 86886, 0x0000000000000004
1791331913,584.22, 585.00, 585.00, 2392, 3435, 13365, 84, 100, 86870, 0x0000000000000004
1791331915,579.04, 585.00, 585.00, 2340, 3435, 13365, 84, 100, 86938, 0x0000000000000004
1791331916,584.38, 585.00, 585.00, 2392, 3435, 13365, 84, 100, 86854, 0x0000000000000004
1791331917,583.42, 585.00, 585.00, 2385, 3435, 13365, 84, 86, 86842, 0x0000000000000004
1791331918,576.73, 585.00, 585.00, 2317, 3435, 13365, 83, 100, 86906, 0x0000000000000004
1791331919,584.64, 585.00, 585.00, 2332, 3435, 13365, 84, 86, 86820, 0x0000000000000004
1791331920,584.15, 585.00, 585.00, 2332, 3435, 13365, 84, 100, 85856, 0x0000000000000004
1791331921,583.12, 585.00, 585.00, 2400, 3435, 13365, 85, 100, 86872, 0x0000000000000004
1791331922,580.81, 585.00, 585.00, 2392, 3435, 13365, 85, 100, 86782, 0x0000000000000004
1791331923,577.52, 585.00, 585.00, 2340, 3435, 13365, 85, 85, 86842, 0x0000000000000004
1791331924,580.76, 585.00, 585.00, 2392, 3435, 13365, 78, 95, 86760, 0x0000000000000004
1791331925,582.64, 585.00, 585.00, 2325, 3435, 13365, 85, 100, 86752, 0x0000000000000004
1791331926,584.09, 585.00, 585.00, 2325, 3435, 13365, 85, 100, 86800, 0x0000000000000004
1791331927,586.74, 585.00, 585.00, 2355, 3435, 13365, 85, 100, 85858, 0x0000000000000004
1791331928,584.93, 585.00, 585.00, 2332, 3435, 13365, 85, 100, 86770, 0x0000000000000004
1791331929,585.88, 585.00, 585.00, 2317, 3435, 13365, 85, 100, 86694, 0x0000000000000004
1791331930,590.88, 585.00, 585.00, 2392, 3435, 13365, 85, 93, 86680, 0x0000000000000004
1791331931,581.33, 585.00, 585.00, 2407, 3435, 13365, 85, 85, 85858, 0x0000000000000004
1791331932,575.16, 585.00, 585.00, 2362, 3435, 13365, 85, 78, 86652, 0x0000000000000004
1791331933,570.95, 585.00, 585.00, 2362, 3435, 13365, 85, 100, 86702, 0x0000000000000004
1791331934,575.97, 585.00, 585.00, 2385, 3435, 13365, 86, 100, 86622, 0x0000000000000004
1791331935,572.94, 585.00, 585.00, 2355, 3435, 13365, 85, 85, 86606, 0x0000000000000004
1791331936,577.94, 585.00, 585.00, 2340, 3435, 13365, 86, 100, 86592, 0x0000000000000004
1791331937,584.34, 585.00, 585.00, 2377, 3435, 13365, 86, 98, 86578, 0x0000000000000004
1791331939,581.87, 585.00, 585.00, 2362, 3435, 13365, 87, 100, 86622, 0x0000000000000004
1791331940,582.75, 585.00, 585.00, 2370, 3435, 13365, 81, 84, 86550, 0x0000000000000004
1791331941,582.19, 585.00, 585.00, 2385, 3435, 13365, 86, 100, 86582, 0x0000000000000004
1791331942,575.09, 585.00, 585.00, 2377, 3435, 13365, 87, 100, 86516, 0x0000000000000004
1791331943,574.84, 585.00, 585.00, 2385, 3435, 13365, 86, 85, 86548, 0x0000000000000004
1791331944,574.59, 585.00, 585.00, 2385, 3435, 13365, 85, 84, 86484, 0x0000000000000004
1791331945,563.98, 585.00, 585.00, 2385, 3435, 13365, 86, 83, 86512, 0x0000000000000004
1791331946,571.30, 585.00, 585.00, 2385, 3435, 13365, 86, 82, 86444, 0x0000000000000004
1791331947,586.11, 585.00, 585.00, 2362, 3435, 13365, 87, 100, 86426, 0x0000000000000004
1791331948,578.93, 585.00, 585.00, 2400, 3435, 13365, 85, 81, 86446, 0x0000000000000004
1791331949,571.96, 585.00, 585.00, 2392, 3435, 13365, 87, 100, 86390, 0x0000000000000004
1791331950,569.65, 585.00, 585.00, 2392, 3435, 13365, 87, 75, 86398, 0x0000000000000004
1791331951,551.93, 585.00, 585.00, 2445, 3435, 13365, 86, 78, 86336, 0x0000000000000004
1791331952,549.03, 585.00, 585.00, 2400, 3435, 13365, 80, 70, 86320, 0x0000000000000004
1791331953,547.64, 585.00, 585.00, 2415, 3435, 13365, 84, 79, 86332, 0x0000000000000004
1791331954,554.98, 585.00, 585.00, 2452, 3435, 13365, 87, 91, 86270, 0x0000000000000004
1791331955,545.85, 585.00, 585.00, 2460, 3435, 13365, 86, 75, 86254, 0x0000000000000004
1791331956,540.21, 585.00, 585.00, 2482, 3435, 13365, 85, 75, 85864, 0x0000000000000000
1791331957,537.01, 585.00, 585.00, 2482, 3435, 13365, 86, 74, 86218, 0x0000000000000004
1791331958,521.26, 585.00, 585.00, 2430, 3435, 13365, 82, 77, 86164, 0x0000000000000004
1791331959,490.47, 585.00, 585.00, 2482, 3435, 13365, 85, 74, 86142, 0x0000000000000004
1791331960,499.99, 585.00, 585.00, 2505, 3435, 13365, 85, 73, 86098, 0x0000000000000000
1791331961,489.95, 585.00, 585.00, 2520, 3435, 13365, 85, 64, 86056, 0x0000000000000004
1791331963,457.95, 585.00, 585.00, 2565, 3435, 13365, 82, 75, 85868, 0x0000000000000004
1791331964,426.77, 585.00, 585.00, 2520, 3435, 13365, 77, 75, 85868, 0x0000000000000004
1791331965,398.20, 585.00, 585.00, 2662, 3435, 13365, 78, 67, 85868, 0x0000000000000004
1791331966,335.64, 585.00, 585.00, 2745, 3435, 13365, 75, 49, 85872, 0x0000000000000000
1791331967,230.79, 585.00, 585.00, 2820, 3435, 13365, 72, 44, 85876, 0x0000000000000000
1791331968,416.46, 585.00, 585.00, 2707, 3435, 13365, 79, 66, 85924, 0x0000000000000004
1791331969,364.93, 585.00, 585.00, 2820, 3435, 13365, 70, 0, 85954, 0x0000000000000000
1791331970,97.99, 585.00, 585.00, 2820, 3435, 13365, 69, 0, 85954, 0x0000000000000000
1791331971,127.59, 585.00, 585.00, 2737, 3435, 13365, 69, 0, 85956, 0x0000000000000000
1791331972,504.76, 585.00, 585.00, 2692, 3435, 13365, 71, 26, 85956, 0x0000000000000000
1791331973,469.02, 585.00, 585.00, 2595, 3435, 13365, 72, 52, 85964, 0x0000000000000000
1791331974,485.25, 585.00, 585.00, 2452, 3435, 13365, 74, 71, 85964, 0x0000000000000000
1791331975,491.80, 585.00, 585.00, 2497, 3435, 13365, 76, 85, 85964, 0x0000000000000000
1791331976,488.27, 585.00, 585.00, 2452, 3435, 13365, 78, 87, 85964, 0x0000000000000004
1791331977,491.98, 585.00, 585.00, 2445, 3435, 13365, 83, 100, 85964, 0x0000000000000004
1791331978,390.74, 585.00, 585.00, 2820, 3435, 13365, 70, 100, 85964, 0x0000000000000000
1791331979,373.70, 585.00, 585.00, 2482, 3435, 13365, 81, 95, 85964, 0x0000000000000004
1791331980,245.67, 585.00, 585.00, 2820, 3435, 13365, 69, 0, 85964, 0x0000000000000000
1791331981,480.99, 585.00, 585.00, 2692, 3435, 13365, 71, 91, 85964, 0x0000000000000000
1791331982,255.80, 585.00, 585.00, 2467, 3435, 13365, 81, 57, 85964, 0x0000000000000004
1791331983,460.09, 585.00, 585.00, 2497, 3435, 13365, 69, 55, 85964, 0x0000000000000000
1791331984,446.87, 585.00, 585.00, 2467, 3435, 13365, 82, 100, 85964, 0x0000000000000004
1791331986,389.39, 585.00, 585.00, 2820, 3435, 13365, 68, 0, 85964, 0x0000000000000000
1791331987,113.42, 585.00, 585.00, 2820, 3435, 13365, 67, 0, 85964, 0x0000000000000000
1791331988,87.04, 585.00, 585.00, 2610, 3435, 13365, 66, 0, 85964, 0x0000000000000000
1791331989,81.14, 585.00, 585.00, 2610, 3435, 13365, 66, 0, 85964, 0x0000000000000000
1791331990,179.59, 585.00, 585.00, 2482, 3435, 13365, 77, 100, 85964, 0x0000000000000004
1791331991,583.13, 585.00, 585.00, 2482, 3435, 13365, 81, 100, 85964, 0x0000000000000004
1791331992,583.61, 585.00, 585.00, 2460, 3435, 13365, 80, 91, 85964, 0x0000000000000004
1791331993,582.90, 585.00, 585.00, 2482, 3435, 13365, 79, 100, 85964, 0x0000000000000004
1791331994,583.10, 585.00, 585.00, 2460, 3435, 13365, 81, 96, 85964, 0x0000000000000004
1791331995,581.57, 585.00, 585.00, 2475, 3435, 13365, 81, 100, 85964, 0x0000000000000004
1791331996,580.84, 585.00, 585.00, 2467, 3435, 13365, 80, 92, 85964, 0x0000000000000004
1791331997,580.88, 585.00, 585.00, 2475, 3435, 13365, 82, 100, 85964, 0x0000000000000004
1791331998,583.09, 585.00, 585.00, 2467, 3435, 13365, 82, 94, 85964, 0x0000000000000004
1791331999,585.95, 585.00, 585.00, 2460, 3435, 13365, 81, 100, 85964, 0x0000000000000004
1791332000,578.44, 585.00, 585.00, 2482, 3435, 13365, 83, 95, 85964, 0x0000000000000004
1791332001,579.39, 585.00, 585.00, 2460, 3435, 13365, 81, 100, 85964, 0x0000000000000004
1791332002,584.84, 585.00, 585.00, 2460, 3435, 13365, 82, 100, 85964, 0x0000000000000004
1791332003,582.17, 585.00, 585.00, 2452, 3435, 13365, 83, 100, 85964, 0x0000000000000004
1791332004,581.95, 585.00, 585.00, 2467, 3435, 13365, 83, 100, 85964, 0x0000000000000004
1791332006,576.03, 585.00, 585.00, 2460, 3435, 13365, 81, 100, 85964, 0x0000000000000004
1791332007,584.61, 585.00, 585.00, 2482, 3435, 13365, 84, 100, 85964, 0x0000000000000004
1791332008,584.79, 585.00, 585.00, 2452, 3435, 13365, 84, 100, 85964, 0x0000000000000004
1791332009,577.48, 585.00, 585.00, 2475, 3435, 13365, 84, 100, 85964, 0x0000000000000004
1791332010,576.68, 585.00, 585.00, 2460, 3435, 13365, 85, 100, 85964, 0x0000000000000004
1791332011,586.09, 585.00, 585.00, 2445, 3435, 13365, 83, 100, 85964, 0x0000000000000004
1791332012,577.99, 585.00, 585.00, 2437, 3435, 13365, 84, 88, 85964, 0x0000000000000004
1791332013,568.16, 585.00, 585.00, 2527, 3435, 13365, 85, 100, 85964, 0x0000000000000004
1791332014,576.52, 585.00, 585.00, 2430, 3435, 13365, 80, 100, 85964, 0x0000000000000004
1791332015,574.32, 585.00, 585.00, 2467, 3435, 13365, 85, 100, 85964, 0x0000000000000004
1791332016,575.91, 585.00, 585.00, 2445, 3435, 13365, 85, 100, 85964, 0x0000000000000004
1791332017,577.71, 585.00, 585.00, 2437, 3435, 13365, 74, 4, 1, 0x0000000000000000
1791332018,115.06, 585.00, 585.00, 2820, 3435, 14001, 70, 0, 1, 0x0000000000000000
1791332019,92.74, 585.00, 585.00, 2820, 3435, 14001, 68, 0, 1, 0x0000000000000000
1791332020,74.60, 585.00, 585.00, 525, 3435, 7001, 67, 0, 1, 0x0000000000000000
1791332021,51.04, 585.00, 585.00, 525, 3435, 7001, 66, 0, 1, 0x0000000000000000
1791332022,50.25, 585.00, 585.00, 525, 3435, 7001, 66, 0, 1, 0x0000000000000000
1791332023,49.09, 585.00, 585.00, 525, 3435, 7001, 65, 0, 1, 0x0000000000000000
1791332024,49.09, 585.00, 585.00, 525, 3435, 7001, 64, 0, 1, 0x0000000000000000
1791332026,22.77, 585.00, 585.00, 525, 3435, 810, 63, 0, 1, 0x0000000000000000
1791332027,19.83, 585.00, 585.00, 525, 3435, 405, 63, 0, 24, 0x0000000000000000
1791332028,57.26, 585.00, 585.00, 2670, 3435, 13365, 63, 2, 7764, 0x0000000000000000
1791332029,88.93, 585.00, 585.00, 2632, 3435, 13365, 63, 20, 14128, 0x0000000000000000
1791332030,91.89, 585.00, 585.00, 2632, 3435, 13365, 63, 27, 20804, 0x0000000000000000
1791332031,92.27, 585.00, 585.00, 2632, 3435, 13365, 62, 27, 27494, 0x0000000000000000
1791332032,87.02, 585.00, 585.00, 2610, 3435, 13365, 62, 0, 30142, 0x0000000000000000
1791332033,87.52, 585.00, 585.00, 2632, 3435, 13365, 61, 25, 36600, 0x0000000000000000
1791332034,89.58, 585.00, 585.00, 2625, 3435, 13365, 61, 0, 32348, 0x0000000000000000
1791332035,79.68, 585.00, 585.00, 2617, 3435, 13365, 60, 0, 36650, 0x0000000000000000
1791332036,278.04, 585.00, 585.00, 2520, 3435, 13365, 75, 100, 36650, 0x0000000000000004
1791332037,457.70, 585.00, 585.00, 2820, 3435, 13365, 63, 0, 36662, 0x0000000000000000
1791332038,91.46, 585.00, 585.00, 2820, 3435, 13365, 62, 0, 34186, 0x0000000000000000
1791332039,409.30, 585.00, 585.00, 2437, 3435, 13365, 76, 100, 35402, 0x0000000000000004
1791332040,575.16, 585.00, 585.00, 2430, 3435, 13365, 77, 84, 35332, 0x0000000000000004
1791332041,587.55, 585.00, 585.00, 2430, 3435, 13365, 77, 100, 35342, 0x0000000000000004
1791332042,580.03, 585.00, 585.00, 2422, 3435, 13365, 78, 84, 35436, 0x0000000000000004
1791332043,584.40, 585.00, 585.00, 2287, 3435, 13365, 72, 100, 35362, 0x0000000000000004
1791332044,580.57, 585.00, 585.00, 2430, 3435, 13365, 79, 90, 35374, 0x0000000000000004
1791332045,574.27, 585.00, 585.00, 2362, 3435, 13365, 79, 100, 35466, 0x0000000000000004
1791332046,570.40, 585.00, 585.00, 2370, 3435, 13365, 79, 100, 35400, 0x0000000000000004
1791332047,578.48, 585.00, 585.00, 2422, 3435, 13365, 79, 83, 35412, 0x0000000000000004
1791332049,572.26, 585.00, 585.00, 2340, 3435, 13365, 79, 100, 35504, 0x0000000000000004
1791332050,579.22, 585.00, 585.00, 2370, 3435, 13365, 80, 100, 35434, 0x0000000000000004
1791332051,578.02, 585.00, 585.00, 2430, 3435, 13365, 80, 81, 35438, 0x0000000000000004
1791332052,572.79, 585.00, 585.00, 2400, 3435, 13365, 81, 100, 35536, 0x0000000000000004
1791332053,576.43, 585.00, 585.00, 2332, 3435, 13365, 80, 100, 35470, 0x0000000000000004
1791332054,574.28, 585.00, 585.00, 2392, 3435, 13365, 81, 87, 35554, 0x0000000000000004
1791332055,567.99, 585.00, 585.00, 2370, 3435, 13365, 81, 82, 35496, 0x0000000000000004
1791332056,579.07, 585.00, 585.00, 2340, 3435, 13365, 79, 84, 35514, 0x0000000000000004
1791332057,577.93, 585.00, 585.00, 2302, 3435, 13365, 75, 92, 35586, 0x0000000000000004
1791332058,581.33, 585.00, 585.00, 2407, 3435, 13365, 77, 90, 35532, 0x0000000000000004
1791332059,576.89, 585.00, 585.00, 2325, 3435, 13365, 79, 87, 34700, 0x0000000000000004
1791332060,575.20, 585.00, 585.00, 2362, 3435, 13365, 81, 83, 35564, 0x0000000000000000
1791332061,572.91, 585.00, 585.00, 2370, 3435, 13365, 82, 84, 35576, 0x0000000000000004
1791332062,581.33, 585.00, 585.00, 2400, 3435, 13365, 82, 100, 35650, 0x0000000000000004
1791332063,577.72, 585.00, 585.00, 2347, 3435, 13365, 83, 100, 35608, 0x0000000000000004
1791332064,579.48, 585.00, 585.00, 2407, 3435, 13365, 83, 100, 35682, 0x0000000000000004
1791332065,582.48, 585.00, 585.00, 2415, 3435, 13365, 83, 82, 34870, 0x0000000000000004
1791332066,568.68, 585.00, 585.00, 2355, 3435, 13365, 79, 94, 35642, 0x0000000000000004
1791332067,577.70, 585.00, 585.00, 2392, 3435, 13365, 83, 100, 35660, 0x0000000000000004
1791332068,584.07, 585.00, 585.00, 2392, 3435, 13365, 77, 70, 35672, 0x0000000000000004
1791332069,573.98, 585.00, 585.00, 2400, 3435, 13365, 84, 100, 35750, 0x0000000000000004
1791332070,569.58, 585.00, 585.00, 2377, 3435, 13365, 83, 81, 35712, 0x0000000000000004
1791332071,577.36, 585.00, 585.00, 2407, 3435, 13365, 84, 100, 35238, 0x0000000000000004
1791332073,567.57, 585.00, 585.00, 2407, 3435, 13365, 84, 100, 35082, 0x0000000000000004
1791332074,568.03, 585.00, 585.00, 2407, 3435, 13365, 84, 94, 35118, 0x0000000000000004
1791332075,566.35, 585.00, 585.00, 2415, 3435, 13365, 84, 79, 35152, 0x0000000000000004
1791332076,567.64, 585.00, 585.00, 2400, 3435, 13365, 84, 83, 35838, 0x0000000000000000
1791332077,568.09, 585.00, 585.00, 2407, 3435, 13365, 84, 81, 35810, 0x0000000000000004
1791332078,574.26, 585.00, 585.00, 2385, 3435, 13365, 84, 100, 35828, 0x0000000000000004
1791332079,569.01, 585.00, 585.00, 2407, 3435, 13365, 84, 80, 35842, 0x0000000000000004
1791332080,570.19, 585.00, 585.00, 2400, 3435, 13365, 85, 100, 35870, 0x0000000000000004
1791332081,559.56, 585.00, 585.00, 2415, 3435, 13365, 85, 93, 35922, 0x0000000000000004
1791332082,561.66, 585.00, 585.00, 2422, 3435, 13365, 85, 78, 35908, 0x0000000000000004
1791332083,553.97, 585.00, 585.00, 2430, 3435, 13365, 84, 77, 35472, 0x0000000000000004
1791332084,554.59, 585.00, 585.00, 2422, 3435, 13365, 86, 80, 35984, 0x0000000000000004
1791332085,556.93, 585.00, 585.00, 2407, 3435, 13365, 84, 77, 35970, 0x0000000000000004
1791332086,556.93, 585.00, 585.00, 2407, 3435, 13365, 79, 100, 36008, 0x0000000000000004
1791332087,548.01, 585.00, 585.00, 2437, 3435, 13365, 85, 100, 36036, 0x0000000000000004
1791332088,526.65, 585.00, 585.00, 2452, 3435, 13365, 81, 100, 36078, 0x0000000000000004
1791332089,517.95, 585.00, 585.00, 2482, 3435, 13365, 84, 74, 36084, 0x0000000000000004
1791332090,491.10, 585.00, 585.00, 2490, 3435, 13365, 84, 89, 36122, 0x0000000000000004
1791332091,501.78, 585.00, 585.00, 2490, 3435, 13365, 83, 73, 36146, 0x0000000000000004
1791332092,495.60, 585.00, 585.00, 2520, 3435, 13365, 83, 73, 36180, 0x0000000000000004
1791332094,453.29, 585.00, 585.00, 2512, 3435, 13365, 82, 77, 36082, 0x0000000000000004
1791332095,421.40, 585.00, 585.00, 2557, 3435, 13365, 76, 72, 36276, 0x0000000000000004
1791332096,383.69, 585.00, 585.00, 2670, 3435, 13365, 79, 59, 36286, 0x0000000000000000
1791332097,352.99, 585.00, 585.00, 2700, 3435, 13365, 76, 58, 36420, 0x0000000000000004
1791332098,238.84, 585.00, 585.00, 2737, 3435, 13365, 71, 6, 36542, 0x0000000000000000
1791332099,133.86, 585.00, 585.00, 2820, 3435, 13365, 69, 0, 34762, 0x0000000000000000
1791332100,411.05, 585.00, 585.00, 2227, 3435, 13365, 81, 100, 88698, 0x0000000000000004
1791332101,579.70, 585.00, 585.00, 2250, 3435, 13365, 78, 88, 88702, 0x0000000000000004
1791332102,403.55, 585.00, 585.00, 2820, 3435, 13365, 75, 81, 87018, 0x0000000000000004
1791332103,526.91, 585.00, 585.00, 2355, 3435, 13365, 84, 100, 86924, 0x0000000000000004
1791332104,589.17, 585.00, 585.00, 2287, 3435, 13365, 83, 100, 86920, 0x0000000000000004
1791332105,576.18, 585.00, 585.00, 2377, 3435, 13365, 84, 100, 86988, 0x0000000000000004
1791332106,594.68, 585.00, 585.00, 2272, 3435, 13365, 84, 100, 86980, 0x0000000000000004
1791332107,582.34, 585.00, 585.00, 2377, 3435, 13365, 84, 100, 86882, 0x0000000000000004
1791332108,582.83, 585.00, 585.00, 2392, 3435, 13365, 84, 100, 86946, 0x0000000000000004
1791332109,590.89, 585.00, 585.00, 2310, 3435, 13365, 84, 100, 86854, 0x0000000000000004
1791332110,583.52, 585.00, 585.00, 2385, 3435, 13365, 85, 84, 86850, 0x0000000000000004
1791332111,575.94, 585.00, 585.00, 2302, 3435, 13365, 84, 100, 86910, 0x0000000000000004
1791332112,583.53, 585.00, 585.00, 2340, 3435, 13365, 85, 100, 86824, 0x0000000000000004
1791332113,583.62, 585.00, 585.00, 2392, 3435, 13365, 85, 85, 86814, 0x0000000000000004
1791332114,577.06, 585.00, 585.00, 2332, 3435, 13365, 86, 100, 85856, 0x0000000000000004
1791332115,581.32, 585.00, 585.00, 2295, 3435, 13365, 85, 100, 86792, 0x0000000000000004
1791332117,578.75, 585.00, 585.00, 2400, 3435, 13365, 85, 93, 86778, 0x0000000000000004
1791332118,580.54, 585.00, 585.00, 2385, 3435, 13365, 86, 84, 86838, 0x0000000000000004
1791332119,583.91, 585.00, 585.00, 2370, 3435, 13365, 86, 100, 86756, 0x0000000000000004
1791332120,583.02, 585.00, 585.00, 2370, 3435, 13365, 86, 100, 86740, 0x0000000000000004
1791332121,584.45, 585.00, 585.00, 2385, 3435, 13365, 86, 100, 85858, 0x0000000000000004
1791332122,587.02, 585.00, 585.00, 2385, 3435, 13365, 86, 100, 86712, 0x0000000000000004
1791332123,585.09, 585.00, 585.00, 2392, 3435, 13365, 86, 100, 86766, 0x0000000000000004
1791332124,585.82, 585.00, 585.00, 2392, 3435, 13365, 86, 100, 86684, 0x0000000000000004
1791332125,585.42, 585.00, 585.00, 2355, 3435, 13365, 86, 100, 86668, 0x0000000000000004
1791332126,581.96, 585.00, 585.00, 2325, 3435, 13365, 81, 100, 86656, 0x0000000000000004
1791332127,570.81, 585.00, 585.00, 2355, 3435, 13365, 86, 84, 86648, 0x0000000000000004
1791332128,584.02, 585.00, 585.00, 2377, 3435, 13365, 86, 97, 86692, 0x0000000000000004
1791332129,582.14, 585.00, 585.00, 2392, 3435, 13365, 86, 100, 86620, 0x0000000000000004
1791332130,579.57, 585.00, 585.00, 2325, 3435, 13365, 80, 99, 86660, 0x0000000000000004
1791332131,581.31, 585.00, 585.00, 2362, 3435, 13365, 87, 100, 86592, 0x0000000000000000
1791332132,582.28, 585.00, 585.00, 2377, 3435, 13365, 87, 100, 85890, 0x0000000000000004
1791332133,572.86, 585.00, 585.00, 2370, 3435, 13365, 87, 100, 86558, 0x0000000000000004
1791332134,581.07, 585.00, 585.00, 2385, 3435, 13365, 86, 83, 86538, 0x0000000000000004
1791332135,578.98, 585.00, 585.00, 2385, 3435, 13365, 87, 100, 86524, 0x0000000000000004
1791332136,580.10, 585.00, 585.00, 2385, 3435, 13365, 87, 100, 86506, 0x0000000000000004
1791332137,562.58, 585.00, 585.00, 2385, 3435, 13365, 87, 83, 86496, 0x0000000000000004
1791332139,565.44, 585.00, 585.00, 2377, 3435, 13365, 86, 83, 86472, 0x0000000000000004
1791332140,570.13, 585.00, 585.00, 2385, 3435, 13365, 86, 82, 86048, 0x0000000000000004
1791332141,557.06, 585.00, 585.00, 2385, 3435, 13365, 87, 81, 86486, 0x0000000000000000
1791332142,562.46, 585.00, 585.00, 2377, 3435, 13365, 88, 94, 86422, 0x0000000000000004
1791332143,566.91, 585.00, 585.00, 2422, 3435, 13365, 87, 100, 86442, 0x0000000000000000
1791332144,573.09, 585.00, 585.00, 2370, 3435, 13365, 87, 92, 86374, 0x0000000000000004
1791332145,569.27, 585.00, 585.00, 2407, 3435, 13365, 87, 79, 86356, 0x0000000000000004
1791332146,558.06, 585.00, 585.00, 2407, 3435, 13365, 87, 97, 86372, 0x0000000000000004
1791332147,551.35, 585.00, 585.00, 2407, 3435, 13365, 87, 100, 86316, 0x0000000000000004
1791332148,554.92, 585.00, 585.00, 2392, 3435, 13365, 87, 100, 86292, 0x0000000000000004
1791332149,551.43, 585.00, 585.00, 2430, 3435, 13365, 86, 76, 86298, 0x0000000000000004
1791332150,558.67, 585.00, 585.00, 2415, 3435, 13365, 80, 94, 86242, 0x0000000000000004
1791332151,554.31, 585.00, 585.00, 2430, 3435, 13365, 80, 95, 86220, 0x0000000000000004
1791332152,523.26, 585.00, 585.00, 2475, 3435, 13365, 85, 73, 86186, 0x0000000000000004
1791332153,521.78, 585.00, 585.00, 2482, 3435, 13365, 82, 74, 86158, 0x0000000000000004
1791332154,503.41, 585.00, 585.00, 2490, 3435, 13365, 80, 72, 86138, 0x0000000000000004
1791332155,504.43, 585.00, 585.00, 2512, 3435, 13365, 80, 87, 85868, 0x0000000000000004
1791332156,467.09, 585.00, 585.00, 2542, 3435, 13365, 84, 88, 85868, 0x0000000000000000
1791332157,442.53, 585.00, 585.00, 2542, 3435, 13365, 83, 71, 86020, 0x0000000000000000
1791332158,418.44, 585.00, 585.00, 2557, 3435, 13365, 77, 57, 85970, 0x0000000000000004
1791332159,380.69, 585.00, 585.00, 2670, 3435, 13365, 78, 52, 85870, 0x0000000000000004
1791332161,335.34, 585.00, 585.00, 2737, 3435, 13365, 75, 53, 85874, 0x0000000000000000
1791332162,234.98, 585.00, 585.00, 2820, 3435, 13365, 73, 33, 85942, 0x0000000000000000
1791332163,437.26, 585.00, 585.00, 2700, 3435, 13365, 78, 76, 85954, 0x0000000000000000
1791332164,223.45, 585.00, 585.00, 2820, 3435, 13365, 71, 52, 85954, 0x0000000000000000
1791332165,98.16, 585.00, 585.00, 2820, 3435, 13365, 70, 0, 85954, 0x0000000000000000
1791332166,242.42, 585.00, 585.00, 2505, 3435, 13365, 76, 89, 85956, 0x0000000000000000
1791332167,121.44, 585.00, 585.00, 2820, 3435, 13365, 69, 0, 85956, 0x0000000000000000
1791332168,95.46, 585.00, 585.00, 2820, 3435, 13365, 68, 0, 85956, 0x0000000000000000
1791332169,88.43, 585.00, 585.00, 2752, 3435, 13365, 67, 0, 85956, 0x0000000000000000
1791332170,81.90, 585.00, 585.00, 2610, 3435, 13365, 67, 0, 85956, 0x0000000000000000
1791332171,336.13, 585.00, 585.00, 2535, 3435, 13365, 81, 100, 85956, 0x0000000000000004
1791332172,571.85, 585.00, 585.00, 2490, 3435, 13365, 81, 100, 85956, 0x0000000000000004
1791332173,566.68, 585.00, 585.00, 2452, 3435, 13365, 77, 94, 85956, 0x0000000000000004
1791332174,560.04, 585.00, 585.00, 2527, 3435, 13365, 81, 100, 85956, 0x0000000000000004
1791332175,563.50, 585.00, 585.00, 2460, 3435, 13365, 83, 100, 85956, 0x0000000000000004
1791332176,555.08, 585.00, 585.00, 2520, 3435, 13365, 82, 100, 85956, 0x0000000000000000
1791332177,571.07, 585.00, 585.00, 2527, 3435, 13365, 83, 91, 85956, 0x0000000000000004
1791332178,569.47, 585.00, 585.00, 2467, 3435, 13365, 83, 100, 85956, 0x0000000000000004
1791332180,558.16, 585.00, 585.00, 2475, 3435, 13365, 77, 100, 85956, 0x0000000000000004
1791332181,557.72, 585.00, 585.00, 2535, 3435, 13365, 84, 86, 85956, 0x0000000000000004
1791332182,568.67, 585.00, 585.00, 2482, 3435, 13365, 83, 100, 85956, 0x0000000000000004
1791332183,311.05, 585.00, 585.00, 2482, 3435, 13365, 70, 0, 1, 0x0000000000000000
1791332184,108.05, 585.00, 585.00, 2820, 3435, 14001, 69, 0, 1, 0x0000000000000000
1791332185,88.88, 585.00, 585.00, 2520, 3435, 14001, 67, 0, 1, 0x0000000000000000
1791332186,70.48, 585.00, 585.00, 525, 3435, 7001, 66, 0, 1, 0x0000000000000000
1791332187,51.25, 585.00, 585.00, 525, 3435, 7001, 65, 0, 1, 0x0000000000000000
1791332188,44.58, 585.00, 585.00, 525, 3435, 810, 64, 0, 1, 0x0000000000000000
1791332189,33.53, 585.00, 585.00, 525, 3435, 810, 64, 0, 1, 0x0000000000000000
1791332190,19.92, 585.00, 585.00, 525, 3435, 405, 63, 0, 1, 0x0000000000000000
1791332191,16.65, 585.00, 585.00, 525, 3435, 405, 62, 0, 1, 0x0000000000000000
1791332192,17.38, 585.00, 585.00, 525, 3435, 405, 62, 0, 4, 0x0000000000000000
1791332193,23.43, 585.00, 585.00, 525, 3435, 405, 61, 0, 1, 0x0000000000000000
1791332194,22.15, 585.00, 585.00, 525, 3435, 405, 61, 0, 1, 0x0000000000000000
1791332195,17.76, 585.00, 585.00, 525, 3435, 405, 60, 0, 1, 0x0000000000000000
1791332196,19.35, 585.00, 585.00, 525, 3435, 405, 60, 0, 28, 0x0000000000000000
1791332197,67.72, 585.00, 585.00, 2640, 3435, 13365, 60, 1, 34890, 0x0000000000000000
1791332198,88.77, 585.00, 585.00, 2805, 3435, 13365, 60, 8, 34890, 0x0000000000000000
1791332199,90.28, 585.00, 585.00, 2797, 3435, 13365, 60, 9, 34890, 0x0000000000000000
1791332200,89.61, 585.00, 585.00, 2805, 3435, 13365, 60, 9, 34890, 0x0000000000000000
1791332202,89.51, 585.00, 585.00, 2805, 3435, 13365, 59, 8, 34890, 0x0000000000000000
1791332203,89.63, 585.00, 585.00, 2805, 3435, 13365, 59, 8, 34890, 0x0000000000000000
1791332204,89.07, 585.00, 585.00, 2797, 3435, 13365, 59, 8, 34890, 0x0000000000000000
1791332205,88.32, 585.00, 585.00, 2797, 3435, 13365, 59, 9, 34890, 0x0000000000000000
1791332206,83.98, 585.00, 585.00, 2610, 3435, 13365, 58, 8, 34890, 0x0000000000000000
1791332207,78.07, 585.00, 585.00, 2610, 3435, 13365, 58, 4, 34826, 0x0000000000000000
1791332208,77.65, 585.00, 585.00, 2610, 3435, 13365, 57, 0, 35096, 0x0000000000000000
1791332209,78.12, 585.00, 585.00, 2610, 3435, 13365, 57, 0, 35096, 0x0000000000000000
1791332210,78.12, 585.00, 585.00, 2610, 3435, 13365, 57, 0, 35096, 0x0000000000000000
1791332211,77.44, 585.00, 585.00, 2610, 3435, 13365, 57, 0, 35096, 0x0000000000000000
1791332212,77.28, 585.00, 585.00, 2610, 3435, 13365, 56, 0, 35096, 0x0000000000000000
1791332213,76.53, 585.00, 585.00, 2610, 3435, 13365, 56, 0, 35096, 0x0000000000000000
1791332214,111.64, 585.00, 585.00, 2775, 3435, 13365, 59, 82, 36322, 0x0000000000000000
1791332215,147.58, 585.00, 585.00, 2820, 3435, 13365, 57, 0, 36322, 0x0000000000000000
1791332216,163.71, 585.00, 585.00, 2820, 3435, 13365, 56, 0, 36322, 0x0000000000000000
1791332217,104.01, 585.00, 585.00, 2820, 3435, 13365, 56, 0, 36322, 0x0000000000000000
1791332218,121.62, 585.00, 585.00, 2812, 3435, 13365, 56, 0, 36322, 0x0000000000000000
1791332219,121.35, 585.00, 585.00, 2812, 3435, 13365, 56, 0, 36322, 0x0000000000000000
1791332220,125.45, 585.00, 585.00, 2812, 3435, 13365, 55, 0, 36322, 0x0000000000000000
1791332221,124.87, 585.00, 585.00, 2820, 3435, 13365, 55, 0, 36322, 0x0000000000000000
1791332222,101.62, 585.00, 585.00, 2820, 3435, 13365, 55, 0, 36322, 0x0000000000000000
1791332223,78.31, 585.00, 585.00, 2610, 3435, 13365, 54, 0, 36334, 0x0000000000000000
1791332224,75.95, 585.00, 585.00, 2610, 3435, 13365, 54, 0, 36334, 0x0000000000000000
1791332225,76.19, 585.00, 585.00, 2610, 3435, 13365, 54, 0, 36336, 0x0000000000000000
1791332227,75.63, 585.00, 585.00, 2610, 3435, 13365, 54, 0, 36336, 0x0000000000000000
1791332228,75.77, 585.00, 585.00, 2610, 3435, 13365, 53, 0, 36336, 0x0000000000000000
1791332229,75.12, 585.00, 585.00, 2610, 3435, 13365, 53, 0, 36336, 0x0000000000000000
1791332230,106.61, 585.00, 585.00, 2790, 3435, 13365, 57, 99, 37296, 0x0000000000000000
1791332231,177.33, 585.00, 585.00, 2820, 3435, 13365, 53, 0, 36326, 0x0000000000000000
1791332232,80.82, 585.00, 585.00, 2820, 3435, 13365, 53, 0, 42974, 0x0000000000000000
1791332233,75.41, 585.00, 585.00, 2610, 3435, 13365, 53, 0, 42974, 0x0000000000000000
1791332234,74.66, 585.00, 585.00, 2610, 3435, 13365, 52, 0, 42974, 0x0000000000000000
1791332235,151.24, 585.00, 585.00, 2805, 3435, 13365, 59, 0, 43000, 0x0000000000000000
1791332236,278.85, 585.00, 585.00, 2797, 3435, 13365, 57, 69, 43846, 0x0000000000000000
1791332237,269.67, 585.00, 585.00, 2797, 3435, 13365, 60, 57, 43862, 0x0000000000000000
1791332238,288.02, 585.00, 585.00, 2790, 3435, 13365, 57, 69, 43072, 0x0000000000000000
1791332239,265.86, 585.00, 585.00, 2790, 3435, 13365, 58, 39, 42068, 0x0000000000000000
1791332240,270.59, 585.00, 585.00, 2790, 3435, 13365, 57, 68, 43120, 0x0000000000000000
1791332241,274.22, 585.00, 585.00, 2790, 3435, 13365, 57, 69, 43948, 0x0000000000000000
1791332242,283.16, 585.00, 585.00, 2797, 3435, 13365, 57, 91, 43950, 0x0000000000000000
1791332243,282.91, 585.00, 585.00, 2790, 3435, 13365, 58, 96, 42224, 0x0000000000000000
1791332244,295.42, 585.00, 585.00, 2790, 3435, 13365, 58, 78, 42366, 0x0000000000000000
1791332245,299.99, 585.00, 585.00, 2797, 3435, 13365, 59, 97, 44114, 0x0000000000000000
1791332246,293.49, 585.00, 585.00, 2790, 3435, 13365, 57, 78, 42956, 0x0000000000000000
1791332247,298.86, 585.00, 585.00, 2790, 3435, 13365, 59, 96, 42978, 0x0000000000000000
1791332248,293.70, 585.00, 585.00, 2790, 3435, 13365, 58, 78, 44188, 0x0000000000000000
1791332250,299.86, 585.00, 585.00, 2797, 3435, 13365, 59, 92, 43486, 0x0000000000000000
1791332251,287.82, 585.00, 585.00, 2805, 3435, 13365, 58, 77, 44230, 0x0000000000000000
1791332252,291.22, 585.00, 585.00, 2805, 3435, 13365, 61, 91, 44254, 0x0000000000000000
1791332253,284.91, 585.00, 585.00, 2797, 3435, 13365, 58, 78, 43004, 0x0000000000000000
1791332254,268.74, 585.00, 585.00, 2797, 3435, 13365, 58, 60, 44290, 0x0000000000000000
1791332255,292.72, 585.00, 585.00, 2797, 3435, 13365, 59, 80, 43154, 0x0000000000000000
1791332256,274.63, 585.00, 585.00, 2797, 3435, 13365, 58, 46, 43176, 0x0000000000000000
1791332257,290.78, 585.00, 585.00, 2797, 3435, 13365, 60, 88, 44366, 0x0000000000000000
1791332258,289.94, 585.00, 585.00, 2797, 3435, 13365, 60, 83, 44392, 0x0000000000000000
1791332259,284.28, 585.00, 585.00, 2797, 3435, 13365, 59, 44, 42716, 0x0000000000000000
1791332260,277.21, 585.00, 585.00, 2797, 3435, 13365, 59, 79, 44430, 0x0000000000000000
1791332261,286.96, 585.00, 585.00, 2797, 3435, 13365, 59, 84, 44460, 0x0000000000000000
1791332262,278.75, 585.00, 585.00, 2805, 3435, 13365, 61, 90, 43760, 0x0000000000000000
1791332263,285.98, 585.00, 585.00, 2797, 3435, 13365, 59, 77, 43884, 0x0000000000000000
1791332264,285.15, 585.00, 585.00, 2805, 3435, 13365, 61, 91, 42850, 0x0000000000000000
1791332265,283.83, 585.00, 585.00, 2797, 3435, 13365, 60, 76, 43428, 0x0000000000000000
1791332266,287.72, 585.00, 585.00, 2797, 3435, 13365, 59, 77, 43356, 0x0000000000000000
1791332267,285.55, 585.00, 585.00, 2797, 3435, 13365, 60, 88, 44082, 0x0000000000000000
1791332268,268.85, 585.00, 585.00, 2805, 3435, 13365, 61, 76, 43930, 0x0000000000000000
1791332269,276.97, 585.00, 585.00, 2797, 3435, 13365, 59, 77, 43006, 0x0000000000000000
1791332270,280.21, 585.00, 585.00, 2805, 3435, 13365, 61, 75, 43542, 0x0000000000000000
1791332272,267.29, 585.00, 585.00, 2805, 3435, 13365, 59, 86, 44010, 0x0000000000000000
1791332273,277.82, 585.00, 585.00, 2805, 3435, 13365, 61, 91, 43610, 0x0000000000000000
1791332274,258.42, 585.00, 585.00, 2805, 3435, 13365, 59, 77, 43114, 0x0000000000000000
1791332275,280.34, 585.00, 585.00, 2805, 3435, 13365, 59, 86, 43074, 0x0000000000000000
1791332276,266.34, 585.00, 585.00, 2805, 3435, 13365, 61, 80, 43168, 0x0000000000000000
1791332277,276.97, 585.00, 585.00, 2805, 3435, 13365, 59, 77, 43642, 0x0000000000000000
1791332278,272.10, 585.00, 585.00, 2805, 3435, 13365, 59, 78, 43208, 0x0000000000000000
1791332279,276.16, 585.00, 585.00, 2805, 3435, 13365, 60, 92, 43250, 0x0000000000000000
1791332280,269.23, 585.00, 585.00, 2805, 3435, 13365, 62, 89, 43790, 0x0000000000000000
1791332281,270.75, 585.00, 585.00, 2805, 3435, 13365, 61, 80, 43302, 0x0000000000000000
1791332282,272.00, 585.00, 585.00, 2805, 3435, 13365, 59, 77, 43788, 0x0000000000000000
1791332283,275.09, 585.00, 585.00, 2805, 3435, 13365, 59, 75, 44332, 0x0000000000000000
1791332284,274.74, 585.00, 585.00, 2805, 3435, 13365, 60, 74, 43392, 0x0000000000000000
1791332285,269.73, 585.00, 585.00, 2805, 3435, 13365, 60, 84, 43880, 0x0000000000000000
1791332286,280.05, 585.00, 585.00, 2805, 3435, 13365, 62, 88, 43970, 0x0000000000000000
1791332287,260.22, 585.00, 585.00, 2805, 3435, 13365, 59, 77, 43976, 0x0000000000000000
1791332288,277.48, 585.00, 585.00, 2805, 3435, 13365, 59, 76, 44540, 0x0000000000000000
1791332289,281.40, 585.00, 585.00, 2805, 3435, 13365, 58, 45, 43998, 0x0000000000000000
1791332290,274.54, 585.00, 585.00, 2805, 3435, 13365, 60, 89, 44064, 0x0000000000000000
1791332291,274.72, 585.00, 585.00, 2805, 3435, 13365, 60, 92, 44606, 0x0000000000000000
1791332293,255.09, 585.00, 585.00, 2805, 3435, 13365, 61, 79, 44122, 0x0000000000000000
1791332294,272.03, 585.00, 585.00, 2805, 3435, 13365, 61, 82, 45202, 0x0000000000000000
1791332295,275.97, 585.00, 585.00, 2805, 3435, 13365, 62, 87, 44694, 0x0000000000000000
1791332296,279.68, 585.00, 585.00, 2812, 3435, 13365, 61, 90, 44206, 0x0000000000000000
1791332297,273.24, 585.00, 585.00, 2812, 3435, 13365, 60, 92, 43726, 0x0000000000000000
1791332298,265.49, 585.00, 585.00, 2812, 3435, 13365, 59, 87, 44112, 0x0000000000000000
1791332299,234.23, 585.00, 585.00, 2812, 3435, 13365, 59, 75, 44128, 0x0000000000000000
1791332300,150.79, 585.00, 585.00, 2812, 3435, 13365, 56, 29, 43920, 0x0000000000000000
1791332301,99.64, 585.00, 585.00, 2812, 3435, 13365, 56, 12, 44066, 0x0000000000000000
1791332302,94.11, 585.00, 585.00, 2812, 3435, 13365, 55, 9, 44216, 0x0000000000000000
1791332303,93.85, 585.00, 585.00, 2730, 3435, 13365, 55, 6, 44280, 0x0000000000000000
1791332304,87.25, 585.00, 585.00, 2610, 3435, 13365, 54, 0, 44280, 0x0000000000000000
1791332305,179.09, 585.00, 585.00, 2782, 3435, 13365, 57, 46, 88672, 0x0000000000000000
1791332306,170.23, 585.00, 585.00, 2797, 3435, 13365, 61, 0, 88386, 0x0000000000000000
1791332307,242.41, 585.00, 585.00, 2790, 3435, 13365, 61, 63, 87456, 0x0000000000000000
1791332308,269.44, 585.00, 585.00, 2797, 3435, 13365, 58, 70, 89202, 0x0000000000000000
1791332309,265.87, 585.00, 585.00, 2805, 3435, 13365, 59, 70, 88510, 0x0000000000000000
1791332310,303.90, 585.00, 585.00, 2797, 3435, 13365, 61, 99, 87438, 0x0000000000000000
1791332311,287.63, 585.00, 585.00, 2790, 3435, 13365, 59, 82, 89190, 0x0000000000000000
1791332312,281.89, 585.00, 585.00, 2797, 3435, 13365, 59, 80, 88384, 0x0000000000000000
1791332313,304.62, 585.00, 585.00, 2790, 3435, 13365, 60, 92, 87450, 0x0000000000000000
1791332315,294.11, 585.00, 585.00, 2797, 3435, 13365, 60, 79, 89270, 0x0000000000000000
1791332316,305.11, 585.00, 585.00, 2797, 3435, 13365, 60, 89, 87606, 0x0000000000000000
1791332317,289.14, 585.00, 585.00, 2797, 3435, 13365, 61, 81, 88070, 0x0000000000000000
1791332318,300.34, 585.00, 585.00, 2790, 3435, 13365, 60, 86, 89224, 0x0000000000000000
1791332319,283.71, 585.00, 585.00, 2797, 3435, 13365, 61, 64, 88524, 0x0000000000000000
1791332320,299.46, 585.00, 585.00, 2797, 3435, 13365, 62, 89, 88064, 0x0000000000000000
1791332321,275.63, 585.00, 585.00, 2790, 3435, 13365, 59, 47, 89240, 0x0000000000000000
1791332322,291.78, 585.00, 585.00, 2797, 3435, 13365, 62, 90, 89236, 0x0000000000000000
1791332323,294.85, 585.00, 585.00, 2797, 3435, 13365, 59, 83, 88062, 0x0000000000000000
1791332324,292.99, 585.00, 585.00, 2797, 3435, 13365, 62, 81, 88586, 0x0000000000000000
1791332325,290.14, 585.00, 585.00, 2797, 3435, 13365, 59, 82, 89218, 0x0000000000000000
1791332326,292.63, 585.00, 585.00, 2797, 3435, 13365, 62, 71, 88470, 0x0000000000000000
1791332327,281.24, 585.00, 585.00, 2797, 3435, 13365, 60, 85, 87504, 0x0000000000000000
1791332328,291.56, 585.00, 585.00, 2797, 3435, 13365, 60, 74, 89188, 0x0000000000000000
1791332329,293.54, 585.00, 585.00, 2805, 3435, 13365, 62, 89, 89202, 0x0000000000000000
1791332330,289.38, 585.00, 585.00, 2797, 3435, 13365, 60, 78, 89200, 0x0000000000000000
1791332331,295.78, 585.00, 585.00, 2797, 3435, 13365, 60, 87, 87958, 0x0000000000000000
1791332332,291.08, 585.00, 585.00, 2797, 3435, 13365, 59, 56, 87502, 0x0000000000000000
1791332333,292.42, 585.00, 585.00, 2797, 3435, 13365, 60, 92, 88672, 0x0000000000000000
1791332334,292.91, 585.00, 585.00, 2805, 3435, 13365, 63, 88, 88672, 0x0000000000000000
1791332335,286.88, 585.00, 585.00, 2797, 3435, 13365, 61, 78, 88058, 0x0000000000000000
1791332336,286.88, 585.00, 585.00, 2797, 3435, 13365, 60, 91, 88058, 0x0000000000000000
1791332338,278.04, 585.00, 585.00, 2805, 3435, 13365, 59, 72, 88052, 0x0000000000000000
1791332339,283.36, 585.00, 585.00, 2797, 3435, 13365, 60, 87, 88658, 0x0000000000000000
1791332340,287.91, 585.00, 585.00, 2805, 3435, 13365, 62, 94, 88654, 0x0000000000000000
1791332341,271.91, 585.00, 585.00, 2805, 3435, 13365, 62, 80, 87960, 0x0000000000000000
1791332342,282.48, 585.00, 585.00, 2805, 3435, 13365, 60, 83, 87520, 0x0000000000000000
1791332343,262.64, 585.00, 585.00, 2805, 3435, 13365, 60, 65, 88030, 0x0000000000000000
1791332344,277.12, 585.00, 585.00, 2805, 3435, 13365, 60, 77, 88558, 0x0000000000000000
1791332345,281.41, 585.00, 585.00, 2805, 3435, 13365, 60, 82, 88044, 0x0000000000000000
1791332346,279.70, 585.00, 585.00, 2805, 3435, 13365, 61, 93, 88622, 0x0000000000000000
1791332347,271.89, 585.00, 585.00, 2805, 3435, 13365, 62, 90, 88600, 0x0000000000000000
1791332348,273.60, 585.00, 585.00, 2805, 3435, 13365, 60, 80, 89124, 0x0000000000000000
1791332349,277.80, 585.00, 585.00, 2805, 3435, 13365, 60, 77, 89072, 0x0000000000000000
1791332350,272.67, 585.00, 585.00, 2805, 3435, 13365, 60, 77, 89092, 0x0000000000000000
1791332351,274.68, 585.00, 585.00, 2805, 3435, 13365, 60, 79, 89048, 0x0000000000000000
1791332352,277.07, 585.00, 585.00, 2805, 3435, 13365, 61, 86, 87964, 0x0000000000000000
1791332353,254.78, 585.00, 585.00, 2805, 3435, 13365, 60, 77, 89106, 0x0000000000000000
1791332354,275.03, 585.00, 585.00, 2805, 3435, 13365, 60, 83, 89106, 0x0000000000000000
1791332355,277.25, 585.00, 585.00, 2805, 3435, 13365, 60, 83, 88024, 0x0000000000000000
1791332356,278.23, 585.00, 585.00, 2805, 3435, 13365, 60, 88, 88536, 0x0000000000000000
1791332357,278.65, 585.00, 585.00, 2805, 3435, 13365, 61, 92, 88516, 0x0000000000000000
1791332359,264.33, 585.00, 585.00, 2805, 3435, 13365, 62, 83, 88536, 0x0000000000000000
1791332360,260.31, 585.00, 585.00, 2805, 3435, 13365, 60, 77, 88022, 0x0000000000000000
1791332361,278.61, 585.00, 585.00, 2805, 3435, 13365, 60, 78, 88534, 0x0000000000000000
1791332362,275.51, 585.00, 585.00, 2805, 3435, 13365, 60, 79, 88000, 0x0000000000000000
1791332363,274.66, 585.00, 585.00, 2805, 3435, 13365, 60, 79, 88548, 0x0000000000000000
1791332364,273.84, 585.00, 585.00, 2812, 3435, 13365, 60, 78, 88498, 0x0000000000000000
1791332365,276.92, 585.00, 585.00, 2805, 3435, 13365, 60, 78, 88478, 0x0000000000000000
1791332366,274.86, 585.00, 585.00, 2812, 3435, 13365, 61, 77, 88538, 0x0000000000000000
1791332367,281.97, 585.00, 585.00, 2812, 3435, 13365, 62, 83, 87474, 0x0000000000000000
1791332368,270.72, 585.00, 585.00, 2812, 3435, 13365, 60, 89, 88094, 0x0000000000000000
1791332369,239.16, 585.00, 585.00, 2812, 3435, 13365, 59, 80, 87688, 0x0000000000000000
1791332370,208.13, 585.00, 585.00, 2805, 3435, 13365, 57, 32, 87462, 0x0000000000000000
1791332371,104.92, 585.00, 585.00, 2812, 3435, 13365, 56, 10, 87492, 0x0000000000000000
1791332372,93.80, 585.00, 585.00, 2797, 3435, 13365, 55, 6, 87464, 0x0000000000000000
1791332373,94.42, 585.00, 585.00, 2707, 3435, 13365, 55, 14, 87538, 0x0000000000000000
1791332374,93.58, 585.00, 585.00, 2715, 3435, 13365, 55, 9, 87602, 0x0000000000000000
1791332375,83.93, 585.00, 585.00, 2610, 3435, 13365, 54, 0, 87636, 0x0000000000000000
1791332376,75.73, 585.00, 585.00, 2610, 3435, 13365, 54, 0, 87636, 0x0000000000000000
1791332378,116.75, 585.00, 585.00, 2820, 3435, 13365, 54, 0, 1, 0x0000000000000000
1791332379,92.45, 585.00, 585.00, 2820, 3435, 14001, 54, 0, 1, 0x0000000000000000
1791332380,86.65, 585.00, 585.00, 2820, 3435, 14001, 54, 0, 1, 0x0000000000000000
1791332381,76.79, 585.00, 585.00, 2512, 3435, 14001, 54, 0, 1, 0x0000000000000000
1791332382,40.38, 585.00, 585.00, 517, 3435, 7001, 52, 0, 1, 0x0000000000000000
1791332383,40.24, 585.00, 585.00, 525, 3435, 7001, 52, 0, 1, 0x0000000000000000
1791332384,40.26, 585.00, 585.00, 525, 3435, 7001, 52, 0, 1, 0x0000000000000000
1791332385,23.80, 585.00, 585.00, 525, 3435, 810, 51, 0, 1, 0x0000000000000000
1791332386,19.72, 585.00, 585.00, 525, 3435, 405, 51, 0, 1, 0x0000000000000000
1791332387,15.96, 585.00, 585.00, 525, 3435, 405, 51, 0, 722, 0x0000000000000000
1791332388,34.91, 585.00, 585.00, 2610, 3435, 13365, 51, 0, 34890, 0x0000000000000000
1791332389,81.97, 585.00, 585.00, 2805, 3435, 13365, 51, 8, 34890, 0x0000000000000000
1791332390,81.85, 585.00, 585.00, 2805, 3435, 13365, 51, 7, 34890, 0x0000000000000000
1791332391,81.65, 585.00, 585.00, 2805, 3435, 13365, 51, 8, 34890, 0x0000000000000000
1791332392,82.49, 585.00, 585.00, 2805, 3435, 13365, 51, 9, 34890, 0x0000000000000000
1791332393,82.49, 585.00, 585.00, 2805, 3435, 13365, 51, 8, 34890, 0x0000000000000000
1791332394,81.92, 585.00, 585.00, 2805, 3435, 13365, 51, 8, 34890, 0x0000000000000000
1791332395,81.07, 585.00, 585.00, 2805, 3435, 13365, 50, 9, 34890, 0x0000000000000000
1791332396,77.29, 585.00, 585.00, 2610, 3435, 13365, 50, 0, 34826, 0x0000000000000000
1791332398,72.76, 585.00, 585.00, 2617, 3435, 13365, 50, 0, 35782, 0x0000000000000000
1791332399,72.39, 585.00, 585.00, 2610, 3435, 13365, 50, 0, 35782, 0x0000000000000000
1791332400,73.29, 585.00, 585.00, 2610, 3435, 13365, 50, 0, 35782, 0x0000000000000000
1791332401,72.10, 585.00, 585.00, 2610, 3435, 13365, 49, 0, 35782, 0x0000000000000000
1791332402,72.02, 585.00, 585.00, 2610, 3435, 13365, 49, 0, 35782, 0x0000000000000000
1791332403,71.92, 585.00, 585.00, 2610, 3435, 13365, 49, 0, 35782, 0x0000000000000000
1791332404,71.35, 585.00, 585.00, 2610, 3435, 13365, 49, 0, 35782, 0x0000000000000000
1791332405,105.95, 585.00, 585.00, 2797, 3435, 13365, 53, 99, 37382, 0x0000000000000000
1791332406,194.01, 585.00, 585.00, 2820, 3435, 13365, 49, 0, 36230, 0x0000000000000000
1791332407,80.22, 585.00, 585.00, 2812, 3435, 13365, 49, 2, 42878, 0x0000000000000000
1791332408,74.28, 585.00, 585.00, 2610, 3435, 13365, 49, 0, 42878, 0x0000000000000000
1791332409,71.73, 585.00, 585.00, 2610, 3435, 13365, 49, 0, 42878, 0x0000000000000000
1791332410,184.20, 585.00, 585.00, 2790, 3435, 13365, 52, 69, 43736, 0x0000000000000000
1791332411,269.07, 585.00, 585.00, 2797, 3435, 13365, 52, 68, 41990, 0x0000000000000000
1791332412,272.81, 585.00, 585.00, 2805, 3435, 13365, 55, 75, 42030, 0x0000000000000000
1791332413,274.98, 585.00, 585.00, 2805, 3435, 13365, 56, 87, 43050, 0x0000000000000000
1791332414,254.85, 585.00, 585.00, 2805, 3435, 13365, 56, 79, 43104, 0x0000000000000000
1791332415,277.52, 585.00, 585.00, 2797, 3435, 13365, 56, 94, 43836, 0x0000000000000000
1791332417,271.42, 585.00, 585.00, 2790, 3435, 13365, 54, 85, 42122, 0x0000000000000000
1791332418,266.81, 585.00, 585.00, 2790, 3435, 13365, 54, 69, 42144, 0x0000000000000000
1791332419,265.65, 585.00, 585.00, 2790, 3435, 13365, 54, 79, 43102, 0x0000000000000000
1791332420,300.11, 585.00, 585.00, 2790, 3435, 13365, 56, 96, 44004, 0x0000000000000000
1791332421,289.84, 585.00, 585.00, 2790, 3435, 13365, 54, 77, 43302, 0x0000000000000000
1791332422,290.64, 585.00, 585.00, 2790, 3435, 13365, 54, 77, 43322, 0x0000000000000000
1791332423,290.57, 585.00, 585.00, 2797, 3435, 13365, 57, 90, 42380, 0x0000000000000000
1791332424,289.92, 585.00, 585.00, 2790, 3435, 13365, 54, 77, 44100, 0x0000000000000000
1791332425,290.36, 585.00, 585.00, 2797, 3435, 13365, 58, 93, 42354, 0x0000000000000000
1791332426,286.57, 585.00, 585.00, 2790, 3435, 13365, 55, 77, 42350, 0x0000000000000000
1791332427,257.02, 585.00, 585.00, 2790, 3435, 13365, 54, 77, 43398, 0x0000000000000000
1791332428,291.61, 585.00, 585.00, 2790, 3435, 13365, 57, 84, 43476, 0x0000000000000000
1791332429,276.02, 585.00, 585.00, 2790, 3435, 13365, 55, 83, 44204, 0x0000000000000000
1791332430,290.57, 585.00, 585.00, 2797, 3435, 13365, 56, 77, 44232, 0x0000000000000000
1791332431,283.79, 585.00, 585.00, 2805, 3435, 13365, 58, 96, 42542, 0x0000000000000000
1791332432,286.73, 585.00, 585.00, 2797, 3435, 13365, 55, 73, 43534, 0x0000000000000000
1791332433,292.87, 585.00, 585.00, 2797, 3435, 13365, 57, 84, 43142, 0x0000000000000000
1791332434,279.39, 585.00, 585.00, 2797, 3435, 13365, 56, 78, 44322, 0x0000000000000000
1791332435,290.29, 585.00, 585.00, 2797, 3435, 13365, 56, 86, 44348, 0x0000000000000000
1791332436,284.30, 585.00, 585.00, 2805, 3435, 13365, 58, 89, 42712, 0x0000000000000000
1791332437,283.68, 585.00, 585.00, 2797, 3435, 13365, 56, 77, 43718, 0x0000000000000000
1791332438,286.30, 585.00, 585.00, 2797, 3435, 13365, 56, 77, 43900, 0x0000000000000000
1791332439,288.86, 585.00, 585.00, 2797, 3435, 13365, 56, 76, 43926, 0x0000000000000000
1791332441,288.19, 585.00, 585.00, 2797, 3435, 13365, 56, 81, 42812, 0x0000000000000000
1791332442,277.12, 585.00, 585.00, 2805, 3435, 13365, 59, 88, 43274, 0x0000000000000000
1791332443,278.03, 585.00, 585.00, 2797, 3435, 13365, 56, 73, 42864, 0x0000000000000000
1791332444,282.87, 585.00, 585.00, 2797, 3435, 13365, 56, 73, 44024, 0x0000000000000000
1791332445,275.45, 585.00, 585.00, 2797, 3435, 13365, 56, 77, 44054, 0x0000000000000000
1791332446,276.90, 585.00, 585.00, 2805, 3435, 13365, 57, 78, 44082, 0x0000000000000000
1791332447,281.26, 585.00, 585.00, 2805, 3435, 13365, 57, 87, 44104, 0x0000000000000000
1791332448,276.52, 585.00, 585.00, 2805, 3435, 13365, 59, 93, 44128, 0x0000000000000000
1791332449,270.01, 585.00, 585.00, 2805, 3435, 13365, 59, 86, 43048, 0x0000000000000000
1791332450,273.33, 585.00, 585.00, 2805, 3435, 13365, 57, 77, 43572, 0x0000000000000000
1791332451,270.02, 585.00, 585.00, 2805, 3435, 13365, 57, 76, 44124, 0x0000000000000000
1791332452,274.57, 585.00, 585.00, 2805, 3435, 13365, 58, 92, 43640, 0x0000000000000000
1791332453,267.48, 585.00, 585.00, 2805, 3435, 13365, 59, 90, 43592, 0x0000000000000000
1791332454,268.38, 585.00, 585.00, 2805, 3435, 13365, 56, 74, 43682, 0x0000000000000000
1791332455,271.58, 585.00, 585.00, 2805, 3435, 13365, 56, 71, 44796, 0x0000000000000000
1791332456,257.76, 585.00, 585.00, 2805, 3435, 13365, 59, 83, 43680, 0x0000000000000000
1791332457,270.88, 585.00, 585.00, 2805, 3435, 13365, 57, 77, 44288, 0x0000000000000000
1791332458,272.67, 585.00, 585.00, 2805, 3435, 13365, 57, 78, 43230, 0x0000000000000000
1791332459,269.94, 585.00, 585.00, 2805, 3435, 13365, 57, 77, 43314, 0x0000000000000000
1791332460,276.15, 585.00, 585.00, 2805, 3435, 13365, 57, 80, 44374, 0x0000000000000000
1791332462,272.02, 585.00, 585.00, 2805, 3435, 13365, 58, 92, 43338, 0x0000000000000000
1791332463,288.56, 585.00, 585.00, 2805, 3435, 13365, 58, 93, 44478, 0x0000000000000000
1791332464,290.64, 585.00, 585.00, 2805, 3435, 13365, 58, 90, 43382, 0x0000000000000000
1791332465,276.38, 585.00, 585.00, 2805, 3435, 13365, 58, 91, 43980, 0x0000000000000000
1791332466,277.51, 585.00, 585.00, 2805, 3435, 13365, 58, 90, 43444, 0x0000000000000000
1791332467,280.40, 585.00, 585.00, 2805, 3435, 13365, 58, 87, 43516, 0x0000000000000000
1791332468,270.84, 585.00, 585.00, 2805, 3435, 13365, 58, 82, 44570, 0x0000000000000000
1791332469,271.07, 585.00, 585.00, 2805, 3435, 13365, 58, 79, 44596, 0x0000000000000000
1791332470,277.20, 585.00, 585.00, 2812, 3435, 13365, 57, 77, 43594, 0x0000000000000000
1791332471,276.18, 585.00, 585.00, 2812, 3435, 13365, 59, 80, 44670, 0x0000000000000000
1791332472,280.50, 585.00, 585.00, 2812, 3435, 13365, 59, 86, 43632, 0x0000000000000000
1791332473,235.23, 585.00, 585.00, 2812, 3435, 13365, 58, 75, 43872, 0x0000000000000000
1791332474,190.30, 585.00, 585.00, 2805, 3435, 13365, 56, 57, 43828, 0x0000000000000000
1791332475,103.06, 585.00, 585.00, 2812, 3435, 13365, 54, 13, 43948, 0x0000000000000000
1791332476,95.04, 585.00, 585.00, 2805, 3435, 13365, 54, 9, 44118, 0x0000000000000000
1791332477,88.48, 585.00, 585.00, 2805, 3435, 13365, 54, 9, 44184, 0x0000000000000000
1791332478,99.96, 585.00, 585.00, 2655, 3435, 13365, 60, 0, 87690, 0x0000000000000004
1791332479,218.61, 585.00, 585.00, 2790, 3435, 13365, 56, 0, 89160, 0x0000000000000000
1791332480,266.67, 585.00, 585.00, 2790, 3435, 13365, 56, 89, 87426, 0x0000000000000000
1791332481,272.62, 585.00, 585.00, 2797, 3435, 13365, 56, 95, 88500, 0x0000000000000000
1791332482,278.20, 585.00, 585.00, 2805, 3435, 13365, 60, 82, 89186, 0x0000000000000000
1791332483,297.78, 585.00, 585.00, 2790, 3435, 13365, 58, 69, 88432, 0x0000000000000000
1791332485,281.64, 585.00, 585.00, 2790, 3435, 13365, 57, 79, 87422, 0x0000000000000000
1791332486,267.32, 585.00, 585.00, 2790, 3435, 13365, 57, 91, 89176, 0x0000000000000000
1791332487,302.38, 585.00, 585.00, 2790, 3435, 13365, 59, 78, 88370, 0x0000000000000000
1791332488,294.99, 585.00, 585.00, 2790, 3435, 13365, 57, 79, 88428, 0x0000000000000000
1791332489,302.26, 585.00, 585.00, 2797, 3435, 13365, 60, 76, 89242, 0x0000000000000000
1791332490,278.24, 585.00, 585.00, 2805, 3435, 13365, 61, 87, 88056, 0x0000000000000000
1791332491,285.05, 585.00, 585.00, 2790, 3435, 13365, 58, 91, 89240, 0x0000000000000000
1791332492,270.89, 585.00, 585.00, 2790, 3435, 13365, 58, 78, 88054, 0x0000000000000000
1791332493,287.20, 585.00, 585.00, 2797, 3435, 13365, 61, 91, 89236, 0x0000000000000000
1791332494,289.89, 585.00, 585.00, 2797, 3435, 13365, 57, 41, 88588, 0x0000000000000000
1791332495,270.61, 585.00, 585.00, 2790, 3435, 13365, 58, 78, 89226, 0x0000000000000000
1791332496,297.46, 585.00, 585.00, 2790, 3435, 13365, 59, 92, 87944, 0x0000000000000000
1791332497,287.85, 585.00, 585.00, 2797, 3435, 13365, 59, 77, 87536, 0x0000000000000000
1791332498,297.36, 585.00, 585.00, 2797, 3435, 13365, 58, 78, 89206, 0x0000000000000000
1791332499,283.69, 585.00, 585.00, 2805, 3435, 13365, 61, 85, 87548, 0x0000000000000000
1791332500,293.86, 585.00, 585.00, 2797, 3435, 13365, 59, 78, 88040, 0x0000000000000000
1791332501,284.30, 585.00, 585.00, 2805, 3435, 13365, 61, 94, 88062, 0x0000000000000000
1791332502,289.49, 585.00, 585.00, 2797, 3435, 13365, 58, 78, 88038, 0x0000000000000000
1791332503,286.56, 585.00, 585.00, 2797, 3435, 13365, 60, 86, 89188, 0x0000000000000000
1791332504,286.26, 585.00, 585.00, 2797, 3435, 13365, 60, 88, 87540, 0x0000000000000000
1791332505,281.51, 585.00, 585.00, 2797, 3435, 13365, 58, 77, 88056, 0x0000000000000000
1791332507,273.39, 585.00, 585.00, 2805, 3435, 13365, 58, 90, 89184, 0x0000000000000000
1791332508,291.66, 585.00, 585.00, 2797, 3435, 13365, 59, 83, 88658, 0x0000000000000000
1791332509,284.40, 585.00, 585.00, 2805, 3435, 13365, 61, 94, 87514, 0x0000000000000000
1791332510,282.86, 585.00, 585.00, 2797, 3435, 13365, 59, 73, 88556, 0x0000000000000000
1791332511,282.22, 585.00, 585.00, 2797, 3435, 13365, 59, 79, 87946, 0x0000000000000000
1791332512,272.21, 585.00, 585.00, 2797, 3435, 13365, 59, 81, 88644, 0x0000000000000000
1791332513,285.57, 585.00, 585.00, 2797, 3435, 13365, 60, 93, 88644, 0x0000000000000000
1791332514,286.31, 585.00, 585.00, 2805, 3435, 13365, 61, 88, 88640, 0x0000000000000000
1791332515,275.63, 585.00, 585.00, 2805, 3435, 13365, 59, 78, 88638, 0x0000000000000000
1791332516,286.26, 585.00, 585.00, 2805, 3435, 13365, 59, 79, 88630, 0x0000000000000000
1791332517,270.62, 585.00, 585.00, 2805, 3435, 13365, 59, 91, 88630, 0x0000000000000000
1791332518,289.18, 585.00, 585.00, 2805, 3435, 13365, 61, 94, 88624, 0x0000000000000000
1791332519,285.81, 585.00, 585.00, 2805, 3435, 13365, 62, 88, 88624, 0x0000000000000000
1791332520,276.65, 585.00, 585.00, 2805, 3435, 13365, 60, 80, 88600, 0x0000000000000000
1791332521,281.33, 585.00, 585.00, 2805, 3435, 13365, 59, 79, 87950, 0x0000000000000000
1791332522,280.71, 585.00, 585.00, 2805, 3435, 13365, 60, 79, 89108, 0x0000000000000000
1791332523,267.61, 585.00, 585.00, 2805, 3435, 13365, 62, 90, 89106, 0x0000000000000000
1791332524,273.58, 585.00, 585.00, 2805, 3435, 13365, 61, 90, 89098, 0x0000000000000000
1791332525,273.96, 585.00, 585.00, 2805, 3435, 13365, 60, 77, 87950, 0x0000000000000000
1791332527,277.69, 585.00, 585.00, 2805, 3435, 13365, 59, 79, 88016, 0x0000000000000000
1791332528,273.29, 585.00, 585.00, 2805, 3435, 13365, 59, 79, 87438, 0x0000000000000000
1791332529,269.09, 585.00, 585.00, 2805, 3435, 13365, 60, 78, 88522, 0x0000000000000000
1791332530,275.21, 585.00, 585.00, 2805, 3435, 13365, 61, 91, 87950, 0x0000000000000000
1791332531,277.36, 585.00, 585.00, 2805, 3435, 13365, 62, 84, 87988, 0x0000000000000000
1791332532,282.96, 585.00, 585.00, 2805, 3435, 13365, 61, 83, 87988, 0x0000000000000000
1791332533,284.94, 585.00, 585.00, 2805, 3435, 13365, 61, 81, 88520, 0x0000000000000000
1791332534,277.49, 585.00, 585.00, 2805, 3435, 13365, 61, 79, 89054, 0x0000000000000000
1791332535,277.36, 585.00, 585.00, 2805, 3435, 13365, 60, 76, 89052, 0x0000000000000000
1791332536,285.37, 585.00, 585.00, 2805, 3435, 13365, 61, 80, 87474, 0x0000000000000000
1791332537,273.72, 585.00, 585.00, 2805, 3435, 13365, 61, 82, 87452, 0x0000000000000000
1791332538,274.62, 585.00, 585.00, 2805, 3435, 13365, 62, 86, 88484, 0x0000000000000000
1791332539,272.95, 585.00, 585.00, 2812, 3435, 13365, 62, 89, 88524, 0x0000000000000000
1791332540,273.51, 585.00, 585.00, 2812, 3435, 13365, 61, 84, 88484, 0x0000000000000000
1791332541,276.32, 585.00, 585.00, 2805, 3435, 13365, 60, 81, 88292, 0x0000000000000000
1791332542,247.24, 585.00, 585.00, 2805, 3435, 13365, 58, 80, 87910, 0x0000000000000000
1791332543,170.80, 585.00, 585.00, 2805, 3435, 13365, 57, 52, 87450, 0x0000000000000000
1791332544,123.70, 585.00, 585.00, 2812, 3435, 13365, 56, 13, 87476, 0x0000000000000000
1791332546,97.30, 585.00, 585.00, 2805, 3435, 13365, 55, 9, 87448, 0x0000000000000000
1791332547,90.77, 585.00, 585.00, 2805, 3435, 13365, 55, 6, 87508, 0x0000000000000000
1791332548,98.07, 585.00, 585.00, 2707, 3435, 13365, 55, 13, 87598, 0x0000000000000000
1791332549,88.34, 585.00, 585.00, 2715, 3435, 13365, 54, 8, 87624, 0x0000000000000000
1791332550,75.21, 585.00, 585.00, 2610, 3435, 13365, 54, 0, 87624, 0x0000000000000000
1791332551,200.37, 585.00, 585.00, 2775, 3435, 13365, 61, 69, 87626, 0x0000000000000000
1791332552,321.98, 585.00, 585.00, 2790, 3435, 13365, 61, 58, 87626, 0x0000000000000000
1791332553,329.54, 585.00, 585.00, 2782, 3435, 13365, 62, 55, 87626, 0x0000000000000000
1791332554,328.55, 585.00, 585.00, 2775, 3435, 13365, 62, 81, 87626, 0x0000000000000000
1791332555,332.35, 585.00, 585.00, 2767, 3435, 13365, 64, 47, 87626, 0x0000000000000000
1791332556,326.80, 585.00, 585.00, 2775, 3435, 13365, 63, 82, 87626, 0x0000000000000000
1791332557,362.38, 585.00, 585.00, 2767, 3435, 13365, 63, 74, 87626, 0x0000000000000000
1791332558,363.23, 585.00, 585.00, 2760, 3435, 13365, 64, 63, 87626, 0x0000000000000004
1791332559,348.93, 585.00, 585.00, 2767, 3435, 13365, 65, 56, 87626, 0x0000000000000000
1791332560,349.86, 585.00, 585.00, 2752, 3435, 13365, 63, 91, 87626, 0x0000000000000000
1791332561,350.13, 585.00, 585.00, 2752, 3435, 13365, 64, 90, 87626, 0x0000000000000000
1791332562,349.67, 585.00, 585.00, 2760, 3435, 13365, 64, 83, 87626, 0x0000000000000000
1791332563,257.45, 585.00, 585.00, 2775, 3435, 13365, 63, 0, 87626, 0x0000000000000000
1791332565,261.13, 585.00, 585.00, 2820, 3435, 13365, 57, 45, 37422, 0x0000000000000000
1791332566,86.60, 585.00, 585.00, 2820, 3435, 13365, 56, 0, 37422, 0x0000000000000000
1791332567,80.61, 585.00, 585.00, 2820, 3435, 13365, 55, 0, 37422, 0x0000000000000000
1791332568,76.52, 585.00, 585.00, 2610, 3435, 13365, 55, 0, 37422, 0x0000000000000000
1791332569,75.80, 585.00, 585.00, 2610, 3435, 13365, 54, 0, 37422, 0x0000000000000000
1791332570,80.93, 585.00, 585.00, 2610, 3435, 14001, 54, 0, 1, 0x0000000000000000
1791332571,79.97, 585.00, 585.00, 2610, 3435, 14001, 54, 0, 1, 0x0000000000000000
1791332572,70.99, 585.00, 585.00, 1177, 3435, 14001, 53, 0, 1, 0x0000000000000000
1791332573,61.25, 585.00, 585.00, 750, 3435, 14001, 53, 0, 1, 0x0000000000000000
1791332574,45.45, 585.00, 585.00, 525, 3435, 7001, 52, 0, 1, 0x0000000000000000
1791332575,42.92, 585.00, 585.00, 525, 3435, 7001, 52, 0, 1, 0x0000000000000000
1791332576,27.08, 585.00, 585.00, 525, 3435, 810, 51, 0, 1, 0x0000000000000000
1791332577,18.23, 585.00, 585.00, 525, 3435, 405, 51, 0, 1, 0x0000000000000000
1791332578,16.67, 585.00, 585.00, 525, 3435, 405, 50, 0, 1, 0x0000000000000000
1791332579,17.12, 585.00, 585.00, 525, 3435, 405, 50, 0, 722, 0x0000000000000000
1791332580,64.14, 585.00, 585.00, 525, 3435, 405, 51, 0, 34890, 0x0000000000000000
1791332581,81.27, 585.00, 585.00, 2805, 3435, 13365, 51, 8, 34890, 0x0000000000000000
1791332582,81.86, 585.00, 585.00, 2797, 3435, 13365, 51, 7, 34890, 0x0000000000000000
1791332583,81.96, 585.00, 585.00, 2805, 3435, 13365, 51, 7, 34890, 0x0000000000000000
1791332584,81.77, 585.00, 585.00, 2805, 3435, 13365, 51, 7, 34890, 0x0000000000000000
1791332585,81.41, 585.00, 585.00, 2790, 3435, 13365, 50, 9, 34890, 0x0000000000000000
1791332586,81.20, 585.00, 585.00, 2790, 3435, 13365, 50, 9, 34890, 0x0000000000000000
1791332587,81.01, 585.00, 585.00, 2805, 3435, 13365, 50, 9, 34890, 0x0000000000000000
1791332589,77.19, 585.00, 585.00, 2610, 3435, 13365, 50, 9, 34826, 0x0000000000000000
1791332590,72.74, 585.00, 585.00, 2610, 3435, 13365, 50, 0, 35782, 0x0000000000000000
1791332591,74.20, 585.00, 585.00, 2610, 3435, 13365, 49, 0, 35782, 0x0000000000000000
1791332592,72.44, 585.00, 585.00, 2610, 3435, 13365, 49, 0, 35782, 0x0000000000000000
1791332593,73.29, 585.00, 585.00, 2610, 3435, 13365, 49, 0, 35782, 0x0000000000000000
1791332594,72.17, 585.00, 585.00, 2610, 3435, 13365, 49, 0, 35782, 0x0000000000000000
1791332595,72.17, 585.00, 585.00, 2610, 3435, 13365, 49, 0, 35782, 0x0000000000000000
1791332596,71.79, 585.00, 585.00, 2610, 3435, 13365, 49, 0, 35782, 0x0000000000000000
1791332597,222.09, 585.00, 585.00, 2745, 3435, 13365, 54, 1, 37382, 0x0000000000000000
1791332598,81.96, 585.00, 585.00, 2820, 3435, 13365, 49, 0, 41510, 0x0000000000000000
1791332599,78.96, 585.00, 585.00, 2745, 3435, 13365, 49, 0, 42878, 0x0000000000000000
1791332600,74.74, 585.00, 585.00, 2610, 3435, 13365, 48, 0, 42878, 0x0000000000000000
1791332601,72.11, 585.00, 585.00, 2610, 3435, 13365, 48, 0, 42832, 0x0000000000000000
1791332602,184.74, 585.00, 585.00, 2797, 3435, 13365, 55, 79, 43064, 0x0000000000000000
1791332603,268.05, 585.00, 585.00, 2790, 3435, 13365, 54, 69, 41982, 0x0000000000000000
1791332604,263.57, 585.00, 585.00, 2790, 3435, 13365, 53, 68, 43782, 0x0000000000000000
1791332605,269.60, 585.00, 585.00, 2790, 3435, 13365, 53, 65, 43050, 0x0000000000000000
1791332606,273.82, 585.00, 585.00, 2790, 3435, 13365, 56, 76, 42046, 0x0000000000000000
1791332607,265.59, 585.00, 585.00, 2790, 3435, 13365, 55, 73, 43174, 0x0000000000000000
1791332608,275.57, 585.00, 585.00, 2797, 3435, 13365, 56, 88, 43062, 0x0000000000000000
1791332609,264.62, 585.00, 585.00, 2790, 3435, 13365, 54, 78, 43884, 0x0000000000000000
1791332610,270.72, 585.00, 585.00, 2790, 3435, 13365, 54, 95, 42800, 0x0000000000000000
1791332612,292.15, 585.00, 585.00, 2790, 3435, 13365, 54, 78, 44004, 0x0000000000000000
1791332613,283.32, 585.00, 585.00, 2790, 3435, 13365, 55, 81, 42222, 0x0000000000000000
1791332614,286.42, 585.00, 585.00, 2805, 3435, 13365, 52, 88, 44050, 0x0000000000000000
1791332615,285.67, 585.00, 585.00, 2797, 3435, 13365, 57, 77, 42384, 0x0000000000000000
1791332616,283.12, 585.00, 585.00, 2790, 3435, 13365, 54, 92, 43376, 0x0000000000000000
1791332617,292.52, 585.00, 585.00, 2797, 3435, 13365, 57, 72, 44120, 0x0000000000000000
1791332618,275.54, 585.00, 585.00, 2790, 3435, 13365, 55, 78, 42356, 0x0000000000000000
1791332619,293.43, 585.00, 585.00, 2797, 3435, 13365, 57, 91, 43454, 0x0000000000000000
1791332620,282.76, 585.00, 585.00, 2790, 3435, 13365, 55, 77, 43022, 0x0000000000000000
1791332621,284.15, 585.00, 585.00, 2805, 3435, 13365, 58, 85, 44210, 0x0000000000000000
1791332622,280.84, 585.00, 585.00, 2797, 3435, 13365, 55, 86, 43490, 0x0000000000000000
1791332623,283.87, 585.00, 585.00, 2797, 3435, 13365, 56, 77, 43002, 0x0000000000000000
1791332624,278.05, 585.00, 585.00, 2797, 3435, 13365, 55, 88, 44286, 0x0000000000000000
1791332625,285.93, 585.00, 585.00, 2797, 3435, 13365, 56, 78, 43146, 0x0000000000000000
1791332626,267.93, 585.00, 585.00, 2797, 3435, 13365, 55, 85, 42638, 0x0000000000000000
1791332627,281.33, 585.00, 585.00, 2797, 3435, 13365, 56, 76, 43620, 0x0000000000000000
1791332628,289.05, 585.00, 585.00, 2805, 3435, 13365, 57, 92, 44374, 0x0000000000000000
1791332629,283.54, 585.00, 585.00, 2797, 3435, 13365, 56, 77, 43720, 0x0000000000000000
1791332630,282.39, 585.00, 585.00, 2805, 3435, 13365, 58, 83, 43192, 0x0000000000000000
1791332631,266.52, 585.00, 585.00, 2797, 3435, 13365, 56, 84, 43322, 0x0000000000000000
1791332632,279.20, 585.00, 585.00, 2797, 3435, 13365, 57, 78, 43762, 0x0000000000000000
1791332633,283.00, 585.00, 585.00, 2805, 3435, 13365, 58, 83, 43354, 0x0000000000000000
1791332635,279.36, 585.00, 585.00, 2797, 3435, 13365, 56, 94, 43382, 0x0000000000000000
1791332636,272.83, 585.00, 585.00, 2797, 3435, 13365, 57, 80, 43940, 0x0000000000000000
1791332637,278.67, 585.00, 585.00, 2805, 3435, 13365, 59, 71, 44060, 0x0000000000000000
1791332638,280.96, 585.00, 585.00, 2805, 3435, 13365, 58, 87, 44088, 0x0000000000000000
1791332639,281.44, 585.00, 585.00, 2805, 3435, 13365, 56, 76, 44110, 0x0000000000000000
1791332640,264.33, 585.00, 585.00, 2805, 3435, 13365, 57, 46, 44034, 0x0000000000000000
1791332641,264.81, 585.00, 585.00, 2805, 3435, 13365, 56, 93, 42970, 0x0000000000000000
1791332642,267.54, 585.00, 585.00, 2805, 3435, 13365, 57, 83, 43068, 0x0000000000000000
1791332643,259.97, 585.00, 585.00, 2805, 3435, 13365, 59, 81, 43600, 0x0000000000000000
1791332644,273.38, 585.00, 585.00, 2805, 3435, 13365, 57, 95, 43630, 0x0000000000000000
1791332645,277.06, 585.00, 585.00, 2805, 3435, 13365, 57, 77, 43080, 0x0000000000000000
1791332646,262.77, 585.00, 585.00, 2805, 3435, 13365, 58, 93, 44134, 0x0000000000000000
1791332647,251.16, 585.00, 585.00, 2805, 3435, 13365, 56, 75, 43650, 0x0000000000000000
1791332648,266.16, 585.00, 585.00, 2805, 3435, 13365, 59, 81, 43682, 0x0000000000000000
1791332649,273.81, 585.00, 585.00, 2805, 3435, 13365, 58, 89, 44222, 0x0000000000000000
1791332650,268.83, 585.00, 585.00, 2805, 3435, 13365, 56, 94, 44318, 0x0000000000000000
1791332651,273.71, 585.00, 585.00, 2805, 3435, 13365, 57, 88, 43810, 0x0000000000000000
1791332652,270.22, 585.00, 585.00, 2805, 3435, 13365, 57, 84, 43802, 0x0000000000000000
1791332653,270.27, 585.00, 585.00, 2805, 3435, 13365, 57, 80, 44402, 0x0000000000000000
1791332654,274.93, 585.00, 585.00, 2805, 3435, 13365, 57, 79, 44478, 0x0000000000000000
1791332656,273.18, 585.00, 585.00, 2805, 3435, 13365, 57, 77, 45000, 0x0000000000000000
1791332657,273.73, 585.00, 585.00, 2805, 3435, 13365, 57, 77, 45026, 0x0000000000000000
1791332658,264.68, 585.00, 585.00, 2805, 3435, 13365, 58, 76, 43454, 0x0000000000000000
1791332659,273.56, 585.00, 585.00, 2805, 3435, 13365, 58, 78, 43486, 0x0000000000000000
1791332660,268.82, 585.00, 585.00, 2805, 3435, 13365, 59, 73, 44014, 0x0000000000000000
1791332661,268.04, 585.00, 585.00, 2805, 3435, 13365, 60, 74, 44590, 0x0000000000000000
1791332662,271.74, 585.00, 585.00, 2805, 3435, 13365, 58, 90, 44116, 0x0000000000000000
1791332663,276.75, 585.00, 585.00, 2812, 3435, 13365, 59, 86, 43596, 0x0000000000000000
1791332664,266.74, 585.00, 585.00, 2805, 3435, 13365, 58, 74, 44458, 0x0000000000000000
1791332665,235.79, 585.00, 585.00, 2812, 3435, 13365, 57, 76, 44202, 0x0000000000000000
1791332666,194.18, 585.00, 585.00, 2805, 3435, 13365, 57, 30, 43786, 0x0000000000000000
1791332667,107.93, 585.00, 585.00, 2812, 3435, 13365, 54, 10, 43928, 0x0000000000000000
1791332668,94.13, 585.00, 585.00, 2805, 3435, 13365, 54, 7, 44084, 0x0000000000000000
1791332669,88.70, 585.00, 585.00, 2805, 3435, 13365, 53, 6, 44184, 0x0000000000000000
1791332670,78.04, 585.00, 585.00, 2610, 3435, 13365, 53, 0, 44184, 0x0000000000000000
1791332671,170.40, 585.00, 585.00, 2655, 3435, 13365, 57, 99, 88722, 0x0000000000000000
1791332672,201.53, 585.00, 585.00, 2805, 3435, 13365, 55, 93, 88372, 0x0000000000000000
1791332673,276.05, 585.00, 585.00, 2805, 3435, 13365, 55, 93, 87474, 0x0000000000000000
1791332674,261.76, 585.00, 585.00, 2790, 3435, 13365, 57, 95, 89188, 0x0000000000000000
1791332675,282.23, 585.00, 585.00, 2790, 3435, 13365, 56, 91, 88016, 0x0000000000000000
1791332676,276.88, 585.00, 585.00, 2790, 3435, 13365, 56, 61, 87860, 0x0000000000000000
1791332677,276.99, 585.00, 585.00, 2805, 3435, 13365, 59, 69, 89176, 0x0000000000000000
1791332679,277.85, 585.00, 585.00, 2790, 3435, 13365, 58, 79, 87980, 0x0000000000000000
1791332680,270.01, 585.00, 585.00, 2790, 3435, 13365, 57, 96, 89172, 0x0000000000000000
1791332681,298.33, 585.00, 585.00, 2805, 3435, 13365, 60, 78, 88514, 0x0000000000000000
1791332682,288.33, 585.00, 585.00, 2790, 3435, 13365, 57, 79, 89214, 0x0000000000000000
1791332683,284.98, 585.00, 585.00, 2790, 3435, 13365, 57, 84, 87544, 0x0000000000000000
1791332684,297.42, 585.00, 585.00, 2805, 3435, 13365, 60, 93, 88456, 0x0000000000000000
1791332685,288.74, 585.00, 585.00, 2790, 3435, 13365, 58, 78, 89236, 0x0000000000000000
1791332686,299.33, 585.00, 585.00, 2797, 3435, 13365, 60, 90, 89226, 0x0000000000000000
1791332687,285.13, 585.00, 585.00, 2790, 3435, 13365, 58, 79, 87944, 0x0000000000000000
1791332688,293.62, 585.00, 585.00, 2797, 3435, 13365, 61, 84, 87432, 0x0000000000000000
1791332689,282.51, 585.00, 585.00, 2790, 3435, 13365, 58, 84, 89220, 0x0000000000000000
1791332690,290.12, 585.00, 585.00, 2797, 3435, 13365, 60, 78, 87944, 0x0000000000000000
1791332691,274.38, 585.00, 585.00, 2797, 3435, 13365, 58, 83, 88456, 0x0000000000000000
1791332692,285.91, 585.00, 585.00, 2797, 3435, 13365, 61, 79, 89202, 0x0000000000000000
1791332693,287.27, 585.00, 585.00, 2797, 3435, 13365, 58, 92, 88456, 0x0000000000000000
1791332694,294.30, 585.00, 585.00, 2797, 3435, 13365, 60, 81, 88502, 0x0000000000000000
1791332695,287.13, 585.00, 585.00, 2797, 3435, 13365, 58, 91, 89188, 0x0000000000000000
1791332696,290.87, 585.00, 585.00, 2805, 3435, 13365, 61, 81, 89188, 0x0000000000000000
1791332697,286.38, 585.00, 585.00, 2797, 3435, 13365, 58, 94, 87456, 0x0000000000000000
1791332699,277.26, 585.00, 585.00, 2797, 3435, 13365, 61, 77, 87522, 0x0000000000000000
1791332700,284.20, 585.00, 585.00, 2797, 3435, 13365, 58, 97, 87514, 0x0000000000000000
1791332701,282.96, 585.00, 585.00, 2797, 3435, 13365, 61, 76, 88658, 0x0000000000000000
1791332702,285.82, 585.00, 585.00, 2797, 3435, 13365, 58, 91, 88654, 0x0000000000000000
1791332703,285.19, 585.00, 585.00, 2797, 3435, 13365, 59, 78, 87568, 0x0000000000000000
1791332704,283.50, 585.00, 585.00, 2805, 3435, 13365, 61, 81, 88556, 0x0000000000000000
1791332705,283.79, 585.00, 585.00, 2805, 3435, 13365, 59, 95, 88020, 0x0000000000000000
1791332706,281.98, 585.00, 585.00, 2797, 3435, 13365, 58, 83, 87490, 0x0000000000000000
1791332707,277.77, 585.00, 585.00, 2805, 3435, 13365, 59, 77, 87488, 0x0000000000000000
1791332708,274.21, 585.00, 585.00, 2805, 3435, 13365, 60, 93, 88638, 0x0000000000000000
1791332709,277.26, 585.00, 585.00, 2805, 3435, 13365, 58, 89, 88016, 0x0000000000000000
1791332710,267.14, 585.00, 585.00, 2805, 3435, 13365, 59, 62, 88628, 0x0000000000000000
1791332711,270.61, 585.00, 585.00, 2805, 3435, 13365, 61, 80, 88622, 0x0000000000000000
1791332712,280.51, 585.00, 585.00, 2805, 3435, 13365, 60, 92, 88544, 0x0000000000000000
1791332713,264.34, 585.00, 585.00, 2805, 3435, 13365, 59, 76, 87500, 0x0000000000000000
1791332714,278.48, 585.00, 585.00, 2805, 3435, 13365, 60, 77, 87438, 0x0000000000000000
1791332715,274.36, 585.00, 585.00, 2805, 3435, 13365, 58, 72, 87438, 0x0000000000000000
1791332716,269.21, 585.00, 585.00, 2805, 3435, 13365, 58, 85, 88010, 0x0000000000000000
1791332717,270.79, 585.00, 585.00, 2805, 3435, 13365, 59, 76, 88530, 0x0000000000000000
1791332718,276.56, 585.00, 585.00, 2805, 3435, 13365, 59, 77, 88462, 0x0000000000000000
1791332719,271.20, 585.00, 585.00, 2805, 3435, 13365, 61, 78, 87492, 0x0000000000000000
1791332721,274.02, 585.00, 585.00, 2805, 3435, 13365, 61, 83, 88016, 0x0000000000000000
1791332722,273.92, 585.00, 585.00, 2805, 3435, 13365, 60, 90, 87438, 0x0000000000000000
1791332723,275.74, 585.00, 585.00, 2805, 3435, 13365, 59, 94, 87438, 0x0000000000000000
1791332724,283.48, 585.00, 585.00, 2805, 3435, 13365, 58, 93, 88008, 0x0000000000000000
1791332725,248.99, 585.00, 585.00, 2805, 3435, 13365, 60, 77, 87458, 0x0000000000000000
1791332726,275.08, 585.00, 585.00, 2805, 3435, 13365, 62, 78, 88008, 0x0000000000000000
1791332727,273.37, 585.00, 585.00, 2805, 3435, 13365, 61, 82, 88008, 0x0000000000000000
1791332728,277.88, 585.00, 585.00, 2805, 3435, 13365, 58, 92, 88006, 0x0000000000000000
1791332729,275.72, 585.00, 585.00, 2805, 3435, 13365, 60, 91, 88464, 0x0000000000000000
1791332730,266.69, 585.00, 585.00, 2812, 3435, 13365, 59, 85, 88522, 0x0000000000000000
1791332731,278.18, 585.00, 585.00, 2805, 3435, 13365, 59, 89, 88496, 0x0000000000000000
1791332732,276.64, 585.00, 585.00, 2812, 3435, 13365, 59, 90, 88484, 0x0000000000000000
1791332733,256.22, 585.00, 585.00, 2812, 3435, 13365, 59, 76, 87992, 0x0000000000000000
1791332734,277.91, 585.00, 585.00, 2812, 3435, 13365, 59, 84, 88250, 0x0000000000000000
1791332735,254.18, 585.00, 585.00, 2812, 3435, 13365, 59, 71, 87866, 0x0000000000000000
1791332736,205.56, 585.00, 585.00, 2805, 3435, 13365, 58, 63, 87450, 0x0000000000000000
1791332737,98.42, 585.00, 585.00, 2812, 3435, 13365, 55, 10, 87476, 0x0000000000000000
1791332738,92.78, 585.00, 585.00, 2797, 3435, 13365, 55, 7, 87448, 0x0000000000000000
1791332739,90.40, 585.00, 585.00, 2797, 3435, 13365, 55, 12, 87456, 0x0000000000000000
1791332740,97.49, 585.00, 585.00, 2707, 3435, 13365, 55, 9, 87574, 0x0000000000000000
1791332741,89.90, 585.00, 585.00, 2715, 3435, 13365, 54, 10, 87624, 0x0000000000000000
1791332742,75.94, 585.00, 585.00, 2610, 3435, 13365, 53, 0, 87624, 0x0000000000000000
1791332744,149.97, 585.00, 585.00, 2692, 3435, 13365, 56, 95, 87626, 0x0000000000000004
1791332745,187.84, 585.00, 585.00, 2820, 3435, 13365, 54, 43, 37422, 0x0000000000000000
1791332746,83.96, 585.00, 585.00, 2820, 3435, 13365, 53, 0, 37422, 0x0000000000000000
1791332747,80.14, 585.00, 585.00, 2820, 3435, 13365, 53, 0, 37422, 0x0000000000000000
1791332748,74.54, 585.00, 585.00, 2610, 3435, 13365, 52, 0, 37422, 0x0000000000000000
1791332749,74.65, 585.00, 585.00, 2610, 3435, 13365, 52, 0, 37422, 0x0000000000000000
1791332750,80.39, 585.00, 585.00, 2610, 3435, 14001, 52, 0, 4, 0x0000000000000000
1791332751,74.69, 585.00, 585.00, 2610, 3435, 14001, 52, 0, 1, 0x0000000000000000
1791332752,61.38, 585.00, 585.00, 930, 3435, 14001, 51, 0, 1, 0x0000000000000000
1791332753,48.24, 585.00, 585.00, 600, 3435, 14001, 51, 0, 1, 0x0000000000000000
1791332754,40.68, 585.00, 585.00, 525, 3435, 7001, 50, 0, 1, 0x0000000000000000
1791332755,35.62, 585.00, 585.00, 525, 3435, 810, 50, 0, 1, 0x0000000000000000
1791332756,22.25, 585.00, 585.00, 525, 3435, 810, 49, 0, 1, 0x0000000000000000
1791332757,18.73, 585.00, 585.00, 525, 3435, 405, 49, 0, 1, 0x0000000000000000
1791332758,18.73, 585.00, 585.00, 525, 3435, 405, 49, 0, 1, 0x0000000000000000
1791332759,14.51, 585.00, 585.00, 525, 3435, 405, 49, 0, 1, 0x0000000000000000
1791332760,14.51, 585.00, 585.00, 525, 3435, 405, 48, 0, 1, 0x0000000000000000
1791332761,14.68, 585.00, 585.00, 525, 3435, 405, 48, 0, 4, 0x0000000000000000
1791332762,57.59, 585.00, 585.00, 2617, 3435, 13365, 49, 0, 25942, 0x0000000000000000
1791332763,80.78, 585.00, 585.00, 2805, 3435, 13365, 49, 9, 34892, 0x0000000000000000
1791332764,81.15, 585.00, 585.00, 2805, 3435, 13365, 49, 8, 34892, 0x0000000000000000
1791332765,81.07, 585.00, 585.00, 2805, 3435, 13365, 49, 9, 34892, 0x0000000000000000
1791332767,81.19, 585.00, 585.00, 2805, 3435, 13365, 49, 8, 34892, 0x0000000000000000
1791332768,81.18, 585.00, 585.00, 2805, 3435, 13365, 49, 8, 34892, 0x0000000000000000
1791332769,81.10, 585.00, 585.00, 2805, 3435, 13365, 49, 9, 34892, 0x0000000000000000
1791332770,81.16, 585.00, 585.00, 2790, 3435, 13365, 48, 8, 34892, 0x0000000000000000
1791332771,79.95, 585.00, 585.00, 2752, 3435, 13365, 48, 8, 34892, 0x0000000000000000
1791332772,72.20, 585.00, 585.00, 2610, 3435, 13365, 48, 0, 33858, 0x0000000000000000
1791332773,71.82, 585.00, 585.00, 2610, 3435, 13365, 48, 0, 33858, 0x0000000000000000
1791332774,70.87, 585.00, 585.00, 2610, 3435, 13365, 48, 0, 33858, 0x0000000000000000
1791332775,71.04, 585.00, 585.00, 2610, 3435, 13365, 47, 0, 33858, 0x0000000000000000
1791332776,71.14, 585.00, 585.00, 2610, 3435, 13365, 47, 0, 33858, 0x0000000000000000
1791332777,70.91, 585.00, 585.00, 2610, 3435, 13365, 47, 0, 33858, 0x0000000000000000
1791332778,84.22, 585.00, 585.00, 2625, 3435, 13365, 50, 99, 35084, 0x0000000000000000
1791332779,139.53, 585.00, 585.00, 2812, 3435, 13365, 50, 32, 35084, 0x0000000000000000
1791332780,170.12, 585.00, 585.00, 2820, 3435, 13365, 48, 0, 35084, 0x0000000000000000
1791332781,99.94, 585.00, 585.00, 2812, 3435, 13365, 48, 0, 35084, 0x0000000000000000
1791332782,119.53, 585.00, 585.00, 2610, 3435, 13365, 49, 86, 35086, 0x0000000000000000
1791332783,108.67, 585.00, 585.00, 2820, 3435, 13365, 50, 42, 35086, 0x0000000000000000
1791332784,117.25, 585.00, 585.00, 2820, 3435, 13365, 48, 21, 35086, 0x0000000000000000
1791332785,121.11, 585.00, 585.00, 2820, 3435, 13365, 47, 0, 35086, 0x0000000000000000
1791332786,97.70, 585.00, 585.00, 2820, 3435, 13365, 47, 0, 35086, 0x0000000000000000
1791332787,75.31, 585.00, 585.00, 2610, 3435, 13365, 47, 0, 35098, 0x0000000000000000
1791332788,71.39, 585.00, 585.00, 2610, 3435, 13365, 47, 0, 35098, 0x0000000000000000
1791332790,70.89, 585.00, 585.00, 2610, 3435, 13365, 46, 0, 35098, 0x0000000000000000
1791332791,71.00, 585.00, 585.00, 2610, 3435, 13365, 46, 0, 35098, 0x0000000000000000
1791332792,70.94, 585.00, 585.00, 2610, 3435, 13365, 46, 0, 35098, 0x0000000000000000
1791332793,70.94, 585.00, 585.00, 2610, 3435, 13365, 46, 0, 35098, 0x0000000000000000
1791332794,70.66, 585.00, 585.00, 2610, 3435, 13365, 46, 0, 36058, 0x0000000000000000
1791332795,314.77, 585.00, 585.00, 2790, 3435, 13365, 51, 98, 36062, 0x0000000000000000
1791332796,164.27, 585.00, 585.00, 2820, 3435, 13365, 47, 0, 35088, 0x0000000000000000
1791332797,76.55, 585.00, 585.00, 2610, 3435, 13365, 46, 0, 40954, 0x0000000000000000
1791332798,71.39, 585.00, 585.00, 2610, 3435, 13365, 46, 0, 41466, 0x0000000000000000
1791332799,70.52, 585.00, 585.00, 2610, 3435, 13365, 46, 0, 41466, 0x0000000000000000
1791332800,70.52, 585.00, 585.00, 2610, 3435, 13365, 48, 51, 41458, 0x0000000000000000
1791332801,165.24, 585.00, 585.00, 2805, 3435, 13365, 51, 62, 41174, 0x0000000000000000
1791332802,232.63, 585.00, 585.00, 2805, 3435, 13365, 50, 58, 40666, 0x0000000000000000
1791332803,135.96, 585.00, 585.00, 2805, 3435, 13365, 47, 15, 40762, 0x0000000000000000
1791332804,93.69, 585.00, 585.00, 2812, 3435, 13365, 47, 12, 40932, 0x0000000000000000
1791332805,88.22, 585.00, 585.00, 2797, 3435, 13365, 48, 24, 41034, 0x0000000000000000
1791332806,74.55, 585.00, 585.00, 2610, 3435, 13365, 46, 0, 88050, 0x0000000000000000
1791332807,162.88, 585.00, 585.00, 2812, 3435, 13365, 47, 0, 88128, 0x0000000000000000
1791332808,223.29, 585.00, 585.00, 2805, 3435, 13365, 50, 89, 87786, 0x0000000000000000
1791332809,237.97, 585.00, 585.00, 2805, 3435, 13365, 50, 67, 87340, 0x0000000000000000
1791332810,125.65, 585.00, 585.00, 2805, 3435, 13365, 47, 13, 87134, 0x0000000000000000
1791332811,93.32, 585.00, 585.00, 2812, 3435, 13365, 47, 9, 87134, 0x0000000000000000
1791332812,82.32, 585.00, 585.00, 2655, 3435, 13365, 46, 7, 87134, 0x0000000000000000
1791332814,74.57, 585.00, 585.00, 2610, 3435, 13365, 46, 0, 87134, 0x0000000000000000
1791332815,81.64, 585.00, 585.00, 2610, 3435, 13365, 46, 41, 34712, 0x0000000000000000
1791332816,80.71, 585.00, 585.00, 2820, 3435, 13365, 46, 0, 4, 0x0000000000000000
1791332817,83.12, 585.00, 585.00, 2820, 3435, 14001, 46, 65, 4, 0x0000000000000000
1791332818,59.10, 585.00, 585.00, 1110, 3435, 14001, 45, 0, 1, 0x0000000000000000
1791332819,49.45, 585.00, 585.00, 870, 3435, 14001, 45, 0, 1, 0x0000000000000000
1791332820,42.63, 585.00, 585.00, 562, 3435, 7001, 44, 0, 1, 0x0000000000000000
